generation_id,asset_id,site_id,generation_date,energy_mwh,expected_energy_mwh,availability_percent,downtime_hours
G0000001,A00101,S001,2024-01-01,216.03,214.92,100.0,0
G0000002,A00102,S001,2024-01-01,177.69,214.92,83.33,4
G0000003,A00103,S001,2024-01-01,213.53,214.92,100.0,0
G0000004,A00104,S001,2024-01-01,172.45,214.92,100.0,0
G0000005,A00105,S001,2024-01-01,215.65,214.92,100.0,0
G0000006,A00106,S001,2024-01-01,138.99,214.92,100.0,0
G0000007,A00107,S001,2024-01-01,214.8,214.92,100.0,0
G0000008,A00108,S001,2024-01-01,214.33,214.92,100.0,0
G0000009,A00101,S001,2024-01-02,120.91,153.18,100.0,0
G0000010,A00102,S001,2024-01-02,155.0,153.18,100.0,0
G0000011,A00103,S001,2024-01-02,141.21,153.18,100.0,0
G0000012,A00104,S001,2024-01-02,155.01,153.18,100.0,0
G0000013,A00105,S001,2024-01-02,142.86,153.18,100.0,0
G0000014,A00106,S001,2024-01-02,154.01,153.18,100.0,0
G0000015,A00107,S001,2024-01-02,152.64,153.18,100.0,0
G0000016,A00108,S001,2024-01-02,153.9,153.18,100.0,0
G0000017,A00101,S001,2024-01-03,122.66,121.25,100.0,0
G0000018,A00102,S001,2024-01-03,119.58,121.25,100.0,0
G0000019,A00103,S001,2024-01-03,111.77,121.25,91.67,2
G0000020,A00104,S001,2024-01-03,119.59,121.25,100.0,0
G0000021,A00105,S001,2024-01-03,119.77,121.25,100.0,0
G0000022,A00106,S001,2024-01-03,73.9,121.25,91.67,2
G0000023,A00107,S001,2024-01-03,119.33,121.25,100.0,0
G0000024,A00108,S001,2024-01-03,102.11,121.25,83.33,4
G0000025,A00101,S001,2024-01-04,248.49,247.54,100.0,0
G0000026,A00102,S001,2024-01-04,228.21,247.54,100.0,0
G0000027,A00103,S001,2024-01-04,248.31,247.54,100.0,0
G0000028,A00104,S001,2024-01-04,235.4,247.54,95.83,1
G0000029,A00105,S001,2024-01-04,198.47,247.54,100.0,0
G0000030,A00106,S001,2024-01-04,246.5,247.54,100.0,0
G0000031,A00107,S001,2024-01-04,226.51,247.54,100.0,0
G0000032,A00108,S001,2024-01-04,248.62,247.54,100.0,0
G0000033,A00101,S001,2024-01-05,78.18,86.92,100.0,0
G0000034,A00102,S001,2024-01-05,70.38,86.92,100.0,0
G0000035,A00103,S001,2024-01-05,85.56,86.92,100.0,0
G0000036,A00104,S001,2024-01-05,78.34,86.92,100.0,0
G0000037,A00105,S001,2024-01-05,81.69,86.92,100.0,0
G0000038,A00106,S001,2024-01-05,86.47,86.92,100.0,0
G0000039,A00107,S001,2024-01-05,85.32,86.92,100.0,0
G0000040,A00108,S001,2024-01-05,85.08,86.92,100.0,0
G0000041,A00101,S001,2024-01-06,32.26,37.16,100.0,0
G0000042,A00102,S001,2024-01-06,30.16,37.16,100.0,0
G0000043,A00103,S001,2024-01-06,35.65,37.16,100.0,0
G0000044,A00104,S001,2024-01-06,35.41,37.16,100.0,0
G0000045,A00105,S001,2024-01-06,37.69,37.16,100.0,0
G0000046,A00106,S001,2024-01-06,35.17,37.16,100.0,0
G0000047,A00107,S001,2024-01-06,37.83,37.16,100.0,0
G0000048,A00108,S001,2024-01-06,29.9,37.16,100.0,0
G0000049,A00101,S001,2024-01-07,160.74,159.75,100.0,0
G0000050,A00102,S001,2024-01-07,160.38,159.75,100.0,0
G0000051,A00103,S001,2024-01-07,158.29,159.75,100.0,0
G0000052,A00104,S001,2024-01-07,161.07,159.75,100.0,0
G0000053,A00105,S001,2024-01-07,105.23,159.75,66.67,8
G0000054,A00106,S001,2024-01-07,125.95,159.75,100.0,0
G0000055,A00107,S001,2024-01-07,146.24,159.75,100.0,0
G0000056,A00108,S001,2024-01-07,159.65,159.75,100.0,0
G0000057,A00101,S001,2024-01-08,133.02,131.82,100.0,0
G0000058,A00102,S001,2024-01-08,133.65,131.82,100.0,0
G0000059,A00103,S001,2024-01-08,131.29,131.82,100.0,0
G0000060,A00104,S001,2024-01-08,131.52,131.82,100.0,0
G0000061,A00105,S001,2024-01-08,65.09,131.82,50.0,12
G0000062,A00106,S001,2024-01-08,131.61,131.82,100.0,0
G0000063,A00107,S001,2024-01-08,131.61,131.82,100.0,0
G0000064,A00108,S001,2024-01-08,120.58,131.82,91.67,2
G0000065,A00101,S001,2024-01-09,188.8,190.16,100.0,0
G0000066,A00102,S001,2024-01-09,189.91,190.16,100.0,0
G0000067,A00103,S001,2024-01-09,189.61,190.16,100.0,0
G0000068,A00104,S001,2024-01-09,189.96,190.16,100.0,0
G0000069,A00105,S001,2024-01-09,188.71,190.16,100.0,0
G0000070,A00106,S001,2024-01-09,192.0,190.16,100.0,0
G0000071,A00107,S001,2024-01-09,191.81,190.16,100.0,0
G0000072,A00108,S001,2024-01-09,189.02,190.16,100.0,0
G0000073,A00101,S001,2024-01-10,72.96,72.1,100.0,0
G0000074,A00102,S001,2024-01-10,59.63,72.1,100.0,0
G0000075,A00103,S001,2024-01-10,71.27,72.1,100.0,0
G0000076,A00104,S001,2024-01-10,72.91,72.1,100.0,0
G0000077,A00105,S001,2024-01-10,74.05,72.1,100.0,0
G0000078,A00106,S001,2024-01-10,71.55,72.1,100.0,0
G0000079,A00107,S001,2024-01-10,45.39,72.1,100.0,0
G0000080,A00108,S001,2024-01-10,72.97,72.1,100.0,0
G0000081,A00101,S001,2024-01-11,99.93,100.07,100.0,0
G0000082,A00102,S001,2024-01-11,92.27,100.07,100.0,0
G0000083,A00103,S001,2024-01-11,100.08,100.07,100.0,0
G0000084,A00104,S001,2024-01-11,99.29,100.07,100.0,0
G0000085,A00105,S001,2024-01-11,93.52,100.07,91.67,2
G0000086,A00106,S001,2024-01-11,98.86,100.07,100.0,0
G0000087,A00107,S001,2024-01-11,100.53,100.07,100.0,0
G0000088,A00108,S001,2024-01-11,100.39,100.07,100.0,0
G0000089,A00101,S001,2024-01-12,48.64,54.69,100.0,0
G0000090,A00102,S001,2024-01-12,53.54,54.69,100.0,0
G0000091,A00103,S001,2024-01-12,56.25,54.69,100.0,0
G0000092,A00104,S001,2024-01-12,53.67,54.69,100.0,0
G0000093,A00105,S001,2024-01-12,55.45,54.69,100.0,0
G0000094,A00106,S001,2024-01-12,54.06,54.69,100.0,0
G0000095,A00107,S001,2024-01-12,54.37,54.69,95.83,1
G0000096,A00108,S001,2024-01-12,54.75,54.69,100.0,0
G0000097,A00101,S001,2024-01-13,148.22,183.45,100.0,0
G0000098,A00102,S001,2024-01-13,141.9,183.45,83.33,4
G0000099,A00103,S001,2024-01-13,182.09,183.45,100.0,0
G0000100,A00104,S001,2024-01-13,168.77,183.45,100.0,0
G0000101,A00105,S001,2024-01-13,182.42,183.45,100.0,0
G0000102,A00106,S001,2024-01-13,183.84,183.45,100.0,0
G0000103,A00107,S001,2024-01-13,181.49,183.45,100.0,0
G0000104,A00108,S001,2024-01-13,182.92,183.45,100.0,0
G0000105,A00101,S001,2024-01-14,214.99,215.19,100.0,0
G0000106,A00102,S001,2024-01-14,215.63,215.19,100.0,0
G0000107,A00103,S001,2024-01-14,217.14,215.19,100.0,0
G0000108,A00104,S001,2024-01-14,215.6,215.19,100.0,0
G0000109,A00105,S001,2024-01-14,216.04,215.19,100.0,0
G0000110,A00106,S001,2024-01-14,216.76,215.19,100.0,0
G0000111,A00107,S001,2024-01-14,196.83,215.19,91.67,2
G0000112,A00108,S001,2024-01-14,215.22,215.19,100.0,0
G0000113,A00101,S001,2024-01-15,69.63,69.96,100.0,0
G0000114,A00102,S001,2024-01-15,62.2,69.96,95.83,1
G0000115,A00103,S001,2024-01-15,71.85,69.96,100.0,0
G0000116,A00104,S001,2024-01-15,69.88,69.96,100.0,0
G0000117,A00105,S001,2024-01-15,69.48,69.96,100.0,0
G0000118,A00106,S001,2024-01-15,70.76,69.96,100.0,0
G0000119,A00107,S001,2024-01-15,69.61,69.96,100.0,0
G0000120,A00108,S001,2024-01-15,69.85,69.96,100.0,0
G0000121,A00101,S001,2024-01-16,78.44,157.87,50.0,12
G0000122,A00102,S001,2024-01-16,158.06,157.87,100.0,0
G0000123,A00103,S001,2024-01-16,152.51,157.87,95.83,1
G0000124,A00104,S001,2024-01-16,125.41,157.87,100.0,0
G0000125,A00105,S001,2024-01-16,95.15,157.87,91.67,2
G0000126,A00106,S001,2024-01-16,157.79,157.87,100.0,0
G0000127,A00107,S001,2024-01-16,143.87,157.87,91.67,2
G0000128,A00108,S001,2024-01-16,144.82,157.87,100.0,0
G0000129,A00101,S001,2024-01-17,152.11,189.36,100.0,0
G0000130,A00102,S001,2024-01-17,173.3,189.36,100.0,0
G0000131,A00103,S001,2024-01-17,190.33,189.36,100.0,0
G0000132,A00104,S001,2024-01-17,173.12,189.36,100.0,0
G0000133,A00105,S001,2024-01-17,189.25,189.36,100.0,0
G0000134,A00106,S001,2024-01-17,153.4,189.36,100.0,0
G0000135,A00107,S001,2024-01-17,174.12,189.36,100.0,0
G0000136,A00108,S001,2024-01-17,188.51,189.36,100.0,0
G0000137,A00101,S001,2024-01-18,200.89,199.21,100.0,0
G0000138,A00102,S001,2024-01-18,157.51,199.21,100.0,0
G0000139,A00103,S001,2024-01-18,200.2,199.21,100.0,0
G0000140,A00104,S001,2024-01-18,198.4,199.21,100.0,0
G0000141,A00105,S001,2024-01-18,182.42,199.21,91.67,2
G0000142,A00106,S001,2024-01-18,181.81,199.21,100.0,0
G0000143,A00107,S001,2024-01-18,198.53,199.21,100.0,0
G0000144,A00108,S001,2024-01-18,197.26,199.21,100.0,0
G0000145,A00101,S001,2024-01-19,138.64,138.93,100.0,0
G0000146,A00102,S001,2024-01-19,140.85,138.93,100.0,0
G0000147,A00103,S001,2024-01-19,126.88,138.93,91.67,2
G0000148,A00104,S001,2024-01-19,139.26,138.93,100.0,0
G0000149,A00105,S001,2024-01-19,137.87,138.93,100.0,0
G0000150,A00106,S001,2024-01-19,139.67,138.93,100.0,0
G0000151,A00107,S001,2024-01-19,133.9,138.93,95.83,1
G0000152,A00108,S001,2024-01-19,126.23,138.93,91.67,2
G0000153,A00101,S001,2024-01-20,77.64,83.27,100.0,0
G0000154,A00102,S001,2024-01-20,84.0,83.27,100.0,0
G0000155,A00103,S001,2024-01-20,83.39,83.27,100.0,0
G0000156,A00104,S001,2024-01-20,77.65,83.27,91.67,2
G0000157,A00105,S001,2024-01-20,81.93,83.27,100.0,0
G0000158,A00106,S001,2024-01-20,84.14,83.27,100.0,0
G0000159,A00107,S001,2024-01-20,78.03,83.27,95.83,1
G0000160,A00108,S001,2024-01-20,83.51,83.27,100.0,0
G0000161,A00101,S001,2024-01-21,172.44,172.75,100.0,0
G0000162,A00102,S001,2024-01-21,174.32,172.75,100.0,0
G0000163,A00103,S001,2024-01-21,171.47,172.75,100.0,0
G0000164,A00104,S001,2024-01-21,174.6,172.75,100.0,0
G0000165,A00105,S001,2024-01-21,167.22,172.75,95.83,1
G0000166,A00106,S001,2024-01-21,139.69,172.75,100.0,0
G0000167,A00107,S001,2024-01-21,167.52,172.75,95.83,1
G0000168,A00108,S001,2024-01-21,139.54,172.75,100.0,0
G0000169,A00101,S001,2024-01-22,316.95,317.11,100.0,0
G0000170,A00102,S001,2024-01-22,292.8,317.11,100.0,0
G0000171,A00103,S001,2024-01-22,318.85,317.11,100.0,0
G0000172,A00104,S001,2024-01-22,317.48,317.11,100.0,0
G0000173,A00105,S001,2024-01-22,290.72,317.11,100.0,0
G0000174,A00106,S001,2024-01-22,318.12,317.11,100.0,0
G0000175,A00107,S001,2024-01-22,205.06,317.11,100.0,0
G0000176,A00108,S001,2024-01-22,318.2,317.11,100.0,0
G0000177,A00101,S001,2024-01-23,199.15,198.92,100.0,0
G0000178,A00102,S001,2024-01-23,199.63,198.92,100.0,0
G0000179,A00103,S001,2024-01-23,199.49,198.92,100.0,0
G0000180,A00104,S001,2024-01-23,198.55,198.92,100.0,0
G0000181,A00105,S001,2024-01-23,197.88,198.92,100.0,0
G0000182,A00106,S001,2024-01-23,198.77,198.92,100.0,0
G0000183,A00107,S001,2024-01-23,199.04,198.92,100.0,0
G0000184,A00108,S001,2024-01-23,197.23,198.92,100.0,0
G0000185,A00101,S001,2024-01-24,99.44,101.28,100.0,0
G0000186,A00102,S001,2024-01-24,101.97,101.28,100.0,0
G0000187,A00103,S001,2024-01-24,92.39,101.28,100.0,0
G0000188,A00104,S001,2024-01-24,102.25,101.28,100.0,0
G0000189,A00105,S001,2024-01-24,93.96,101.28,100.0,0
G0000190,A00106,S001,2024-01-24,100.57,101.28,100.0,0
G0000191,A00107,S001,2024-01-24,100.52,101.28,100.0,0
G0000192,A00108,S001,2024-01-24,98.28,101.28,95.83,1
G0000193,A00101,S001,2024-01-25,173.47,187.5,100.0,0
G0000194,A00102,S001,2024-01-25,188.38,187.5,100.0,0
G0000195,A00103,S001,2024-01-25,187.78,187.5,100.0,0
G0000196,A00104,S001,2024-01-25,149.35,187.5,100.0,0
G0000197,A00105,S001,2024-01-25,188.46,187.5,100.0,0
G0000198,A00106,S001,2024-01-25,186.06,187.5,100.0,0
G0000199,A00107,S001,2024-01-25,174.47,187.5,100.0,0
G0000200,A00108,S001,2024-01-25,170.8,187.5,100.0,0
G0000201,A00101,S001,2024-01-26,191.15,192.28,100.0,0
G0000202,A00102,S001,2024-01-26,194.01,192.28,100.0,0
G0000203,A00103,S001,2024-01-26,192.41,192.28,100.0,0
G0000204,A00104,S001,2024-01-26,192.42,192.28,100.0,0
G0000205,A00105,S001,2024-01-26,192.0,192.28,100.0,0
G0000206,A00106,S001,2024-01-26,176.99,192.28,100.0,0
G0000207,A00107,S001,2024-01-26,191.7,192.28,100.0,0
G0000208,A00108,S001,2024-01-26,153.66,192.28,100.0,0
G0000209,A00101,S001,2024-01-27,99.86,152.6,66.67,8
G0000210,A00102,S001,2024-01-27,153.15,152.6,100.0,0
G0000211,A00103,S001,2024-01-27,140.97,152.6,100.0,0
G0000212,A00104,S001,2024-01-27,103.31,152.6,83.33,4
G0000213,A00105,S001,2024-01-27,141.16,152.6,100.0,0
G0000214,A00106,S001,2024-01-27,122.82,152.6,100.0,0
G0000215,A00107,S001,2024-01-27,151.32,152.6,100.0,0
G0000216,A00108,S001,2024-01-27,151.18,152.6,100.0,0
G0000217,A00101,S001,2024-01-28,277.84,301.23,100.0,0
G0000218,A00102,S001,2024-01-28,302.39,301.23,100.0,0
G0000219,A00103,S001,2024-01-28,300.61,301.23,100.0,0
G0000220,A00104,S001,2024-01-28,301.65,301.23,100.0,0
G0000221,A00105,S001,2024-01-28,240.29,301.23,100.0,0
G0000222,A00106,S001,2024-01-28,300.14,301.23,100.0,0
G0000223,A00107,S001,2024-01-28,301.57,301.23,100.0,0
G0000224,A00108,S001,2024-01-28,300.22,301.23,100.0,0
G0000225,A00101,S001,2024-01-29,167.47,169.11,100.0,0
G0000226,A00102,S001,2024-01-29,167.52,169.11,100.0,0
G0000227,A00103,S001,2024-01-29,169.16,169.11,100.0,0
G0000228,A00104,S001,2024-01-29,169.5,169.11,100.0,0
G0000229,A00105,S001,2024-01-29,161.72,169.11,95.83,1
G0000230,A00106,S001,2024-01-29,171.08,169.11,100.0,0
G0000231,A00107,S001,2024-01-29,167.79,169.11,100.0,0
G0000232,A00108,S001,2024-01-29,167.78,169.11,100.0,0
G0000233,A00101,S001,2024-01-30,128.51,128.05,100.0,0
G0000234,A00102,S001,2024-01-30,127.63,128.05,100.0,0
G0000235,A00103,S001,2024-01-30,117.56,128.05,100.0,0
G0000236,A00104,S001,2024-01-30,128.42,128.05,100.0,0
G0000237,A00105,S001,2024-01-30,127.96,128.05,100.0,0
G0000238,A00106,S001,2024-01-30,128.99,128.05,100.0,0
G0000239,A00107,S001,2024-01-30,106.01,128.05,83.33,4
G0000240,A00108,S001,2024-01-30,129.77,128.05,100.0,0
G0000241,A00101,S001,2024-01-31,201.83,253.73,100.0,0
G0000242,A00102,S001,2024-01-31,255.13,253.73,100.0,0
G0000243,A00103,S001,2024-01-31,252.95,253.73,100.0,0
G0000244,A00104,S001,2024-01-31,253.24,253.73,100.0,0
G0000245,A00105,S001,2024-01-31,253.87,253.73,100.0,0
G0000246,A00106,S001,2024-01-31,241.31,253.73,95.83,1
G0000247,A00107,S001,2024-01-31,254.11,253.73,100.0,0
G0000248,A00108,S001,2024-01-31,254.39,253.73,100.0,0
G0000249,A00101,S001,2024-02-01,77.58,91.67,83.33,4
G0000250,A00102,S001,2024-02-01,92.66,91.67,100.0,0
G0000251,A00103,S001,2024-02-01,91.17,91.67,100.0,0
G0000252,A00104,S001,2024-02-01,90.28,91.67,100.0,0
G0000253,A00105,S001,2024-02-01,93.36,91.67,100.0,0
G0000254,A00106,S001,2024-02-01,91.07,91.67,100.0,0
G0000255,A00107,S001,2024-02-01,91.07,91.67,100.0,0
G0000256,A00108,S001,2024-02-01,89.94,91.67,100.0,0
G0000257,A00101,S001,2024-02-02,141.06,175.13,100.0,0
G0000258,A00102,S001,2024-02-02,174.83,175.13,100.0,0
G0000259,A00103,S001,2024-02-02,173.87,175.13,100.0,0
G0000260,A00104,S001,2024-02-02,176.66,175.13,100.0,0
G0000261,A00105,S001,2024-02-02,173.99,175.13,100.0,0
G0000262,A00106,S001,2024-02-02,175.44,175.13,100.0,0
G0000263,A00107,S001,2024-02-02,173.92,175.13,100.0,0
G0000264,A00108,S001,2024-02-02,176.99,175.13,100.0,0
G0000265,A00101,S001,2024-02-03,109.28,108.58,100.0,0
G0000266,A00102,S001,2024-02-03,100.22,108.58,91.67,2
G0000267,A00103,S001,2024-02-03,108.07,108.58,100.0,0
G0000268,A00104,S001,2024-02-03,108.88,108.58,100.0,0
G0000269,A00105,S001,2024-02-03,110.26,108.58,100.0,0
G0000270,A00106,S001,2024-02-03,107.74,108.58,100.0,0
G0000271,A00107,S001,2024-02-03,110.04,108.58,100.0,0
G0000272,A00108,S001,2024-02-03,108.12,108.58,100.0,0
G0000273,A00101,S001,2024-02-04,123.91,123.65,100.0,0
G0000274,A00102,S001,2024-02-04,122.55,123.65,100.0,0
G0000275,A00103,S001,2024-02-04,124.74,123.65,100.0,0
G0000276,A00104,S001,2024-02-04,122.72,123.65,100.0,0
G0000277,A00105,S001,2024-02-04,83.46,123.65,66.67,8
G0000278,A00106,S001,2024-02-04,123.35,123.65,100.0,0
G0000279,A00107,S001,2024-02-04,125.15,123.65,100.0,0
G0000280,A00108,S001,2024-02-04,112.11,123.65,100.0,0
G0000281,A00101,S001,2024-02-05,315.08,342.0,100.0,0
G0000282,A00102,S001,2024-02-05,343.25,342.0,100.0,0
G0000283,A00103,S001,2024-02-05,342.39,342.0,100.0,0
G0000284,A00104,S001,2024-02-05,285.29,342.0,83.33,4
G0000285,A00105,S001,2024-02-05,315.9,342.0,100.0,0
G0000286,A00106,S001,2024-02-05,340.24,342.0,100.0,0
G0000287,A00107,S001,2024-02-05,340.53,342.0,100.0,0
G0000288,A00108,S001,2024-02-05,343.37,342.0,100.0,0
G0000289,A00101,S001,2024-02-06,288.22,287.14,100.0,0
G0000290,A00102,S001,2024-02-06,288.65,287.14,100.0,0
G0000291,A00103,S001,2024-02-06,288.62,287.14,100.0,0
G0000292,A00104,S001,2024-02-06,230.25,287.14,100.0,0
G0000293,A00105,S001,2024-02-06,286.73,287.14,100.0,0
G0000294,A00106,S001,2024-02-06,286.43,287.14,100.0,0
G0000295,A00107,S001,2024-02-06,288.55,287.14,100.0,0
G0000296,A00108,S001,2024-02-06,273.36,287.14,95.83,1
G0000297,A00101,S001,2024-02-07,123.69,190.74,100.0,0
G0000298,A00102,S001,2024-02-07,167.38,190.74,95.83,1
G0000299,A00103,S001,2024-02-07,182.23,190.74,95.83,1
G0000300,A00104,S001,2024-02-07,188.95,190.74,100.0,0
G0000301,A00105,S001,2024-02-07,190.46,190.74,100.0,0
G0000302,A00106,S001,2024-02-07,189.05,190.74,100.0,0
G0000303,A00107,S001,2024-02-07,188.77,190.74,100.0,0
G0000304,A00108,S001,2024-02-07,176.26,190.74,100.0,0
G0000305,A00101,S001,2024-02-08,186.27,186.74,100.0,0
G0000306,A00102,S001,2024-02-08,179.67,186.74,95.83,1
G0000307,A00103,S001,2024-02-08,185.39,186.74,100.0,0
G0000308,A00104,S001,2024-02-08,188.42,186.74,100.0,0
G0000309,A00105,S001,2024-02-08,188.32,186.74,100.0,0
G0000310,A00106,S001,2024-02-08,186.14,186.74,100.0,0
G0000311,A00107,S001,2024-02-08,187.32,186.74,100.0,0
G0000312,A00108,S001,2024-02-08,185.88,186.74,100.0,0
G0000313,A00101,S001,2024-02-09,341.57,342.0,100.0,0
G0000314,A00102,S001,2024-02-09,340.96,342.0,100.0,0
G0000315,A00103,S001,2024-02-09,340.28,342.0,100.0,0
G0000316,A00104,S001,2024-02-09,341.27,342.0,100.0,0
G0000317,A00105,S001,2024-02-09,342.19,342.0,100.0,0
G0000318,A00106,S001,2024-02-09,220.59,342.0,100.0,0
G0000319,A00107,S001,2024-02-09,343.69,342.0,100.0,0
G0000320,A00108,S001,2024-02-09,342.85,342.0,100.0,0
G0000321,A00101,S001,2024-02-10,95.99,97.67,100.0,0
G0000322,A00102,S001,2024-02-10,80.7,97.67,83.33,4
G0000323,A00103,S001,2024-02-10,98.25,97.67,100.0,0
G0000324,A00104,S001,2024-02-10,77.09,97.67,100.0,0
G0000325,A00105,S001,2024-02-10,89.98,97.67,91.67,2
G0000326,A00106,S001,2024-02-10,96.38,97.67,100.0,0
G0000327,A00107,S001,2024-02-10,97.66,97.67,100.0,0
G0000328,A00108,S001,2024-02-10,88.9,97.67,100.0,0
G0000329,A00101,S001,2024-02-11,172.53,180.32,95.83,1
G0000330,A00102,S001,2024-02-11,144.77,180.32,100.0,0
G0000331,A00103,S001,2024-02-11,181.76,180.32,100.0,0
G0000332,A00104,S001,2024-02-11,181.9,180.32,100.0,0
G0000333,A00105,S001,2024-02-11,178.33,180.32,100.0,0
G0000334,A00106,S001,2024-02-11,179.78,180.32,100.0,0
G0000335,A00107,S001,2024-02-11,142.4,180.32,100.0,0
G0000336,A00108,S001,2024-02-11,179.22,180.32,100.0,0
G0000337,A00101,S001,2024-02-12,268.38,270.17,100.0,0
G0000338,A00102,S001,2024-02-12,269.78,270.17,100.0,0
G0000339,A00103,S001,2024-02-12,258.16,270.17,95.83,1
G0000340,A00104,S001,2024-02-12,269.34,270.17,100.0,0
G0000341,A00105,S001,2024-02-12,269.64,270.17,100.0,0
G0000342,A00106,S001,2024-02-12,136.02,270.17,50.0,12
G0000343,A00107,S001,2024-02-12,271.9,270.17,100.0,0
G0000344,A00108,S001,2024-02-12,270.95,270.17,100.0,0
G0000345,A00101,S001,2024-02-13,175.58,173.59,100.0,0
G0000346,A00102,S001,2024-02-13,140.46,173.59,100.0,0
G0000347,A00103,S001,2024-02-13,175.49,173.59,100.0,0
G0000348,A00104,S001,2024-02-13,174.87,173.59,100.0,0
G0000349,A00105,S001,2024-02-13,175.45,173.59,100.0,0
G0000350,A00106,S001,2024-02-13,174.8,173.59,100.0,0
G0000351,A00107,S001,2024-02-13,172.68,173.59,100.0,0
G0000352,A00108,S001,2024-02-13,173.93,173.59,100.0,0
G0000353,A00101,S001,2024-02-14,204.87,246.76,83.33,4
G0000354,A00102,S001,2024-02-14,247.51,246.76,100.0,0
G0000355,A00103,S001,2024-02-14,248.11,246.76,100.0,0
G0000356,A00104,S001,2024-02-14,246.19,246.76,100.0,0
G0000357,A00105,S001,2024-02-14,248.73,246.76,100.0,0
G0000358,A00106,S001,2024-02-14,247.76,246.76,100.0,0
G0000359,A00107,S001,2024-02-14,245.32,246.76,100.0,0
G0000360,A00108,S001,2024-02-14,247.34,246.76,100.0,0
G0000361,A00101,S001,2024-02-15,161.44,170.01,95.83,1
G0000362,A00102,S001,2024-02-15,168.18,170.01,100.0,0
G0000363,A00103,S001,2024-02-15,171.3,170.01,100.0,0
G0000364,A00104,S001,2024-02-15,168.7,170.01,100.0,0
G0000365,A00105,S001,2024-02-15,171.55,170.01,100.0,0
G0000366,A00106,S001,2024-02-15,169.19,170.01,100.0,0
G0000367,A00107,S001,2024-02-15,169.13,170.01,100.0,0
G0000368,A00108,S001,2024-02-15,156.51,170.01,100.0,0
G0000369,A00101,S001,2024-02-16,246.58,246.64,100.0,0
G0000370,A00102,S001,2024-02-16,245.36,246.64,100.0,0
G0000371,A00103,S001,2024-02-16,228.02,246.64,100.0,0
G0000372,A00104,S001,2024-02-16,165.49,246.64,66.67,8
G0000373,A00105,S001,2024-02-16,206.16,246.64,83.33,4
G0000374,A00106,S001,2024-02-16,225.13,246.64,100.0,0
G0000375,A00107,S001,2024-02-16,228.1,246.64,100.0,0
G0000376,A00108,S001,2024-02-16,225.61,246.64,100.0,0
G0000377,A00101,S001,2024-02-17,193.8,241.94,100.0,0
G0000378,A00102,S001,2024-02-17,158.79,241.94,100.0,0
G0000379,A00103,S001,2024-02-17,240.3,241.94,100.0,0
G0000380,A00104,S001,2024-02-17,239.94,241.94,100.0,0
G0000381,A00105,S001,2024-02-17,242.8,241.94,100.0,0
G0000382,A00106,S001,2024-02-17,240.02,241.94,100.0,0
G0000383,A00107,S001,2024-02-17,223.16,241.94,91.67,2
G0000384,A00108,S001,2024-02-17,203.38,241.94,83.33,4
G0000385,A00101,S001,2024-02-18,240.56,260.41,91.67,2
G0000386,A00102,S001,2024-02-18,209.11,260.41,100.0,0
G0000387,A00103,S001,2024-02-18,260.77,260.41,100.0,0
G0000388,A00104,S001,2024-02-18,258.92,260.41,100.0,0
G0000389,A00105,S001,2024-02-18,190.54,260.41,91.67,2
G0000390,A00106,S001,2024-02-18,217.42,260.41,83.33,4
G0000391,A00107,S001,2024-02-18,217.27,260.41,83.33,4
G0000392,A00108,S001,2024-02-18,259.37,260.41,100.0,0
G0000393,A00101,S001,2024-02-19,281.48,306.19,100.0,0
G0000394,A00102,S001,2024-02-19,305.21,306.19,100.0,0
G0000395,A00103,S001,2024-02-19,307.12,306.19,100.0,0
G0000396,A00104,S001,2024-02-19,292.94,306.19,95.83,1
G0000397,A00105,S001,2024-02-19,307.64,306.19,100.0,0
G0000398,A00106,S001,2024-02-19,304.48,306.19,100.0,0
G0000399,A00107,S001,2024-02-19,307.99,306.19,100.0,0
G0000400,A00108,S001,2024-02-19,307.11,306.19,100.0,0
G0000401,A00101,S001,2024-02-20,222.03,220.26,100.0,0
G0000402,A00102,S001,2024-02-20,209.49,220.26,95.83,1
G0000403,A00103,S001,2024-02-20,221.15,220.26,100.0,0
G0000404,A00104,S001,2024-02-20,219.21,220.26,100.0,0
G0000405,A00105,S001,2024-02-20,201.26,220.26,100.0,0
G0000406,A00106,S001,2024-02-20,220.91,220.26,100.0,0
G0000407,A00107,S001,2024-02-20,218.95,220.26,100.0,0
G0000408,A00108,S001,2024-02-20,201.88,220.26,100.0,0
G0000409,A00101,S001,2024-02-21,53.16,58.35,100.0,0
G0000410,A00102,S001,2024-02-21,57.26,58.35,100.0,0
G0000411,A00103,S001,2024-02-21,59.02,58.35,100.0,0
G0000412,A00104,S001,2024-02-21,60.23,58.35,100.0,0
G0000413,A00105,S001,2024-02-21,54.96,58.35,100.0,0
G0000414,A00106,S001,2024-02-21,53.58,58.35,100.0,0
G0000415,A00107,S001,2024-02-21,59.96,58.35,100.0,0
G0000416,A00108,S001,2024-02-21,54.89,58.35,100.0,0
G0000417,A00101,S001,2024-02-22,77.82,143.6,66.67,8
G0000418,A00102,S001,2024-02-22,93.08,143.6,100.0,0
G0000419,A00103,S001,2024-02-22,131.14,143.6,100.0,0
G0000420,A00104,S001,2024-02-22,131.18,143.6,91.67,2
G0000421,A00105,S001,2024-02-22,143.43,143.6,100.0,0
G0000422,A00106,S001,2024-02-22,143.69,143.6,100.0,0
G0000423,A00107,S001,2024-02-22,143.95,143.6,100.0,0
G0000424,A00108,S001,2024-02-22,105.56,143.6,91.67,2
G0000425,A00101,S001,2024-02-23,152.68,152.25,100.0,0
G0000426,A00102,S001,2024-02-23,152.68,152.25,100.0,0
G0000427,A00103,S001,2024-02-23,139.39,152.25,100.0,0
G0000428,A00104,S001,2024-02-23,123.39,152.25,100.0,0
G0000429,A00105,S001,2024-02-23,151.37,152.25,100.0,0
G0000430,A00106,S001,2024-02-23,153.72,152.25,100.0,0
G0000431,A00107,S001,2024-02-23,128.18,152.25,83.33,4
G0000432,A00108,S001,2024-02-23,151.0,152.25,100.0,0
G0000433,A00101,S001,2024-02-24,266.01,267.38,100.0,0
G0000434,A00102,S001,2024-02-24,268.78,267.38,100.0,0
G0000435,A00103,S001,2024-02-24,268.71,267.38,100.0,0
G0000436,A00104,S001,2024-02-24,269.05,267.38,100.0,0
G0000437,A00105,S001,2024-02-24,246.01,267.38,100.0,0
G0000438,A00106,S001,2024-02-24,266.87,267.38,100.0,0
G0000439,A00107,S001,2024-02-24,246.33,267.38,100.0,0
G0000440,A00108,S001,2024-02-24,246.98,267.38,100.0,0
G0000441,A00101,S001,2024-02-25,122.03,158.4,83.33,4
G0000442,A00102,S001,2024-02-25,156.48,158.4,100.0,0
G0000443,A00103,S001,2024-02-25,160.04,158.4,100.0,0
G0000444,A00104,S001,2024-02-25,157.41,158.4,100.0,0
G0000445,A00105,S001,2024-02-25,127.29,158.4,100.0,0
G0000446,A00106,S001,2024-02-25,157.4,158.4,100.0,0
G0000447,A00107,S001,2024-02-25,145.31,158.4,100.0,0
G0000448,A00108,S001,2024-02-25,159.77,158.4,100.0,0
G0000449,A00101,S001,2024-02-26,67.96,103.69,100.0,0
G0000450,A00102,S001,2024-02-26,105.26,103.69,100.0,0
G0000451,A00103,S001,2024-02-26,105.28,103.69,100.0,0
G0000452,A00104,S001,2024-02-26,104.33,103.69,100.0,0
G0000453,A00105,S001,2024-02-26,105.68,103.69,100.0,0
G0000454,A00106,S001,2024-02-26,101.83,103.69,100.0,0
G0000455,A00107,S001,2024-02-26,104.59,103.69,100.0,0
G0000456,A00108,S001,2024-02-26,105.31,103.69,100.0,0
G0000457,A00101,S001,2024-02-27,32.26,33.75,100.0,0
G0000458,A00102,S001,2024-02-27,32.48,33.75,100.0,0
G0000459,A00103,S001,2024-02-27,33.17,33.75,100.0,0
G0000460,A00104,S001,2024-02-27,33.07,33.75,100.0,0
G0000461,A00105,S001,2024-02-27,30.93,33.75,100.0,0
G0000462,A00106,S001,2024-02-27,25.28,33.75,100.0,0
G0000463,A00107,S001,2024-02-27,30.58,33.75,100.0,0
G0000464,A00108,S001,2024-02-27,29.6,33.75,100.0,0
G0000465,A00101,S001,2024-02-28,84.31,83.2,100.0,0
G0000466,A00102,S001,2024-02-28,83.73,83.2,100.0,0
G0000467,A00103,S001,2024-02-28,84.31,83.2,100.0,0
G0000468,A00104,S001,2024-02-28,82.91,83.2,100.0,0
G0000469,A00105,S001,2024-02-28,84.12,83.2,100.0,0
G0000470,A00106,S001,2024-02-28,79.85,83.2,95.83,1
G0000471,A00107,S001,2024-02-28,82.1,83.2,100.0,0
G0000472,A00108,S001,2024-02-28,83.21,83.2,100.0,0
G0000473,A00101,S001,2024-02-29,211.4,211.66,100.0,0
G0000474,A00102,S001,2024-02-29,137.54,211.66,100.0,0
G0000475,A00103,S001,2024-02-29,195.98,211.66,100.0,0
G0000476,A00104,S001,2024-02-29,136.43,211.66,100.0,0
G0000477,A00105,S001,2024-02-29,212.51,211.66,100.0,0
G0000478,A00106,S001,2024-02-29,212.75,211.66,100.0,0
G0000479,A00107,S001,2024-02-29,210.1,211.66,100.0,0
G0000480,A00108,S001,2024-02-29,211.44,211.66,100.0,0
G0000481,A00101,S001,2024-03-01,176.2,177.79,100.0,0
G0000482,A00102,S001,2024-03-01,177.47,177.79,100.0,0
G0000483,A00103,S001,2024-03-01,176.92,177.79,100.0,0
G0000484,A00104,S001,2024-03-01,178.9,177.79,100.0,0
G0000485,A00105,S001,2024-03-01,147.8,177.79,83.33,4
G0000486,A00106,S001,2024-03-01,164.32,177.79,100.0,0
G0000487,A00107,S001,2024-03-01,176.15,177.79,100.0,0
G0000488,A00108,S001,2024-03-01,179.59,177.79,100.0,0
G0000489,A00101,S001,2024-03-02,272.66,342.0,100.0,0
G0000490,A00102,S001,2024-03-02,316.05,342.0,100.0,0
G0000491,A00103,S001,2024-03-02,340.46,342.0,100.0,0
G0000492,A00104,S001,2024-03-02,326.3,342.0,95.83,1
G0000493,A00105,S001,2024-03-02,316.46,342.0,100.0,0
G0000494,A00106,S001,2024-03-02,341.37,342.0,100.0,0
G0000495,A00107,S001,2024-03-02,343.34,342.0,100.0,0
G0000496,A00108,S001,2024-03-02,343.54,342.0,100.0,0
G0000497,A00101,S001,2024-03-03,288.89,314.09,100.0,0
G0000498,A00102,S001,2024-03-03,315.21,314.09,100.0,0
G0000499,A00103,S001,2024-03-03,277.83,314.09,95.83,1
G0000500,A00104,S001,2024-03-03,315.64,314.09,100.0,0
G0000501,A00105,S001,2024-03-03,312.14,314.09,100.0,0
G0000502,A00106,S001,2024-03-03,314.98,314.09,100.0,0
G0000503,A00107,S001,2024-03-03,240.88,314.09,83.33,4
G0000504,A00108,S001,2024-03-03,315.0,314.09,100.0,0
G0000505,A00101,S001,2024-03-04,104.08,110.64,95.83,1
G0000506,A00102,S001,2024-03-04,110.62,110.64,100.0,0
G0000507,A00103,S001,2024-03-04,109.96,110.64,100.0,0
G0000508,A00104,S001,2024-03-04,110.15,110.64,100.0,0
G0000509,A00105,S001,2024-03-04,110.93,110.64,100.0,0
G0000510,A00106,S001,2024-03-04,112.56,110.64,100.0,0
G0000511,A00107,S001,2024-03-04,108.78,110.64,100.0,0
G0000512,A00108,S001,2024-03-04,112.49,110.64,100.0,0
G0000513,A00101,S001,2024-03-05,278.44,301.28,100.0,0
G0000514,A00102,S001,2024-03-05,301.68,301.28,100.0,0
G0000515,A00103,S001,2024-03-05,299.67,301.28,100.0,0
G0000516,A00104,S001,2024-03-05,301.81,301.28,100.0,0
G0000517,A00105,S001,2024-03-05,299.7,301.28,100.0,0
G0000518,A00106,S001,2024-03-05,278.14,301.28,100.0,0
G0000519,A00107,S001,2024-03-05,299.76,301.28,100.0,0
G0000520,A00108,S001,2024-03-05,275.94,301.28,100.0,0
G0000521,A00101,S001,2024-03-06,167.36,182.1,100.0,0
G0000522,A00102,S001,2024-03-06,143.7,182.1,100.0,0
G0000523,A00103,S001,2024-03-06,182.44,182.1,100.0,0
G0000524,A00104,S001,2024-03-06,168.3,182.1,100.0,0
G0000525,A00105,S001,2024-03-06,182.73,182.1,100.0,0
G0000526,A00106,S001,2024-03-06,167.21,182.1,100.0,0
G0000527,A00107,S001,2024-03-06,181.69,182.1,100.0,0
G0000528,A00108,S001,2024-03-06,180.65,182.1,100.0,0
G0000529,A00101,S001,2024-03-07,289.93,289.72,100.0,0
G0000530,A00102,S001,2024-03-07,290.46,289.72,100.0,0
G0000531,A00103,S001,2024-03-07,291.62,289.72,100.0,0
G0000532,A00104,S001,2024-03-07,290.56,289.72,100.0,0
G0000533,A00105,S001,2024-03-07,291.49,289.72,100.0,0
G0000534,A00106,S001,2024-03-07,266.68,289.72,100.0,0
G0000535,A00107,S001,2024-03-07,288.14,289.72,100.0,0
G0000536,A00108,S001,2024-03-07,288.78,289.72,100.0,0
G0000537,A00101,S001,2024-03-08,342.16,342.0,100.0,0
G0000538,A00102,S001,2024-03-08,342.7,342.0,100.0,0
G0000539,A00103,S001,2024-03-08,341.56,342.0,100.0,0
G0000540,A00104,S001,2024-03-08,342.77,342.0,100.0,0
G0000541,A00105,S001,2024-03-08,343.15,342.0,100.0,0
G0000542,A00106,S001,2024-03-08,285.97,342.0,83.33,4
G0000543,A00107,S001,2024-03-08,301.3,342.0,95.83,1
G0000544,A00108,S001,2024-03-08,341.47,342.0,100.0,0
G0000545,A00101,S001,2024-03-09,112.42,175.57,100.0,0
G0000546,A00102,S001,2024-03-09,173.73,175.57,100.0,0
G0000547,A00103,S001,2024-03-09,176.95,175.57,100.0,0
G0000548,A00104,S001,2024-03-09,177.29,175.57,100.0,0
G0000549,A00105,S001,2024-03-09,175.86,175.57,100.0,0
G0000550,A00106,S001,2024-03-09,174.45,175.57,100.0,0
G0000551,A00107,S001,2024-03-09,175.23,175.57,100.0,0
G0000552,A00108,S001,2024-03-09,174.42,175.57,100.0,0
G0000553,A00101,S001,2024-03-10,64.46,135.95,50.0,12
G0000554,A00102,S001,2024-03-10,124.05,135.95,100.0,0
G0000555,A00103,S001,2024-03-10,131.47,135.95,95.83,1
G0000556,A00104,S001,2024-03-10,134.05,135.95,100.0,0
G0000557,A00105,S001,2024-03-10,135.99,135.95,100.0,0
G0000558,A00106,S001,2024-03-10,135.24,135.95,100.0,0
G0000559,A00107,S001,2024-03-10,109.86,135.95,100.0,0
G0000560,A00108,S001,2024-03-10,136.47,135.95,100.0,0
G0000561,A00101,S001,2024-03-11,104.87,109.7,95.83,1
G0000562,A00102,S001,2024-03-11,107.8,109.7,100.0,0
G0000563,A00103,S001,2024-03-11,108.41,109.7,100.0,0
G0000564,A00104,S001,2024-03-11,102.57,109.7,100.0,0
G0000565,A00105,S001,2024-03-11,108.97,109.7,100.0,0
G0000566,A00106,S001,2024-03-11,110.58,109.7,100.0,0
G0000567,A00107,S001,2024-03-11,111.09,109.7,100.0,0
G0000568,A00108,S001,2024-03-11,110.44,109.7,100.0,0
G0000569,A00101,S001,2024-03-12,134.88,136.0,100.0,0
G0000570,A00102,S001,2024-03-12,124.3,136.0,100.0,0
G0000571,A00103,S001,2024-03-12,126.98,136.0,100.0,0
G0000572,A00104,S001,2024-03-12,106.84,136.0,100.0,0
G0000573,A00105,S001,2024-03-12,136.29,136.0,100.0,0
G0000574,A00106,S001,2024-03-12,134.84,136.0,100.0,0
G0000575,A00107,S001,2024-03-12,137.62,136.0,100.0,0
G0000576,A00108,S001,2024-03-12,136.47,136.0,100.0,0
G0000577,A00101,S001,2024-03-13,207.76,319.34,100.0,0
G0000578,A00102,S001,2024-03-13,318.34,319.34,100.0,0
G0000579,A00103,S001,2024-03-13,254.9,319.34,100.0,0
G0000580,A00104,S001,2024-03-13,317.62,319.34,100.0,0
G0000581,A00105,S001,2024-03-13,319.98,319.34,100.0,0
G0000582,A00106,S001,2024-03-13,320.57,319.34,100.0,0
G0000583,A00107,S001,2024-03-13,320.48,319.34,100.0,0
G0000584,A00108,S001,2024-03-13,318.78,319.34,100.0,0
G0000585,A00101,S001,2024-03-14,126.54,125.96,100.0,0
G0000586,A00102,S001,2024-03-14,117.45,125.96,100.0,0
G0000587,A00103,S001,2024-03-14,126.87,125.96,100.0,0
G0000588,A00104,S001,2024-03-14,127.21,125.96,100.0,0
G0000589,A00105,S001,2024-03-14,124.11,125.96,100.0,0
G0000590,A00106,S001,2024-03-14,121.33,125.96,95.83,1
G0000591,A00107,S001,2024-03-14,116.24,125.96,100.0,0
G0000592,A00108,S001,2024-03-14,124.32,125.96,100.0,0
G0000593,A00101,S001,2024-03-15,266.01,267.45,100.0,0
G0000594,A00102,S001,2024-03-15,268.94,267.45,100.0,0
G0000595,A00103,S001,2024-03-15,212.12,267.45,100.0,0
G0000596,A00104,S001,2024-03-15,266.38,267.45,100.0,0
G0000597,A00105,S001,2024-03-15,267.0,267.45,100.0,0
G0000598,A00106,S001,2024-03-15,256.9,267.45,95.83,1
G0000599,A00107,S001,2024-03-15,221.97,267.45,83.33,4
G0000600,A00108,S001,2024-03-15,266.96,267.45,100.0,0
G0000601,A00101,S001,2024-03-16,32.07,38.93,83.33,4
G0000602,A00102,S001,2024-03-16,40.48,38.93,100.0,0
G0000603,A00103,S001,2024-03-16,37.53,38.93,100.0,0
G0000604,A00104,S001,2024-03-16,39.58,38.93,100.0,0
G0000605,A00105,S001,2024-03-16,39.63,38.93,100.0,0
G0000606,A00106,S001,2024-03-16,38.58,38.93,100.0,0
G0000607,A00107,S001,2024-03-16,37.47,38.93,100.0,0
G0000608,A00108,S001,2024-03-16,35.98,38.93,95.83,1
G0000609,A00101,S001,2024-03-17,86.52,88.94,95.83,1
G0000610,A00102,S001,2024-03-17,88.82,88.94,100.0,0
G0000611,A00103,S001,2024-03-17,87.51,88.94,100.0,0
G0000612,A00104,S001,2024-03-17,88.98,88.94,100.0,0
G0000613,A00105,S001,2024-03-17,71.54,88.94,100.0,0
G0000614,A00106,S001,2024-03-17,87.0,88.94,100.0,0
G0000615,A00107,S001,2024-03-17,86.54,88.94,95.83,1
G0000616,A00108,S001,2024-03-17,82.22,88.94,100.0,0
G0000617,A00101,S001,2024-03-18,44.47,48.49,95.83,1
G0000618,A00102,S001,2024-03-18,48.17,48.49,100.0,0
G0000619,A00103,S001,2024-03-18,50.24,48.49,100.0,0
G0000620,A00104,S001,2024-03-18,49.71,48.49,100.0,0
G0000621,A00105,S001,2024-03-18,48.19,48.49,100.0,0
G0000622,A00106,S001,2024-03-18,42.95,48.49,100.0,0
G0000623,A00107,S001,2024-03-18,46.51,48.49,100.0,0
G0000624,A00108,S001,2024-03-18,48.57,48.49,100.0,0
G0000625,A00101,S001,2024-03-19,236.62,237.58,100.0,0
G0000626,A00102,S001,2024-03-19,239.54,237.58,100.0,0
G0000627,A00103,S001,2024-03-19,237.81,237.58,100.0,0
G0000628,A00104,S001,2024-03-19,239.53,237.58,100.0,0
G0000629,A00105,S001,2024-03-19,236.13,237.58,100.0,0
G0000630,A00106,S001,2024-03-19,238.71,237.58,100.0,0
G0000631,A00107,S001,2024-03-19,238.72,237.58,100.0,0
G0000632,A00108,S001,2024-03-19,235.78,237.58,100.0,0
G0000633,A00101,S001,2024-03-20,75.57,76.51,100.0,0
G0000634,A00102,S001,2024-03-20,78.24,76.51,100.0,0
G0000635,A00103,S001,2024-03-20,78.37,76.51,100.0,0
G0000636,A00104,S001,2024-03-20,76.49,76.51,100.0,0
G0000637,A00105,S001,2024-03-20,77.31,76.51,100.0,0
G0000638,A00106,S001,2024-03-20,77.13,76.51,100.0,0
G0000639,A00107,S001,2024-03-20,76.11,76.51,100.0,0
G0000640,A00108,S001,2024-03-20,74.58,76.51,100.0,0
G0000641,A00101,S001,2024-03-21,318.18,316.92,100.0,0
G0000642,A00102,S001,2024-03-21,263.71,316.92,83.33,4
G0000643,A00103,S001,2024-03-21,318.7,316.92,100.0,0
G0000644,A00104,S001,2024-03-21,244.22,316.92,83.33,4
G0000645,A00105,S001,2024-03-21,253.79,316.92,100.0,0
G0000646,A00106,S001,2024-03-21,253.37,316.92,100.0,0
G0000647,A00107,S001,2024-03-21,315.38,316.92,100.0,0
G0000648,A00108,S001,2024-03-21,206.7,316.92,100.0,0
G0000649,A00101,S001,2024-03-22,88.29,89.91,100.0,0
G0000650,A00102,S001,2024-03-22,91.64,89.91,100.0,0
G0000651,A00103,S001,2024-03-22,81.8,89.91,100.0,0
G0000652,A00104,S001,2024-03-22,82.72,89.91,100.0,0
G0000653,A00105,S001,2024-03-22,81.55,89.91,100.0,0
G0000654,A00106,S001,2024-03-22,88.54,89.91,100.0,0
G0000655,A00107,S001,2024-03-22,83.07,89.91,91.67,2
G0000656,A00108,S001,2024-03-22,88.08,89.91,100.0,0
G0000657,A00101,S001,2024-03-23,99.65,101.96,95.83,1
G0000658,A00102,S001,2024-03-23,102.27,101.96,100.0,0
G0000659,A00103,S001,2024-03-23,102.13,101.96,100.0,0
G0000660,A00104,S001,2024-03-23,100.66,101.96,100.0,0
G0000661,A00105,S001,2024-03-23,102.72,101.96,100.0,0
G0000662,A00106,S001,2024-03-23,92.55,101.96,100.0,0
G0000663,A00107,S001,2024-03-23,80.94,101.96,100.0,0
G0000664,A00108,S001,2024-03-23,102.97,101.96,100.0,0
G0000665,A00101,S001,2024-03-24,99.48,98.6,100.0,0
G0000666,A00102,S001,2024-03-24,89.49,98.6,100.0,0
G0000667,A00103,S001,2024-03-24,96.63,98.6,100.0,0
G0000668,A00104,S001,2024-03-24,91.23,98.6,100.0,0
G0000669,A00105,S001,2024-03-24,97.6,98.6,100.0,0
G0000670,A00106,S001,2024-03-24,97.25,98.6,100.0,0
G0000671,A00107,S001,2024-03-24,89.09,98.6,100.0,0
G0000672,A00108,S001,2024-03-24,98.83,98.6,100.0,0
G0000673,A00101,S001,2024-03-25,125.35,124.75,100.0,0
G0000674,A00102,S001,2024-03-25,103.26,124.75,83.33,4
G0000675,A00103,S001,2024-03-25,123.06,124.75,100.0,0
G0000676,A00104,S001,2024-03-25,101.27,124.75,100.0,0
G0000677,A00105,S001,2024-03-25,114.8,124.75,91.67,2
G0000678,A00106,S001,2024-03-25,118.92,124.75,95.83,1
G0000679,A00107,S001,2024-03-25,125.17,124.75,100.0,0
G0000680,A00108,S001,2024-03-25,121.3,124.75,95.83,1
G0000681,A00101,S001,2024-03-26,82.78,83.77,100.0,0
G0000682,A00102,S001,2024-03-26,83.36,83.77,100.0,0
G0000683,A00103,S001,2024-03-26,75.01,83.77,91.67,2
G0000684,A00104,S001,2024-03-26,52.87,83.77,100.0,0
G0000685,A00105,S001,2024-03-26,66.58,83.77,100.0,0
G0000686,A00106,S001,2024-03-26,82.28,83.77,100.0,0
G0000687,A00107,S001,2024-03-26,83.2,83.77,100.0,0
G0000688,A00108,S001,2024-03-26,81.77,83.77,95.83,1
G0000689,A00101,S001,2024-03-27,131.14,130.15,100.0,0
G0000690,A00102,S001,2024-03-27,130.28,130.15,100.0,0
G0000691,A00103,S001,2024-03-27,128.5,130.15,100.0,0
G0000692,A00104,S001,2024-03-27,128.19,130.15,100.0,0
G0000693,A00105,S001,2024-03-27,129.29,130.15,100.0,0
G0000694,A00106,S001,2024-03-27,131.17,130.15,100.0,0
G0000695,A00107,S001,2024-03-27,130.53,130.15,100.0,0
G0000696,A00108,S001,2024-03-27,131.67,130.15,100.0,0
G0000697,A00101,S001,2024-03-28,181.24,180.73,100.0,0
G0000698,A00102,S001,2024-03-28,181.51,180.73,100.0,0
G0000699,A00103,S001,2024-03-28,179.81,180.73,100.0,0
G0000700,A00104,S001,2024-03-28,179.18,180.73,100.0,0
G0000701,A00105,S001,2024-03-28,180.7,180.73,100.0,0
G0000702,A00106,S001,2024-03-28,142.68,180.73,100.0,0
G0000703,A00107,S001,2024-03-28,180.49,180.73,100.0,0
G0000704,A00108,S001,2024-03-28,181.93,180.73,100.0,0
G0000705,A00101,S001,2024-03-29,37.65,43.85,83.33,4
G0000706,A00102,S001,2024-03-29,45.22,43.85,100.0,0
G0000707,A00103,S001,2024-03-29,44.93,43.85,100.0,0
G0000708,A00104,S001,2024-03-29,44.81,43.85,100.0,0
G0000709,A00105,S001,2024-03-29,43.94,43.85,100.0,0
G0000710,A00106,S001,2024-03-29,43.1,43.85,100.0,0
G0000711,A00107,S001,2024-03-29,45.6,43.85,100.0,0
G0000712,A00108,S001,2024-03-29,42.65,43.85,100.0,0
G0000713,A00101,S001,2024-03-30,231.8,232.69,100.0,0
G0000714,A00102,S001,2024-03-30,230.86,232.69,100.0,0
G0000715,A00103,S001,2024-03-30,232.18,232.69,100.0,0
G0000716,A00104,S001,2024-03-30,233.17,232.69,100.0,0
G0000717,A00105,S001,2024-03-30,114.59,232.69,50.0,12
G0000718,A00106,S001,2024-03-30,231.2,232.69,100.0,0
G0000719,A00107,S001,2024-03-30,156.16,232.69,66.67,8
G0000720,A00108,S001,2024-03-30,233.45,232.69,100.0,0
G0000721,A00101,S001,2024-03-31,340.76,342.0,100.0,0
G0000722,A00102,S001,2024-03-31,341.1,342.0,100.0,0
G0000723,A00103,S001,2024-03-31,311.78,342.0,91.67,2
G0000724,A00104,S001,2024-03-31,341.47,342.0,100.0,0
G0000725,A00105,S001,2024-03-31,327.21,342.0,95.83,1
G0000726,A00106,S001,2024-03-31,343.87,342.0,100.0,0
G0000727,A00107,S001,2024-03-31,343.06,342.0,100.0,0
G0000728,A00108,S001,2024-03-31,341.29,342.0,100.0,0
G0000729,A00101,S001,2024-04-01,162.58,163.81,100.0,0
G0000730,A00102,S001,2024-04-01,163.77,163.81,100.0,0
G0000731,A00103,S001,2024-04-01,162.7,163.81,100.0,0
G0000732,A00104,S001,2024-04-01,131.67,163.81,100.0,0
G0000733,A00105,S001,2024-04-01,164.37,163.81,100.0,0
G0000734,A00106,S001,2024-04-01,152.0,163.81,100.0,0
G0000735,A00107,S001,2024-04-01,163.93,163.81,100.0,0
G0000736,A00108,S001,2024-04-01,162.68,163.81,100.0,0
G0000737,A00101,S001,2024-04-02,249.68,247.89,100.0,0
G0000738,A00102,S001,2024-04-02,248.96,247.89,100.0,0
G0000739,A00103,S001,2024-04-02,247.6,247.89,100.0,0
G0000740,A00104,S001,2024-04-02,247.91,247.89,100.0,0
G0000741,A00105,S001,2024-04-02,249.63,247.89,100.0,0
G0000742,A00106,S001,2024-04-02,162.51,247.89,100.0,0
G0000743,A00107,S001,2024-04-02,227.35,247.89,100.0,0
G0000744,A00108,S001,2024-04-02,248.09,247.89,100.0,0
G0000745,A00101,S001,2024-04-03,112.01,113.94,100.0,0
G0000746,A00102,S001,2024-04-03,111.13,113.94,95.83,1
G0000747,A00103,S001,2024-04-03,115.71,113.94,100.0,0
G0000748,A00104,S001,2024-04-03,104.73,113.94,91.67,2
G0000749,A00105,S001,2024-04-03,112.56,113.94,100.0,0
G0000750,A00106,S001,2024-04-03,108.22,113.94,95.83,1
G0000751,A00107,S001,2024-04-03,112.81,113.94,100.0,0
G0000752,A00108,S001,2024-04-03,113.89,113.94,100.0,0
G0000753,A00101,S001,2024-04-04,127.31,127.78,100.0,0
G0000754,A00102,S001,2024-04-04,118.65,127.78,91.67,2
G0000755,A00103,S001,2024-04-04,118.22,127.78,91.67,2
G0000756,A00104,S001,2024-04-04,102.76,127.78,100.0,0
G0000757,A00105,S001,2024-04-04,127.06,127.78,100.0,0
G0000758,A00106,S001,2024-04-04,126.4,127.78,100.0,0
G0000759,A00107,S001,2024-04-04,52.13,127.78,50.0,12
G0000760,A00108,S001,2024-04-04,128.93,127.78,100.0,0
G0000761,A00101,S001,2024-04-05,123.49,123.75,100.0,0
G0000762,A00102,S001,2024-04-05,122.54,123.75,100.0,0
G0000763,A00103,S001,2024-04-05,125.74,123.75,100.0,0
G0000764,A00104,S001,2024-04-05,123.47,123.75,100.0,0
G0000765,A00105,S001,2024-04-05,123.4,123.75,100.0,0
G0000766,A00106,S001,2024-04-05,124.37,123.75,100.0,0
G0000767,A00107,S001,2024-04-05,125.03,123.75,100.0,0
G0000768,A00108,S001,2024-04-05,125.45,123.75,100.0,0
G0000769,A00101,S001,2024-04-06,157.49,157.01,100.0,0
G0000770,A00102,S001,2024-04-06,156.38,157.01,100.0,0
G0000771,A00103,S001,2024-04-06,156.33,157.01,100.0,0
G0000772,A00104,S001,2024-04-06,158.01,157.01,100.0,0
G0000773,A00105,S001,2024-04-06,102.83,157.01,100.0,0
G0000774,A00106,S001,2024-04-06,144.55,157.01,100.0,0
G0000775,A00107,S001,2024-04-06,157.79,157.01,100.0,0
G0000776,A00108,S001,2024-04-06,123.87,157.01,100.0,0
G0000777,A00101,S001,2024-04-07,72.41,79.2,100.0,0
G0000778,A00102,S001,2024-04-07,80.81,79.2,100.0,0
G0000779,A00103,S001,2024-04-07,77.99,79.2,100.0,0
G0000780,A00104,S001,2024-04-07,77.36,79.2,100.0,0
G0000781,A00105,S001,2024-04-07,80.18,79.2,100.0,0
G0000782,A00106,S001,2024-04-07,78.41,79.2,100.0,0
G0000783,A00107,S001,2024-04-07,64.25,79.2,83.33,4
G0000784,A00108,S001,2024-04-07,53.44,79.2,100.0,0
G0000785,A00101,S001,2024-04-08,260.03,259.95,100.0,0
G0000786,A00102,S001,2024-04-08,248.79,259.95,95.83,1
G0000787,A00103,S001,2024-04-08,260.37,259.95,100.0,0
G0000788,A00104,S001,2024-04-08,260.27,259.95,100.0,0
G0000789,A00105,S001,2024-04-08,260.7,259.95,100.0,0
G0000790,A00106,S001,2024-04-08,250.75,259.95,95.83,1
G0000791,A00107,S001,2024-04-08,258.58,259.95,100.0,0
G0000792,A00108,S001,2024-04-08,258.68,259.95,100.0,0
G0000793,A00101,S001,2024-04-09,165.01,196.84,83.33,4
G0000794,A00102,S001,2024-04-09,195.45,196.84,100.0,0
G0000795,A00103,S001,2024-04-09,198.78,196.84,100.0,0
G0000796,A00104,S001,2024-04-09,197.22,196.84,100.0,0
G0000797,A00105,S001,2024-04-09,197.96,196.84,100.0,0
G0000798,A00106,S001,2024-04-09,197.44,196.84,100.0,0
G0000799,A00107,S001,2024-04-09,195.49,196.84,100.0,0
G0000800,A00108,S001,2024-04-09,159.17,196.84,100.0,0
G0000801,A00101,S001,2024-04-10,166.83,208.85,100.0,0
G0000802,A00102,S001,2024-04-10,193.69,208.85,100.0,0
G0000803,A00103,S001,2024-04-10,210.14,208.85,100.0,0
G0000804,A00104,S001,2024-04-10,167.37,208.85,100.0,0
G0000805,A00105,S001,2024-04-10,207.0,208.85,100.0,0
G0000806,A00106,S001,2024-04-10,193.65,208.85,100.0,0
G0000807,A00107,S001,2024-04-10,133.91,208.85,100.0,0
G0000808,A00108,S001,2024-04-10,165.84,208.85,100.0,0
G0000809,A00101,S001,2024-04-11,315.4,342.0,100.0,0
G0000810,A00102,S001,2024-04-11,340.36,342.0,100.0,0
G0000811,A00103,S001,2024-04-11,343.58,342.0,100.0,0
G0000812,A00104,S001,2024-04-11,340.1,342.0,100.0,0
G0000813,A00105,S001,2024-04-11,303.06,342.0,95.83,1
G0000814,A00106,S001,2024-04-11,342.85,342.0,100.0,0
G0000815,A00107,S001,2024-04-11,342.82,342.0,100.0,0
G0000816,A00108,S001,2024-04-11,342.91,342.0,100.0,0
G0000817,A00101,S001,2024-04-12,137.47,135.99,100.0,0
G0000818,A00102,S001,2024-04-12,137.06,135.99,100.0,0
G0000819,A00103,S001,2024-04-12,137.83,135.99,100.0,0
G0000820,A00104,S001,2024-04-12,126.95,135.99,100.0,0
G0000821,A00105,S001,2024-04-12,136.42,135.99,100.0,0
G0000822,A00106,S001,2024-04-12,135.8,135.99,100.0,0
G0000823,A00107,S001,2024-04-12,137.51,135.99,100.0,0
G0000824,A00108,S001,2024-04-12,123.94,135.99,100.0,0
G0000825,A00101,S001,2024-04-13,284.44,285.11,100.0,0
G0000826,A00102,S001,2024-04-13,183.97,285.11,100.0,0
G0000827,A00103,S001,2024-04-13,285.4,285.11,100.0,0
G0000828,A00104,S001,2024-04-13,237.03,285.11,83.33,4
G0000829,A00105,S001,2024-04-13,286.7,285.11,100.0,0
G0000830,A00106,S001,2024-04-13,260.56,285.11,100.0,0
G0000831,A00107,S001,2024-04-13,261.62,285.11,100.0,0
G0000832,A00108,S001,2024-04-13,283.35,285.11,100.0,0
G0000833,A00101,S001,2024-04-14,333.86,333.03,100.0,0
G0000834,A00102,S001,2024-04-14,333.33,333.03,100.0,0
G0000835,A00103,S001,2024-04-14,305.26,333.03,91.67,2
G0000836,A00104,S001,2024-04-14,334.56,333.03,100.0,0
G0000837,A00105,S001,2024-04-14,331.5,333.03,100.0,0
G0000838,A00106,S001,2024-04-14,331.86,333.03,100.0,0
G0000839,A00107,S001,2024-04-14,332.43,333.03,100.0,0
G0000840,A00108,S001,2024-04-14,333.79,333.03,100.0,0
G0000841,A00101,S001,2024-04-15,271.22,271.63,100.0,0
G0000842,A00102,S001,2024-04-15,207.03,271.63,83.33,4
G0000843,A00103,S001,2024-04-15,248.89,271.63,91.67,2
G0000844,A00104,S001,2024-04-15,271.48,271.63,100.0,0
G0000845,A00105,S001,2024-04-15,261.57,271.63,95.83,1
G0000846,A00106,S001,2024-04-15,271.89,271.63,100.0,0
G0000847,A00107,S001,2024-04-15,271.94,271.63,100.0,0
G0000848,A00108,S001,2024-04-15,247.26,271.63,91.67,2
G0000849,A00101,S001,2024-04-16,235.34,236.59,100.0,0
G0000850,A00102,S001,2024-04-16,238.03,236.59,100.0,0
G0000851,A00103,S001,2024-04-16,238.1,236.59,100.0,0
G0000852,A00104,S001,2024-04-16,236.69,236.59,100.0,0
G0000853,A00105,S001,2024-04-16,235.4,236.59,100.0,0
G0000854,A00106,S001,2024-04-16,238.21,236.59,100.0,0
G0000855,A00107,S001,2024-04-16,238.09,236.59,100.0,0
G0000856,A00108,S001,2024-04-16,234.99,236.59,100.0,0
G0000857,A00101,S001,2024-04-17,15.02,18.0,100.0,0
G0000858,A00102,S001,2024-04-17,18.05,18.0,100.0,0
G0000859,A00103,S001,2024-04-17,18.31,18.0,95.83,1
G0000860,A00104,S001,2024-04-17,18.56,18.0,100.0,0
G0000861,A00105,S001,2024-04-17,18.13,18.0,100.0,0
G0000862,A00106,S001,2024-04-17,16.63,18.0,100.0,0
G0000863,A00107,S001,2024-04-17,13.41,18.0,83.33,4
G0000864,A00108,S001,2024-04-17,19.77,18.0,100.0,0
G0000865,A00101,S001,2024-04-18,125.23,127.11,100.0,0
G0000866,A00102,S001,2024-04-18,125.46,127.11,100.0,0
G0000867,A00103,S001,2024-04-18,117.46,127.11,100.0,0
G0000868,A00104,S001,2024-04-18,126.44,127.11,100.0,0
G0000869,A00105,S001,2024-04-18,125.43,127.11,100.0,0
G0000870,A00106,S001,2024-04-18,125.49,127.11,100.0,0
G0000871,A00107,S001,2024-04-18,126.36,127.11,100.0,0
G0000872,A00108,S001,2024-04-18,128.9,127.11,100.0,0
G0000873,A00101,S001,2024-04-19,232.05,251.57,91.67,2
G0000874,A00102,S001,2024-04-19,250.03,251.57,100.0,0
G0000875,A00103,S001,2024-04-19,250.97,251.57,100.0,0
G0000876,A00104,S001,2024-04-19,252.43,251.57,100.0,0
G0000877,A00105,S001,2024-04-19,250.78,251.57,100.0,0
G0000878,A00106,S001,2024-04-19,250.55,251.57,100.0,0
G0000879,A00107,S001,2024-04-19,250.41,251.57,100.0,0
G0000880,A00108,S001,2024-04-19,163.79,251.57,100.0,0
G0000881,A00101,S001,2024-04-20,144.56,158.8,100.0,0
G0000882,A00102,S001,2024-04-20,158.58,158.8,100.0,0
G0000883,A00103,S001,2024-04-20,159.54,158.8,100.0,0
G0000884,A00104,S001,2024-04-20,159.38,158.8,100.0,0
G0000885,A00105,S001,2024-04-20,159.13,158.8,100.0,0
G0000886,A00106,S001,2024-04-20,159.45,158.8,100.0,0
G0000887,A00107,S001,2024-04-20,158.59,158.8,100.0,0
G0000888,A00108,S001,2024-04-20,153.36,158.8,95.83,1
G0000889,A00101,S001,2024-04-21,228.45,342.0,66.67,8
G0000890,A00102,S001,2024-04-21,312.89,342.0,100.0,0
G0000891,A00103,S001,2024-04-21,285.24,342.0,83.33,4
G0000892,A00104,S001,2024-04-21,340.12,342.0,100.0,0
G0000893,A00105,S001,2024-04-21,342.85,342.0,100.0,0
G0000894,A00106,S001,2024-04-21,340.69,342.0,100.0,0
G0000895,A00107,S001,2024-04-21,314.08,342.0,100.0,0
G0000896,A00108,S001,2024-04-21,313.14,342.0,100.0,0
G0000897,A00101,S001,2024-04-22,84.82,84.99,100.0,0
G0000898,A00102,S001,2024-04-22,83.71,84.99,100.0,0
G0000899,A00103,S001,2024-04-22,84.41,84.99,100.0,0
G0000900,A00104,S001,2024-04-22,86.38,84.99,100.0,0
G0000901,A00105,S001,2024-04-22,85.18,84.99,100.0,0
G0000902,A00106,S001,2024-04-22,71.65,84.99,83.33,4
G0000903,A00107,S001,2024-04-22,83.56,84.99,100.0,0
G0000904,A00108,S001,2024-04-22,37.95,84.99,66.67,8
G0000905,A00101,S001,2024-04-23,271.91,342.0,100.0,0
G0000906,A00102,S001,2024-04-23,340.21,342.0,100.0,0
G0000907,A00103,S001,2024-04-23,342.05,342.0,100.0,0
G0000908,A00104,S001,2024-04-23,343.84,342.0,100.0,0
G0000909,A00105,S001,2024-04-23,343.69,342.0,100.0,0
G0000910,A00106,S001,2024-04-23,340.25,342.0,100.0,0
G0000911,A00107,S001,2024-04-23,343.96,342.0,100.0,0
G0000912,A00108,S001,2024-04-23,340.33,342.0,100.0,0
G0000913,A00101,S001,2024-04-24,233.69,235.25,100.0,0
G0000914,A00102,S001,2024-04-24,235.03,235.25,100.0,0
G0000915,A00103,S001,2024-04-24,235.19,235.25,100.0,0
G0000916,A00104,S001,2024-04-24,223.78,235.25,95.83,1
G0000917,A00105,S001,2024-04-24,215.63,235.25,91.67,2
G0000918,A00106,S001,2024-04-24,235.01,235.25,100.0,0
G0000919,A00107,S001,2024-04-24,234.63,235.25,100.0,0
G0000920,A00108,S001,2024-04-24,233.92,235.25,100.0,0
G0000921,A00101,S001,2024-04-25,129.03,129.13,100.0,0
G0000922,A00102,S001,2024-04-25,125.46,129.13,95.83,1
G0000923,A00103,S001,2024-04-25,104.04,129.13,100.0,0
G0000924,A00104,S001,2024-04-25,120.2,129.13,91.67,2
G0000925,A00105,S001,2024-04-25,108.24,129.13,91.67,2
G0000926,A00106,S001,2024-04-25,128.7,129.13,100.0,0
G0000927,A00107,S001,2024-04-25,129.49,129.13,100.0,0
G0000928,A00108,S001,2024-04-25,127.85,129.13,100.0,0
G0000929,A00101,S001,2024-04-26,98.09,99.21,100.0,0
G0000930,A00102,S001,2024-04-26,97.58,99.21,100.0,0
G0000931,A00103,S001,2024-04-26,93.07,99.21,100.0,0
G0000932,A00104,S001,2024-04-26,100.63,99.21,100.0,0
G0000933,A00105,S001,2024-04-26,91.54,99.21,100.0,0
G0000934,A00106,S001,2024-04-26,94.09,99.21,95.83,1
G0000935,A00107,S001,2024-04-26,92.63,99.21,91.67,2
G0000936,A00108,S001,2024-04-26,92.35,99.21,100.0,0
G0000937,A00101,S001,2024-04-27,205.0,203.18,100.0,0
G0000938,A00102,S001,2024-04-27,204.89,203.18,100.0,0
G0000939,A00103,S001,2024-04-27,201.75,203.18,100.0,0
G0000940,A00104,S001,2024-04-27,204.83,203.18,100.0,0
G0000941,A00105,S001,2024-04-27,203.46,203.18,100.0,0
G0000942,A00106,S001,2024-04-27,185.52,203.18,100.0,0
G0000943,A00107,S001,2024-04-27,185.31,203.18,91.67,2
G0000944,A00108,S001,2024-04-27,194.77,203.18,95.83,1
G0000945,A00101,S001,2024-04-28,82.95,84.94,100.0,0
G0000946,A00102,S001,2024-04-28,85.21,84.94,100.0,0
G0000947,A00103,S001,2024-04-28,84.54,84.94,100.0,0
G0000948,A00104,S001,2024-04-28,70.92,84.94,83.33,4
G0000949,A00105,S001,2024-04-28,86.0,84.94,100.0,0
G0000950,A00106,S001,2024-04-28,84.47,84.94,100.0,0
G0000951,A00107,S001,2024-04-28,78.66,84.94,100.0,0
G0000952,A00108,S001,2024-04-28,85.88,84.94,100.0,0
G0000953,A00101,S001,2024-04-29,244.04,244.81,100.0,0
G0000954,A00102,S001,2024-04-29,246.79,244.81,100.0,0
G0000955,A00103,S001,2024-04-29,242.98,244.81,100.0,0
G0000956,A00104,S001,2024-04-29,244.64,244.81,100.0,0
G0000957,A00105,S001,2024-04-29,234.92,244.81,95.83,1
G0000958,A00106,S001,2024-04-29,245.42,244.81,100.0,0
G0000959,A00107,S001,2024-04-29,225.21,244.81,91.67,2
G0000960,A00108,S001,2024-04-29,244.04,244.81,100.0,0
G0000961,A00101,S001,2024-04-30,124.68,123.48,100.0,0
G0000962,A00102,S001,2024-04-30,124.73,123.48,100.0,0
G0000963,A00103,S001,2024-04-30,125.39,123.48,100.0,0
G0000964,A00104,S001,2024-04-30,114.78,123.48,100.0,0
G0000965,A00105,S001,2024-04-30,121.97,123.48,100.0,0
G0000966,A00106,S001,2024-04-30,123.7,123.48,100.0,0
G0000967,A00107,S001,2024-04-30,111.59,123.48,91.67,2
G0000968,A00108,S001,2024-04-30,121.55,123.48,100.0,0
G0000969,A00101,S001,2024-05-01,244.22,253.56,95.83,1
G0000970,A00102,S001,2024-05-01,254.12,253.56,100.0,0
G0000971,A00103,S001,2024-05-01,203.29,253.56,100.0,0
G0000972,A00104,S001,2024-05-01,255.36,253.56,100.0,0
G0000973,A00105,S001,2024-05-01,251.58,253.56,100.0,0
G0000974,A00106,S001,2024-05-01,251.94,253.56,100.0,0
G0000975,A00107,S001,2024-05-01,252.44,253.56,100.0,0
G0000976,A00108,S001,2024-05-01,252.33,253.56,100.0,0
G0000977,A00101,S001,2024-05-02,87.53,86.95,100.0,0
G0000978,A00102,S001,2024-05-02,88.17,86.95,100.0,0
G0000979,A00103,S001,2024-05-02,88.65,86.95,100.0,0
G0000980,A00104,S001,2024-05-02,85.41,86.95,100.0,0
G0000981,A00105,S001,2024-05-02,86.25,86.95,100.0,0
G0000982,A00106,S001,2024-05-02,88.06,86.95,100.0,0
G0000983,A00107,S001,2024-05-02,88.43,86.95,100.0,0
G0000984,A00108,S001,2024-05-02,86.89,86.95,100.0,0
G0000985,A00101,S001,2024-05-03,342.53,342.0,100.0,0
G0000986,A00102,S001,2024-05-03,342.77,342.0,100.0,0
G0000987,A00103,S001,2024-05-03,314.47,342.0,100.0,0
G0000988,A00104,S001,2024-05-03,315.05,342.0,100.0,0
G0000989,A00105,S001,2024-05-03,340.68,342.0,100.0,0
G0000990,A00106,S001,2024-05-03,343.43,342.0,100.0,0
G0000991,A00107,S001,2024-05-03,172.35,342.0,50.0,12
G0000992,A00108,S001,2024-05-03,340.99,342.0,100.0,0
G0000993,A00101,S001,2024-05-04,39.39,37.46,100.0,0
G0000994,A00102,S001,2024-05-04,35.6,37.46,100.0,0
G0000995,A00103,S001,2024-05-04,38.75,37.46,100.0,0
G0000996,A00104,S001,2024-05-04,35.51,37.46,100.0,0
G0000997,A00105,S001,2024-05-04,33.53,37.46,91.67,2
G0000998,A00106,S001,2024-05-04,36.68,37.46,100.0,0
G0000999,A00107,S001,2024-05-04,35.56,37.46,100.0,0
G0001000,A00108,S001,2024-05-04,34.09,37.46,100.0,0
G0001001,A00101,S001,2024-05-05,98.99,108.32,100.0,0
G0001002,A00102,S001,2024-05-05,110.11,108.32,100.0,0
G0001003,A00103,S001,2024-05-05,106.65,108.32,100.0,0
G0001004,A00104,S001,2024-05-05,110.11,108.32,100.0,0
G0001005,A00105,S001,2024-05-05,103.27,108.32,95.83,1
G0001006,A00106,S001,2024-05-05,108.56,108.32,100.0,0
G0001007,A00107,S001,2024-05-05,110.25,108.32,100.0,0
G0001008,A00108,S001,2024-05-05,110.08,108.32,100.0,0
G0001009,A00101,S001,2024-05-06,258.75,258.03,100.0,0
G0001010,A00102,S001,2024-05-06,257.97,258.03,100.0,0
G0001011,A00103,S001,2024-05-06,258.74,258.03,100.0,0
G0001012,A00104,S001,2024-05-06,259.23,258.03,100.0,0
G0001013,A00105,S001,2024-05-06,204.68,258.03,100.0,0
G0001014,A00106,S001,2024-05-06,259.62,258.03,100.0,0
G0001015,A00107,S001,2024-05-06,214.13,258.03,83.33,4
G0001016,A00108,S001,2024-05-06,237.47,258.03,100.0,0
G0001017,A00101,S001,2024-05-07,113.8,113.22,100.0,0
G0001018,A00102,S001,2024-05-07,103.09,113.22,100.0,0
G0001019,A00103,S001,2024-05-07,112.59,113.22,100.0,0
G0001020,A00104,S001,2024-05-07,114.01,113.22,100.0,0
G0001021,A00105,S001,2024-05-07,111.75,113.22,100.0,0
G0001022,A00106,S001,2024-05-07,113.16,113.22,100.0,0
G0001023,A00107,S001,2024-05-07,112.64,113.22,100.0,0
G0001024,A00108,S001,2024-05-07,91.43,113.22,100.0,0
G0001025,A00101,S001,2024-05-08,340.16,342.0,100.0,0
G0001026,A00102,S001,2024-05-08,340.74,342.0,100.0,0
G0001027,A00103,S001,2024-05-08,341.38,342.0,100.0,0
G0001028,A00104,S001,2024-05-08,341.21,342.0,100.0,0
G0001029,A00105,S001,2024-05-08,340.58,342.0,100.0,0
G0001030,A00106,S001,2024-05-08,342.95,342.0,100.0,0
G0001031,A00107,S001,2024-05-08,341.9,342.0,100.0,0
G0001032,A00108,S001,2024-05-08,204.07,342.0,91.67,2
G0001033,A00101,S001,2024-05-09,26.79,30.69,100.0,0
G0001034,A00102,S001,2024-05-09,32.06,30.69,100.0,0
G0001035,A00103,S001,2024-05-09,31.26,30.69,100.0,0
G0001036,A00104,S001,2024-05-09,23.67,30.69,100.0,0
G0001037,A00105,S001,2024-05-09,31.38,30.69,100.0,0
G0001038,A00106,S001,2024-05-09,29.96,30.69,100.0,0
G0001039,A00107,S001,2024-05-09,25.33,30.69,91.67,2
G0001040,A00108,S001,2024-05-09,30.18,30.69,100.0,0
G0001041,A00101,S001,2024-05-10,50.46,48.49,100.0,0
G0001042,A00102,S001,2024-05-10,50.37,48.49,100.0,0
G0001043,A00103,S001,2024-05-10,46.82,48.49,95.83,1
G0001044,A00104,S001,2024-05-10,49.96,48.49,100.0,0
G0001045,A00105,S001,2024-05-10,39.82,48.49,100.0,0
G0001046,A00106,S001,2024-05-10,44.27,48.49,100.0,0
G0001047,A00107,S001,2024-05-10,47.04,48.49,100.0,0
G0001048,A00108,S001,2024-05-10,46.66,48.49,100.0,0
G0001049,A00101,S001,2024-05-11,228.42,229.37,100.0,0
G0001050,A00102,S001,2024-05-11,229.98,229.37,100.0,0
G0001051,A00103,S001,2024-05-11,230.12,229.37,100.0,0
G0001052,A00104,S001,2024-05-11,231.35,229.37,100.0,0
G0001053,A00105,S001,2024-05-11,229.63,229.37,100.0,0
G0001054,A00106,S001,2024-05-11,230.15,229.37,100.0,0
G0001055,A00107,S001,2024-05-11,230.75,229.37,100.0,0
G0001056,A00108,S001,2024-05-11,230.88,229.37,100.0,0
G0001057,A00101,S001,2024-05-12,227.35,227.23,100.0,0
G0001058,A00102,S001,2024-05-12,225.96,227.23,100.0,0
G0001059,A00103,S001,2024-05-12,228.72,227.23,100.0,0
G0001060,A00104,S001,2024-05-12,227.97,227.23,100.0,0
G0001061,A00105,S001,2024-05-12,228.52,227.23,100.0,0
G0001062,A00106,S001,2024-05-12,227.17,227.23,100.0,0
G0001063,A00107,S001,2024-05-12,206.91,227.23,91.67,2
G0001064,A00108,S001,2024-05-12,209.5,227.23,100.0,0
G0001065,A00101,S001,2024-05-13,72.8,74.5,100.0,0
G0001066,A00102,S001,2024-05-13,67.53,74.5,91.67,2
G0001067,A00103,S001,2024-05-13,68.93,74.5,100.0,0
G0001068,A00104,S001,2024-05-13,72.61,74.5,100.0,0
G0001069,A00105,S001,2024-05-13,67.11,74.5,100.0,0
G0001070,A00106,S001,2024-05-13,72.81,74.5,100.0,0
G0001071,A00107,S001,2024-05-13,75.59,74.5,100.0,0
G0001072,A00108,S001,2024-05-13,75.67,74.5,100.0,0
G0001073,A00101,S001,2024-05-14,234.99,233.86,100.0,0
G0001074,A00102,S001,2024-05-14,213.89,233.86,100.0,0
G0001075,A00103,S001,2024-05-14,216.92,233.86,100.0,0
G0001076,A00104,S001,2024-05-14,233.86,233.86,100.0,0
G0001077,A00105,S001,2024-05-14,232.26,233.86,100.0,0
G0001078,A00106,S001,2024-05-14,232.63,233.86,100.0,0
G0001079,A00107,S001,2024-05-14,226.01,233.86,95.83,1
G0001080,A00108,S001,2024-05-14,234.69,233.86,100.0,0
G0001081,A00101,S001,2024-05-15,95.66,96.8,100.0,0
G0001082,A00102,S001,2024-05-15,61.41,96.8,100.0,0
G0001083,A00103,S001,2024-05-15,97.62,96.8,100.0,0
G0001084,A00104,S001,2024-05-15,95.26,96.8,100.0,0
G0001085,A00105,S001,2024-05-15,98.7,96.8,100.0,0
G0001086,A00106,S001,2024-05-15,98.22,96.8,100.0,0
G0001087,A00107,S001,2024-05-15,88.96,96.8,100.0,0
G0001088,A00108,S001,2024-05-15,62.89,96.8,100.0,0
G0001089,A00101,S001,2024-05-16,63.66,65.26,100.0,0
G0001090,A00102,S001,2024-05-16,56.28,65.26,83.33,4
G0001091,A00103,S001,2024-05-16,40.91,65.26,100.0,0
G0001092,A00104,S001,2024-05-16,66.11,65.26,100.0,0
G0001093,A00105,S001,2024-05-16,65.83,65.26,100.0,0
G0001094,A00106,S001,2024-05-16,64.88,65.26,100.0,0
G0001095,A00107,S001,2024-05-16,63.69,65.26,100.0,0
G0001096,A00108,S001,2024-05-16,63.8,65.26,100.0,0
G0001097,A00101,S001,2024-05-17,218.97,220.36,100.0,0
G0001098,A00102,S001,2024-05-17,221.37,220.36,100.0,0
G0001099,A00103,S001,2024-05-17,221.01,220.36,100.0,0
G0001100,A00104,S001,2024-05-17,221.8,220.36,100.0,0
G0001101,A00105,S001,2024-05-17,183.36,220.36,83.33,4
G0001102,A00106,S001,2024-05-17,219.87,220.36,100.0,0
G0001103,A00107,S001,2024-05-17,221.8,220.36,100.0,0
G0001104,A00108,S001,2024-05-17,218.9,220.36,100.0,0
G0001105,A00101,S001,2024-05-18,133.14,133.24,100.0,0
G0001106,A00102,S001,2024-05-18,133.22,133.24,100.0,0
G0001107,A00103,S001,2024-05-18,135.15,133.24,100.0,0
G0001108,A00104,S001,2024-05-18,134.59,133.24,100.0,0
G0001109,A00105,S001,2024-05-18,134.81,133.24,100.0,0
G0001110,A00106,S001,2024-05-18,132.67,133.24,100.0,0
G0001111,A00107,S001,2024-05-18,133.83,133.24,100.0,0
G0001112,A00108,S001,2024-05-18,121.36,133.24,91.67,2
G0001113,A00101,S001,2024-05-19,262.6,286.45,100.0,0
G0001114,A00102,S001,2024-05-19,185.7,286.45,100.0,0
G0001115,A00103,S001,2024-05-19,284.85,286.45,100.0,0
G0001116,A00104,S001,2024-05-19,287.51,286.45,100.0,0
G0001117,A00105,S001,2024-05-19,286.19,286.45,100.0,0
G0001118,A00106,S001,2024-05-19,287.81,286.45,100.0,0
G0001119,A00107,S001,2024-05-19,288.43,286.45,100.0,0
G0001120,A00108,S001,2024-05-19,284.82,286.45,100.0,0
G0001121,A00101,S001,2024-05-20,270.35,269.16,100.0,0
G0001122,A00102,S001,2024-05-20,268.9,269.16,100.0,0
G0001123,A00103,S001,2024-05-20,269.66,269.16,100.0,0
G0001124,A00104,S001,2024-05-20,267.24,269.16,100.0,0
G0001125,A00105,S001,2024-05-20,256.8,269.16,95.83,1
G0001126,A00106,S001,2024-05-20,270.91,269.16,100.0,0
G0001127,A00107,S001,2024-05-20,268.9,269.16,100.0,0
G0001128,A00108,S001,2024-05-20,268.62,269.16,100.0,0
G0001129,A00101,S001,2024-05-21,262.83,287.58,100.0,0
G0001130,A00102,S001,2024-05-21,265.16,287.58,100.0,0
G0001131,A00103,S001,2024-05-21,286.04,287.58,100.0,0
G0001132,A00104,S001,2024-05-21,264.43,287.58,100.0,0
G0001133,A00105,S001,2024-05-21,285.73,287.58,100.0,0
G0001134,A00106,S001,2024-05-21,288.8,287.58,100.0,0
G0001135,A00107,S001,2024-05-21,266.43,287.58,100.0,0
G0001136,A00108,S001,2024-05-21,262.91,287.58,100.0,0
G0001137,A00101,S001,2024-05-22,343.77,342.0,100.0,0
G0001138,A00102,S001,2024-05-22,342.94,342.0,100.0,0
G0001139,A00103,S001,2024-05-22,316.44,342.0,100.0,0
G0001140,A00104,S001,2024-05-22,313.59,342.0,100.0,0
G0001141,A00105,S001,2024-05-22,342.34,342.0,100.0,0
G0001142,A00106,S001,2024-05-22,341.69,342.0,100.0,0
G0001143,A00107,S001,2024-05-22,273.36,342.0,100.0,0
G0001144,A00108,S001,2024-05-22,341.5,342.0,100.0,0
G0001145,A00101,S001,2024-05-23,105.4,138.2,95.83,1
G0001146,A00102,S001,2024-05-23,140.06,138.2,100.0,0
G0001147,A00103,S001,2024-05-23,139.96,138.2,100.0,0
G0001148,A00104,S001,2024-05-23,138.41,138.2,100.0,0
G0001149,A00105,S001,2024-05-23,116.41,138.2,83.33,4
G0001150,A00106,S001,2024-05-23,121.4,138.2,95.83,1
G0001151,A00107,S001,2024-05-23,109.58,138.2,100.0,0
G0001152,A00108,S001,2024-05-23,137.04,138.2,100.0,0
G0001153,A00101,S001,2024-05-24,334.97,333.51,100.0,0
G0001154,A00102,S001,2024-05-24,305.37,333.51,91.67,2
G0001155,A00103,S001,2024-05-24,308.11,333.51,100.0,0
G0001156,A00104,S001,2024-05-24,332.92,333.51,100.0,0
G0001157,A00105,S001,2024-05-24,333.32,333.51,100.0,0
G0001158,A00106,S001,2024-05-24,334.03,333.51,100.0,0
G0001159,A00107,S001,2024-05-24,334.02,333.51,100.0,0
G0001160,A00108,S001,2024-05-24,333.57,333.51,100.0,0
G0001161,A00101,S001,2024-05-25,278.63,278.71,100.0,0
G0001162,A00102,S001,2024-05-25,280.02,278.71,100.0,0
G0001163,A00103,S001,2024-05-25,277.44,278.71,100.0,0
G0001164,A00104,S001,2024-05-25,233.95,278.71,91.67,2
G0001165,A00105,S001,2024-05-25,255.99,278.71,91.67,2
G0001166,A00106,S001,2024-05-25,233.07,278.71,83.33,4
G0001167,A00107,S001,2024-05-25,277.75,278.71,100.0,0
G0001168,A00108,S001,2024-05-25,221.44,278.71,100.0,0
G0001169,A00101,S001,2024-05-26,26.67,27.91,100.0,0
G0001170,A00102,S001,2024-05-26,27.89,27.91,100.0,0
G0001171,A00103,S001,2024-05-26,29.89,27.91,100.0,0
G0001172,A00104,S001,2024-05-26,27.54,27.91,100.0,0
G0001173,A00105,S001,2024-05-26,28.38,27.91,100.0,0
G0001174,A00106,S001,2024-05-26,27.74,27.91,100.0,0
G0001175,A00107,S001,2024-05-26,28.85,27.91,100.0,0
G0001176,A00108,S001,2024-05-26,27.24,27.91,100.0,0
G0001177,A00101,S001,2024-05-27,340.18,342.0,100.0,0
G0001178,A00102,S001,2024-05-27,341.58,342.0,100.0,0
G0001179,A00103,S001,2024-05-27,285.32,342.0,83.33,4
G0001180,A00104,S001,2024-05-27,275.11,342.0,100.0,0
G0001181,A00105,S001,2024-05-27,340.57,342.0,100.0,0
G0001182,A00106,S001,2024-05-27,343.49,342.0,100.0,0
G0001183,A00107,S001,2024-05-27,272.73,342.0,100.0,0
G0001184,A00108,S001,2024-05-27,341.06,342.0,100.0,0
G0001185,A00101,S001,2024-05-28,239.94,260.12,100.0,0
G0001186,A00102,S001,2024-05-28,259.04,260.12,100.0,0
G0001187,A00103,S001,2024-05-28,259.87,260.12,100.0,0
G0001188,A00104,S001,2024-05-28,237.87,260.12,91.67,2
G0001189,A00105,S001,2024-05-28,261.51,260.12,100.0,0
G0001190,A00106,S001,2024-05-28,261.59,260.12,100.0,0
G0001191,A00107,S001,2024-05-28,259.21,260.12,100.0,0
G0001192,A00108,S001,2024-05-28,262.01,260.12,100.0,0
G0001193,A00101,S001,2024-05-29,85.32,94.8,100.0,0
G0001194,A00102,S001,2024-05-29,95.16,94.8,100.0,0
G0001195,A00103,S001,2024-05-29,93.12,94.8,100.0,0
G0001196,A00104,S001,2024-05-29,96.62,94.8,100.0,0
G0001197,A00105,S001,2024-05-29,76.46,94.8,100.0,0
G0001198,A00106,S001,2024-05-29,95.73,94.8,100.0,0
G0001199,A00107,S001,2024-05-29,92.99,94.8,100.0,0
G0001200,A00108,S001,2024-05-29,93.08,94.8,100.0,0
G0001201,A00101,S001,2024-05-30,107.24,110.44,95.83,1
G0001202,A00102,S001,2024-05-30,111.45,110.44,100.0,0
G0001203,A00103,S001,2024-05-30,110.16,110.44,100.0,0
G0001204,A00104,S001,2024-05-30,108.96,110.44,100.0,0
G0001205,A00105,S001,2024-05-30,110.39,110.44,100.0,0
G0001206,A00106,S001,2024-05-30,110.13,110.44,100.0,0
G0001207,A00107,S001,2024-05-30,110.17,110.44,100.0,0
G0001208,A00108,S001,2024-05-30,110.29,110.44,100.0,0
G0001209,A00101,S001,2024-05-31,157.12,157.37,100.0,0
G0001210,A00102,S001,2024-05-31,155.88,157.37,100.0,0
G0001211,A00103,S001,2024-05-31,156.55,157.37,100.0,0
G0001212,A00104,S001,2024-05-31,155.8,157.37,100.0,0
G0001213,A00105,S001,2024-05-31,157.64,157.37,100.0,0
G0001214,A00106,S001,2024-05-31,157.38,157.37,100.0,0
G0001215,A00107,S001,2024-05-31,156.1,157.37,100.0,0
G0001216,A00108,S001,2024-05-31,143.97,157.37,100.0,0
G0001217,A00101,S001,2024-06-01,45.22,60.61,83.33,4
G0001218,A00102,S001,2024-06-01,62.1,60.61,100.0,0
G0001219,A00103,S001,2024-06-01,59.08,60.61,100.0,0
G0001220,A00104,S001,2024-06-01,62.09,60.61,100.0,0
G0001221,A00105,S001,2024-06-01,61.09,60.61,100.0,0
G0001222,A00106,S001,2024-06-01,61.37,60.61,100.0,0
G0001223,A00107,S001,2024-06-01,58.67,60.61,100.0,0
G0001224,A00108,S001,2024-06-01,49.93,60.61,100.0,0
G0001225,A00101,S001,2024-06-02,99.89,100.69,100.0,0
G0001226,A00102,S001,2024-06-02,99.35,100.69,100.0,0
G0001227,A00103,S001,2024-06-02,80.43,100.69,100.0,0
G0001228,A00104,S001,2024-06-02,100.96,100.69,100.0,0
G0001229,A00105,S001,2024-06-02,101.21,100.69,100.0,0
G0001230,A00106,S001,2024-06-02,78.14,100.69,83.33,4
G0001231,A00107,S001,2024-06-02,100.64,100.69,100.0,0
G0001232,A00108,S001,2024-06-02,101.4,100.69,100.0,0
G0001233,A00101,S001,2024-06-03,53.42,51.85,100.0,0
G0001234,A00102,S001,2024-06-03,53.61,51.85,100.0,0
G0001235,A00103,S001,2024-06-03,51.0,51.85,100.0,0
G0001236,A00104,S001,2024-06-03,50.73,51.85,100.0,0
G0001237,A00105,S001,2024-06-03,53.22,51.85,100.0,0
G0001238,A00106,S001,2024-06-03,52.7,51.85,100.0,0
G0001239,A00107,S001,2024-06-03,52.79,51.85,100.0,0
G0001240,A00108,S001,2024-06-03,48.19,51.85,100.0,0
G0001241,A00101,S001,2024-06-04,179.55,179.89,100.0,0
G0001242,A00102,S001,2024-06-04,178.08,179.89,100.0,0
G0001243,A00103,S001,2024-06-04,171.03,179.89,95.83,1
G0001244,A00104,S001,2024-06-04,170.65,179.89,95.83,1
G0001245,A00105,S001,2024-06-04,178.78,179.89,100.0,0
G0001246,A00106,S001,2024-06-04,178.07,179.89,100.0,0
G0001247,A00107,S001,2024-06-04,180.65,179.89,100.0,0
G0001248,A00108,S001,2024-06-04,181.59,179.89,100.0,0
G0001249,A00101,S001,2024-06-05,39.3,37.52,100.0,0
G0001250,A00102,S001,2024-06-05,38.04,37.52,100.0,0
G0001251,A00103,S001,2024-06-05,33.56,37.52,91.67,2
G0001252,A00104,S001,2024-06-05,35.91,37.52,100.0,0
G0001253,A00105,S001,2024-06-05,38.91,37.52,100.0,0
G0001254,A00106,S001,2024-06-05,36.5,37.52,100.0,0
G0001255,A00107,S001,2024-06-05,35.86,37.52,100.0,0
G0001256,A00108,S001,2024-06-05,38.18,37.52,100.0,0
G0001257,A00101,S001,2024-06-06,182.92,183.08,100.0,0
G0001258,A00102,S001,2024-06-06,181.2,183.08,100.0,0
G0001259,A00103,S001,2024-06-06,184.86,183.08,100.0,0
G0001260,A00104,S001,2024-06-06,117.66,183.08,100.0,0
G0001261,A00105,S001,2024-06-06,183.65,183.08,100.0,0
G0001262,A00106,S001,2024-06-06,183.94,183.08,100.0,0
G0001263,A00107,S001,2024-06-06,182.69,183.08,100.0,0
G0001264,A00108,S001,2024-06-06,184.05,183.08,100.0,0
G0001265,A00101,S001,2024-06-07,275.65,276.83,100.0,0
G0001266,A00102,S001,2024-06-07,277.62,276.83,100.0,0
G0001267,A00103,S001,2024-06-07,275.62,276.83,100.0,0
G0001268,A00104,S001,2024-06-07,277.73,276.83,100.0,0
G0001269,A00105,S001,2024-06-07,179.08,276.83,100.0,0
G0001270,A00106,S001,2024-06-07,277.86,276.83,100.0,0
G0001271,A00107,S001,2024-06-07,277.2,276.83,100.0,0
G0001272,A00108,S001,2024-06-07,278.78,276.83,100.0,0
G0001273,A00101,S001,2024-06-08,287.2,288.7,100.0,0
G0001274,A00102,S001,2024-06-08,290.63,288.7,100.0,0
G0001275,A00103,S001,2024-06-08,194.04,288.7,66.67,8
G0001276,A00104,S001,2024-06-08,288.1,288.7,100.0,0
G0001277,A00105,S001,2024-06-08,289.39,288.7,100.0,0
G0001278,A00106,S001,2024-06-08,288.01,288.7,100.0,0
G0001279,A00107,S001,2024-06-08,287.09,288.7,100.0,0
G0001280,A00108,S001,2024-06-08,286.95,288.7,100.0,0
G0001281,A00101,S001,2024-06-09,84.04,84.46,100.0,0
G0001282,A00102,S001,2024-06-09,84.22,84.46,100.0,0
G0001283,A00103,S001,2024-06-09,68.86,84.46,100.0,0
G0001284,A00104,S001,2024-06-09,82.98,84.46,100.0,0
G0001285,A00105,S001,2024-06-09,79.79,84.46,95.83,1
G0001286,A00106,S001,2024-06-09,67.05,84.46,100.0,0
G0001287,A00107,S001,2024-06-09,82.95,84.46,100.0,0
G0001288,A00108,S001,2024-06-09,83.95,84.46,100.0,0
G0001289,A00101,S001,2024-06-10,144.19,142.61,100.0,0
G0001290,A00102,S001,2024-06-10,142.57,142.61,100.0,0
G0001291,A00103,S001,2024-06-10,130.87,142.61,100.0,0
G0001292,A00104,S001,2024-06-10,132.33,142.61,100.0,0
G0001293,A00105,S001,2024-06-10,143.66,142.61,100.0,0
G0001294,A00106,S001,2024-06-10,142.41,142.61,100.0,0
G0001295,A00107,S001,2024-06-10,143.27,142.61,100.0,0
G0001296,A00108,S001,2024-06-10,142.78,142.61,100.0,0
G0001297,A00101,S001,2024-06-11,340.15,338.96,100.0,0
G0001298,A00102,S001,2024-06-11,339.2,338.96,100.0,0
G0001299,A00103,S001,2024-06-11,337.18,338.96,100.0,0
G0001300,A00104,S001,2024-06-11,340.55,338.96,100.0,0
G0001301,A00105,S001,2024-06-11,308.79,338.96,91.67,2
G0001302,A00106,S001,2024-06-11,340.51,338.96,100.0,0
G0001303,A00107,S001,2024-06-11,338.57,338.96,100.0,0
G0001304,A00108,S001,2024-06-11,324.59,338.96,95.83,1
G0001305,A00101,S001,2024-06-12,243.05,244.47,100.0,0
G0001306,A00102,S001,2024-06-12,244.1,244.47,100.0,0
G0001307,A00103,S001,2024-06-12,242.58,244.47,100.0,0
G0001308,A00104,S001,2024-06-12,244.12,244.47,100.0,0
G0001309,A00105,S001,2024-06-12,223.4,244.47,100.0,0
G0001310,A00106,S001,2024-06-12,244.44,244.47,100.0,0
G0001311,A00107,S001,2024-06-12,242.72,244.47,100.0,0
G0001312,A00108,S001,2024-06-12,244.1,244.47,100.0,0
G0001313,A00101,S001,2024-06-13,250.87,249.73,100.0,0
G0001314,A00102,S001,2024-06-13,250.27,249.73,100.0,0
G0001315,A00103,S001,2024-06-13,210.05,249.73,83.33,4
G0001316,A00104,S001,2024-06-13,251.37,249.73,100.0,0
G0001317,A00105,S001,2024-06-13,251.04,249.73,100.0,0
G0001318,A00106,S001,2024-06-13,209.84,249.73,83.33,4
G0001319,A00107,S001,2024-06-13,229.27,249.73,100.0,0
G0001320,A00108,S001,2024-06-13,249.77,249.73,100.0,0
G0001321,A00101,S001,2024-06-14,171.68,171.46,100.0,0
G0001322,A00102,S001,2024-06-14,173.29,171.46,100.0,0
G0001323,A00103,S001,2024-06-14,170.5,171.46,100.0,0
G0001324,A00104,S001,2024-06-14,173.39,171.46,100.0,0
G0001325,A00105,S001,2024-06-14,169.52,171.46,100.0,0
G0001326,A00106,S001,2024-06-14,171.36,171.46,100.0,0
G0001327,A00107,S001,2024-06-14,173.04,171.46,100.0,0
G0001328,A00108,S001,2024-06-14,172.61,171.46,100.0,0
G0001329,A00101,S001,2024-06-15,206.19,204.94,100.0,0
G0001330,A00102,S001,2024-06-15,206.01,204.94,100.0,0
G0001331,A00103,S001,2024-06-15,206.68,204.94,100.0,0
G0001332,A00104,S001,2024-06-15,204.06,204.94,100.0,0
G0001333,A00105,S001,2024-06-15,205.39,204.94,100.0,0
G0001334,A00106,S001,2024-06-15,204.91,204.94,100.0,0
G0001335,A00107,S001,2024-06-15,189.37,204.94,100.0,0
G0001336,A00108,S001,2024-06-15,188.12,204.94,100.0,0
G0001337,A00101,S001,2024-06-16,85.89,85.63,100.0,0
G0001338,A00102,S001,2024-06-16,84.67,85.63,100.0,0
G0001339,A00103,S001,2024-06-16,86.76,85.63,100.0,0
G0001340,A00104,S001,2024-06-16,56.43,85.63,100.0,0
G0001341,A00105,S001,2024-06-16,85.45,85.63,100.0,0
G0001342,A00106,S001,2024-06-16,66.71,85.63,100.0,0
G0001343,A00107,S001,2024-06-16,54.76,85.63,100.0,0
G0001344,A00108,S001,2024-06-16,86.67,85.63,100.0,0
G0001345,A00101,S001,2024-06-17,192.86,194.54,100.0,0
G0001346,A00102,S001,2024-06-17,196.45,194.54,100.0,0
G0001347,A00103,S001,2024-06-17,193.19,194.54,100.0,0
G0001348,A00104,S001,2024-06-17,194.46,194.54,100.0,0
G0001349,A00105,S001,2024-06-17,193.87,194.54,100.0,0
G0001350,A00106,S001,2024-06-17,193.9,194.54,100.0,0
G0001351,A00107,S001,2024-06-17,196.31,194.54,100.0,0
G0001352,A00108,S001,2024-06-17,195.04,194.54,100.0,0
G0001353,A00101,S001,2024-06-18,212.88,214.37,100.0,0
G0001354,A00102,S001,2024-06-18,214.87,214.37,100.0,0
G0001355,A00103,S001,2024-06-18,213.55,214.37,100.0,0
G0001356,A00104,S001,2024-06-18,213.3,214.37,100.0,0
G0001357,A00105,S001,2024-06-18,213.9,214.37,100.0,0
G0001358,A00106,S001,2024-06-18,204.79,214.37,95.83,1
G0001359,A00107,S001,2024-06-18,213.68,214.37,100.0,0
G0001360,A00108,S001,2024-06-18,212.64,214.37,100.0,0
G0001361,A00101,S001,2024-06-19,231.71,231.93,100.0,0
G0001362,A00102,S001,2024-06-19,231.17,231.93,100.0,0
G0001363,A00103,S001,2024-06-19,192.52,231.93,83.33,4
G0001364,A00104,S001,2024-06-19,231.16,231.93,100.0,0
G0001365,A00105,S001,2024-06-19,232.27,231.93,100.0,0
G0001366,A00106,S001,2024-06-19,233.27,231.93,100.0,0
G0001367,A00107,S001,2024-06-19,230.73,231.93,100.0,0
G0001368,A00108,S001,2024-06-19,232.6,231.93,100.0,0
G0001369,A00101,S001,2024-06-20,284.67,342.0,83.33,4
G0001370,A00102,S001,2024-06-20,340.17,342.0,100.0,0
G0001371,A00103,S001,2024-06-20,340.92,342.0,100.0,0
G0001372,A00104,S001,2024-06-20,343.81,342.0,100.0,0
G0001373,A00105,S001,2024-06-20,340.74,342.0,100.0,0
G0001374,A00106,S001,2024-06-20,340.12,342.0,100.0,0
G0001375,A00107,S001,2024-06-20,342.34,342.0,100.0,0
G0001376,A00108,S001,2024-06-20,340.79,342.0,100.0,0
G0001377,A00101,S001,2024-06-21,331.63,330.26,100.0,0
G0001378,A00102,S001,2024-06-21,329.77,330.26,100.0,0
G0001379,A00103,S001,2024-06-21,263.43,330.26,100.0,0
G0001380,A00104,S001,2024-06-21,332.02,330.26,100.0,0
G0001381,A00105,S001,2024-06-21,153.43,330.26,50.0,12
G0001382,A00106,S001,2024-06-21,265.39,330.26,100.0,0
G0001383,A00107,S001,2024-06-21,330.66,330.26,100.0,0
G0001384,A00108,S001,2024-06-21,330.72,330.26,100.0,0
G0001385,A00101,S001,2024-06-22,41.88,44.0,100.0,0
G0001386,A00102,S001,2024-06-22,40.49,44.0,95.83,1
G0001387,A00103,S001,2024-06-22,44.03,44.0,100.0,0
G0001388,A00104,S001,2024-06-22,43.99,44.0,100.0,0
G0001389,A00105,S001,2024-06-22,44.78,44.0,100.0,0
G0001390,A00106,S001,2024-06-22,43.6,44.0,100.0,0
G0001391,A00107,S001,2024-06-22,42.88,44.0,100.0,0
G0001392,A00108,S001,2024-06-22,41.39,44.0,95.83,1
G0001393,A00101,S001,2024-06-23,25.78,26.01,100.0,0
G0001394,A00102,S001,2024-06-23,26.49,26.01,100.0,0
G0001395,A00103,S001,2024-06-23,27.22,26.01,100.0,0
G0001396,A00104,S001,2024-06-23,24.94,26.01,100.0,0
G0001397,A00105,S001,2024-06-23,27.38,26.01,100.0,0
G0001398,A00106,S001,2024-06-23,27.71,26.01,100.0,0
G0001399,A00107,S001,2024-06-23,24.81,26.01,100.0,0
G0001400,A00108,S001,2024-06-23,27.27,26.01,100.0,0
G0001401,A00101,S001,2024-06-24,157.73,156.08,100.0,0
G0001402,A00102,S001,2024-06-24,156.4,156.08,100.0,0
G0001403,A00103,S001,2024-06-24,157.12,156.08,100.0,0
G0001404,A00104,S001,2024-06-24,157.08,156.08,100.0,0
G0001405,A00105,S001,2024-06-24,157.11,156.08,100.0,0
G0001406,A00106,S001,2024-06-24,155.33,156.08,100.0,0
G0001407,A00107,S001,2024-06-24,154.92,156.08,100.0,0
G0001408,A00108,S001,2024-06-24,156.39,156.08,100.0,0
G0001409,A00101,S001,2024-06-25,195.53,194.78,100.0,0
G0001410,A00102,S001,2024-06-25,194.09,194.78,100.0,0
G0001411,A00103,S001,2024-06-25,154.44,194.78,100.0,0
G0001412,A00104,S001,2024-06-25,195.2,194.78,100.0,0
G0001413,A00105,S001,2024-06-25,120.15,194.78,95.83,1
G0001414,A00106,S001,2024-06-25,193.22,194.78,100.0,0
G0001415,A00107,S001,2024-06-25,177.57,194.78,100.0,0
G0001416,A00108,S001,2024-06-25,195.54,194.78,100.0,0
G0001417,A00101,S001,2024-06-26,194.86,196.58,100.0,0
G0001418,A00102,S001,2024-06-26,198.02,196.58,100.0,0
G0001419,A00103,S001,2024-06-26,196.73,196.58,100.0,0
G0001420,A00104,S001,2024-06-26,158.73,196.58,100.0,0
G0001421,A00105,S001,2024-06-26,197.42,196.58,100.0,0
G0001422,A00106,S001,2024-06-26,157.62,196.58,100.0,0
G0001423,A00107,S001,2024-06-26,194.61,196.58,100.0,0
G0001424,A00108,S001,2024-06-26,197.81,196.58,100.0,0
G0001425,A00101,S001,2024-06-27,343.52,342.0,100.0,0
G0001426,A00102,S001,2024-06-27,341.19,342.0,100.0,0
G0001427,A00103,S001,2024-06-27,341.0,342.0,100.0,0
G0001428,A00104,S001,2024-06-27,343.64,342.0,100.0,0
G0001429,A00105,S001,2024-06-27,343.78,342.0,100.0,0
G0001430,A00106,S001,2024-06-27,328.26,342.0,95.83,1
G0001431,A00107,S001,2024-06-27,314.39,342.0,91.67,2
G0001432,A00108,S001,2024-06-27,222.51,342.0,100.0,0
G0001433,A00101,S001,2024-06-28,227.8,227.78,100.0,0
G0001434,A00102,S001,2024-06-28,228.78,227.78,100.0,0
G0001435,A00103,S001,2024-06-28,209.14,227.78,100.0,0
G0001436,A00104,S001,2024-06-28,226.11,227.78,100.0,0
G0001437,A00105,S001,2024-06-28,227.66,227.78,100.0,0
G0001438,A00106,S001,2024-06-28,209.98,227.78,100.0,0
G0001439,A00107,S001,2024-06-28,226.45,227.78,100.0,0
G0001440,A00108,S001,2024-06-28,227.54,227.78,100.0,0
G0001441,A00101,S001,2024-06-29,134.37,134.28,100.0,0
G0001442,A00102,S001,2024-06-29,135.04,134.28,100.0,0
G0001443,A00103,S001,2024-06-29,133.79,134.28,100.0,0
G0001444,A00104,S001,2024-06-29,122.33,134.28,100.0,0
G0001445,A00105,S001,2024-06-29,135.56,134.28,100.0,0
G0001446,A00106,S001,2024-06-29,105.81,134.28,100.0,0
G0001447,A00107,S001,2024-06-29,132.45,134.28,100.0,0
G0001448,A00108,S001,2024-06-29,134.78,134.28,100.0,0
G0001449,A00101,S001,2024-06-30,289.45,291.39,100.0,0
G0001450,A00102,S001,2024-06-30,290.27,291.39,100.0,0
G0001451,A00103,S001,2024-06-30,289.57,291.39,100.0,0
G0001452,A00104,S001,2024-06-30,291.39,291.39,100.0,0
G0001453,A00105,S001,2024-06-30,293.08,291.39,100.0,0
G0001454,A00106,S001,2024-06-30,290.69,291.39,100.0,0
G0001455,A00107,S001,2024-06-30,234.2,291.39,100.0,0
G0001456,A00108,S001,2024-06-30,292.14,291.39,100.0,0
G0001457,A00101,S001,2024-07-01,162.21,161.25,100.0,0
G0001458,A00102,S001,2024-07-01,159.33,161.25,100.0,0
G0001459,A00103,S001,2024-07-01,160.96,161.25,100.0,0
G0001460,A00104,S001,2024-07-01,161.24,161.25,100.0,0
G0001461,A00105,S001,2024-07-01,160.2,161.25,100.0,0
G0001462,A00106,S001,2024-07-01,109.01,161.25,66.67,8
G0001463,A00107,S001,2024-07-01,159.41,161.25,100.0,0
G0001464,A00108,S001,2024-07-01,162.25,161.25,100.0,0
G0001465,A00101,S001,2024-07-02,102.69,170.32,91.67,2
G0001466,A00102,S001,2024-07-02,156.78,170.32,100.0,0
G0001467,A00103,S001,2024-07-02,170.29,170.32,100.0,0
G0001468,A00104,S001,2024-07-02,112.46,170.32,100.0,0
G0001469,A00105,S001,2024-07-02,171.5,170.32,100.0,0
G0001470,A00106,S001,2024-07-02,170.19,170.32,100.0,0
G0001471,A00107,S001,2024-07-02,170.74,170.32,100.0,0
G0001472,A00108,S001,2024-07-02,135.06,170.32,100.0,0
G0001473,A00101,S001,2024-07-03,18.44,18.0,100.0,0
G0001474,A00102,S001,2024-07-03,14.33,18.0,100.0,0
G0001475,A00103,S001,2024-07-03,19.63,18.0,100.0,0
G0001476,A00104,S001,2024-07-03,16.7,18.0,100.0,0
G0001477,A00105,S001,2024-07-03,18.25,18.0,100.0,0
G0001478,A00106,S001,2024-07-03,16.78,18.0,100.0,0
G0001479,A00107,S001,2024-07-03,17.48,18.0,100.0,0
G0001480,A00108,S001,2024-07-03,17.58,18.0,100.0,0
G0001481,A00101,S001,2024-07-04,72.64,119.03,95.83,1
G0001482,A00102,S001,2024-07-04,120.85,119.03,100.0,0
G0001483,A00103,S001,2024-07-04,119.86,119.03,100.0,0
G0001484,A00104,S001,2024-07-04,118.57,119.03,100.0,0
G0001485,A00105,S001,2024-07-04,120.71,119.03,100.0,0
G0001486,A00106,S001,2024-07-04,119.69,119.03,100.0,0
G0001487,A00107,S001,2024-07-04,93.81,119.03,100.0,0
G0001488,A00108,S001,2024-07-04,117.67,119.03,100.0,0
G0001489,A00101,S001,2024-07-05,286.64,342.0,83.33,4
G0001490,A00102,S001,2024-07-05,342.77,342.0,100.0,0
G0001491,A00103,S001,2024-07-05,314.98,342.0,100.0,0
G0001492,A00104,S001,2024-07-05,275.08,342.0,100.0,0
G0001493,A00105,S001,2024-07-05,343.26,342.0,100.0,0
G0001494,A00106,S001,2024-07-05,342.8,342.0,100.0,0
G0001495,A00107,S001,2024-07-05,341.67,342.0,100.0,0
G0001496,A00108,S001,2024-07-05,340.75,342.0,100.0,0
G0001497,A00101,S001,2024-07-06,78.17,77.17,100.0,0
G0001498,A00102,S001,2024-07-06,51.65,77.17,100.0,0
G0001499,A00103,S001,2024-07-06,71.29,77.17,91.67,2
G0001500,A00104,S001,2024-07-06,75.43,77.17,100.0,0
G0001501,A00105,S001,2024-07-06,78.22,77.17,100.0,0
G0001502,A00106,S001,2024-07-06,78.34,77.17,100.0,0
G0001503,A00107,S001,2024-07-06,60.8,77.17,100.0,0
G0001504,A00108,S001,2024-07-06,76.52,77.17,100.0,0
G0001505,A00101,S001,2024-07-07,135.09,133.19,100.0,0
G0001506,A00102,S001,2024-07-07,134.67,133.19,100.0,0
G0001507,A00103,S001,2024-07-07,104.65,133.19,100.0,0
G0001508,A00104,S001,2024-07-07,107.56,133.19,100.0,0
G0001509,A00105,S001,2024-07-07,134.67,133.19,100.0,0
G0001510,A00106,S001,2024-07-07,133.74,133.19,100.0,0
G0001511,A00107,S001,2024-07-07,134.68,133.19,100.0,0
G0001512,A00108,S001,2024-07-07,132.12,133.19,100.0,0
G0001513,A00101,S001,2024-07-08,154.68,168.05,91.67,2
G0001514,A00102,S001,2024-07-08,168.48,168.05,100.0,0
G0001515,A00103,S001,2024-07-08,149.3,168.05,95.83,1
G0001516,A00104,S001,2024-07-08,166.4,168.05,100.0,0
G0001517,A00105,S001,2024-07-08,54.48,168.05,50.0,12
G0001518,A00106,S001,2024-07-08,140.21,168.05,83.33,4
G0001519,A00107,S001,2024-07-08,135.24,168.05,100.0,0
G0001520,A00108,S001,2024-07-08,113.75,168.05,66.67,8
G0001521,A00101,S001,2024-07-09,102.5,122.21,83.33,4
G0001522,A00102,S001,2024-07-09,123.39,122.21,100.0,0
G0001523,A00103,S001,2024-07-09,123.9,122.21,100.0,0
G0001524,A00104,S001,2024-07-09,113.4,122.21,100.0,0
G0001525,A00105,S001,2024-07-09,124.07,122.21,100.0,0
G0001526,A00106,S001,2024-07-09,121.37,122.21,100.0,0
G0001527,A00107,S001,2024-07-09,120.96,122.21,100.0,0
G0001528,A00108,S001,2024-07-09,121.46,122.21,100.0,0
G0001529,A00101,S001,2024-07-10,174.26,173.18,100.0,0
G0001530,A00102,S001,2024-07-10,159.4,173.18,91.67,2
G0001531,A00103,S001,2024-07-10,174.59,173.18,100.0,0
G0001532,A00104,S001,2024-07-10,172.05,173.18,100.0,0
G0001533,A00105,S001,2024-07-10,174.16,173.18,100.0,0
G0001534,A00106,S001,2024-07-10,172.46,173.18,100.0,0
G0001535,A00107,S001,2024-07-10,174.57,173.18,100.0,0
G0001536,A00108,S001,2024-07-10,172.34,173.18,100.0,0
G0001537,A00101,S001,2024-07-11,272.5,342.0,100.0,0
G0001538,A00102,S001,2024-07-11,314.93,342.0,91.67,2
G0001539,A00103,S001,2024-07-11,343.65,342.0,100.0,0
G0001540,A00104,S001,2024-07-11,341.69,342.0,100.0,0
G0001541,A00105,S001,2024-07-11,340.29,342.0,100.0,0
G0001542,A00106,S001,2024-07-11,274.4,342.0,100.0,0
G0001543,A00107,S001,2024-07-11,343.17,342.0,100.0,0
G0001544,A00108,S001,2024-07-11,272.82,342.0,100.0,0
G0001545,A00101,S001,2024-07-12,92.15,93.37,100.0,0
G0001546,A00102,S001,2024-07-12,84.3,93.37,100.0,0
G0001547,A00103,S001,2024-07-12,95.3,93.37,100.0,0
G0001548,A00104,S001,2024-07-12,92.79,93.37,100.0,0
G0001549,A00105,S001,2024-07-12,85.65,93.37,91.67,2
G0001550,A00106,S001,2024-07-12,94.26,93.37,100.0,0
G0001551,A00107,S001,2024-07-12,92.58,93.37,100.0,0
G0001552,A00108,S001,2024-07-12,94.47,93.37,100.0,0
G0001553,A00101,S001,2024-07-13,159.08,159.3,100.0,0
G0001554,A00102,S001,2024-07-13,157.39,159.3,100.0,0
G0001555,A00103,S001,2024-07-13,160.28,159.3,100.0,0
G0001556,A00104,S001,2024-07-13,159.88,159.3,100.0,0
G0001557,A00105,S001,2024-07-13,157.56,159.3,100.0,0
G0001558,A00106,S001,2024-07-13,160.55,159.3,100.0,0
G0001559,A00107,S001,2024-07-13,160.55,159.3,100.0,0
G0001560,A00108,S001,2024-07-13,160.16,159.3,100.0,0
G0001561,A00101,S001,2024-07-14,327.8,329.08,100.0,0
G0001562,A00102,S001,2024-07-14,327.6,329.08,100.0,0
G0001563,A00103,S001,2024-07-14,330.49,329.08,100.0,0
G0001564,A00104,S001,2024-07-14,273.69,329.08,83.33,4
G0001565,A00105,S001,2024-07-14,261.27,329.08,100.0,0
G0001566,A00106,S001,2024-07-14,302.79,329.08,91.67,2
G0001567,A00107,S001,2024-07-14,329.86,329.08,100.0,0
G0001568,A00108,S001,2024-07-14,219.54,329.08,66.67,8
G0001569,A00101,S001,2024-07-15,316.47,342.0,100.0,0
G0001570,A00102,S001,2024-07-15,340.51,342.0,100.0,0
G0001571,A00103,S001,2024-07-15,341.53,342.0,100.0,0
G0001572,A00104,S001,2024-07-15,341.02,342.0,100.0,0
G0001573,A00105,S001,2024-07-15,340.28,342.0,100.0,0
G0001574,A00106,S001,2024-07-15,169.77,342.0,50.0,12
G0001575,A00107,S001,2024-07-15,315.06,342.0,100.0,0
G0001576,A00108,S001,2024-07-15,222.03,342.0,100.0,0
G0001577,A00101,S001,2024-07-16,148.83,148.27,100.0,0
G0001578,A00102,S001,2024-07-16,149.74,148.27,100.0,0
G0001579,A00103,S001,2024-07-16,150.14,148.27,100.0,0
G0001580,A00104,S001,2024-07-16,117.32,148.27,100.0,0
G0001581,A00105,S001,2024-07-16,136.36,148.27,100.0,0
G0001582,A00106,S001,2024-07-16,136.61,148.27,100.0,0
G0001583,A00107,S001,2024-07-16,143.87,148.27,95.83,1
G0001584,A00108,S001,2024-07-16,150.14,148.27,100.0,0
G0001585,A00101,S001,2024-07-17,48.54,49.92,100.0,0
G0001586,A00102,S001,2024-07-17,48.13,49.92,100.0,0
G0001587,A00103,S001,2024-07-17,40.59,49.92,83.33,4
G0001588,A00104,S001,2024-07-17,51.86,49.92,100.0,0
G0001589,A00105,S001,2024-07-17,49.63,49.92,100.0,0
G0001590,A00106,S001,2024-07-17,47.06,49.92,95.83,1
G0001591,A00107,S001,2024-07-17,45.01,49.92,91.67,2
G0001592,A00108,S001,2024-07-17,51.7,49.92,100.0,0
G0001593,A00101,S001,2024-07-18,261.9,342.0,95.83,1
G0001594,A00102,S001,2024-07-18,342.06,342.0,100.0,0
G0001595,A00103,S001,2024-07-18,327.37,342.0,95.83,1
G0001596,A00104,S001,2024-07-18,314.36,342.0,91.67,2
G0001597,A00105,S001,2024-07-18,342.96,342.0,100.0,0
G0001598,A00106,S001,2024-07-18,314.75,342.0,100.0,0
G0001599,A00107,S001,2024-07-18,274.3,342.0,100.0,0
G0001600,A00108,S001,2024-07-18,340.3,342.0,100.0,0
G0001601,A00101,S001,2024-07-19,19.66,18.0,100.0,0
G0001602,A00102,S001,2024-07-19,16.47,18.0,100.0,0
G0001603,A00103,S001,2024-07-19,18.95,18.0,100.0,0
G0001604,A00104,S001,2024-07-19,19.73,18.0,100.0,0
G0001605,A00105,S001,2024-07-19,17.85,18.0,100.0,0
G0001606,A00106,S001,2024-07-19,18.46,18.0,100.0,0
G0001607,A00107,S001,2024-07-19,19.56,18.0,100.0,0
G0001608,A00108,S001,2024-07-19,17.97,18.0,100.0,0
G0001609,A00101,S001,2024-07-20,123.57,124.66,100.0,0
G0001610,A00102,S001,2024-07-20,123.39,124.66,100.0,0
G0001611,A00103,S001,2024-07-20,126.02,124.66,100.0,0
G0001612,A00104,S001,2024-07-20,124.1,124.66,100.0,0
G0001613,A00105,S001,2024-07-20,122.82,124.66,100.0,0
G0001614,A00106,S001,2024-07-20,113.33,124.66,100.0,0
G0001615,A00107,S001,2024-07-20,123.72,124.66,100.0,0
G0001616,A00108,S001,2024-07-20,125.52,124.66,100.0,0
G0001617,A00101,S001,2024-07-21,199.44,201.0,100.0,0
G0001618,A00102,S001,2024-07-21,201.0,201.0,100.0,0
G0001619,A00103,S001,2024-07-21,200.37,201.0,100.0,0
G0001620,A00104,S001,2024-07-21,200.16,201.0,100.0,0
G0001621,A00105,S001,2024-07-21,199.61,201.0,100.0,0
G0001622,A00106,S001,2024-07-21,202.45,201.0,100.0,0
G0001623,A00107,S001,2024-07-21,183.71,201.0,100.0,0
G0001624,A00108,S001,2024-07-21,201.01,201.0,100.0,0
G0001625,A00101,S001,2024-07-22,343.96,342.0,100.0,0
G0001626,A00102,S001,2024-07-22,340.36,342.0,100.0,0
G0001627,A00103,S001,2024-07-22,342.53,342.0,100.0,0
G0001628,A00104,S001,2024-07-22,342.04,342.0,100.0,0
G0001629,A00105,S001,2024-07-22,341.12,342.0,100.0,0
G0001630,A00106,S001,2024-07-22,340.19,342.0,100.0,0
G0001631,A00107,S001,2024-07-22,340.85,342.0,100.0,0
G0001632,A00108,S001,2024-07-22,326.49,342.0,95.83,1
G0001633,A00101,S001,2024-07-23,115.46,126.23,100.0,0
G0001634,A00102,S001,2024-07-23,126.35,126.23,100.0,0
G0001635,A00103,S001,2024-07-23,125.77,126.23,100.0,0
G0001636,A00104,S001,2024-07-23,124.71,126.23,100.0,0
G0001637,A00105,S001,2024-07-23,114.47,126.23,91.67,2
G0001638,A00106,S001,2024-07-23,115.9,126.23,91.67,2
G0001639,A00107,S001,2024-07-23,80.86,126.23,100.0,0
G0001640,A00108,S001,2024-07-23,126.43,126.23,100.0,0
G0001641,A00101,S001,2024-07-24,328.62,342.0,95.83,1
G0001642,A00102,S001,2024-07-24,343.73,342.0,100.0,0
G0001643,A00103,S001,2024-07-24,342.79,342.0,100.0,0
G0001644,A00104,S001,2024-07-24,343.18,342.0,100.0,0
G0001645,A00105,S001,2024-07-24,342.74,342.0,100.0,0
G0001646,A00106,S001,2024-07-24,286.0,342.0,83.33,4
G0001647,A00107,S001,2024-07-24,341.09,342.0,100.0,0
G0001648,A00108,S001,2024-07-24,342.79,342.0,100.0,0
G0001649,A00101,S001,2024-07-25,212.26,211.43,100.0,0
G0001650,A00102,S001,2024-07-25,210.38,211.43,100.0,0
G0001651,A00103,S001,2024-07-25,196.22,211.43,100.0,0
G0001652,A00104,S001,2024-07-25,210.43,211.43,100.0,0
G0001653,A00105,S001,2024-07-25,210.82,211.43,100.0,0
G0001654,A00106,S001,2024-07-25,212.25,211.43,100.0,0
G0001655,A00107,S001,2024-07-25,211.88,211.43,100.0,0
G0001656,A00108,S001,2024-07-25,212.73,211.43,100.0,0
G0001657,A00101,S001,2024-07-26,210.38,251.11,83.33,4
G0001658,A00102,S001,2024-07-26,251.72,251.11,100.0,0
G0001659,A00103,S001,2024-07-26,252.37,251.11,100.0,0
G0001660,A00104,S001,2024-07-26,252.34,251.11,100.0,0
G0001661,A00105,S001,2024-07-26,252.01,251.11,100.0,0
G0001662,A00106,S001,2024-07-26,239.37,251.11,95.83,1
G0001663,A00107,S001,2024-07-26,240.61,251.11,95.83,1
G0001664,A00108,S001,2024-07-26,249.76,251.11,100.0,0
G0001665,A00101,S001,2024-07-27,79.46,84.33,100.0,0
G0001666,A00102,S001,2024-07-27,85.56,84.33,100.0,0
G0001667,A00103,S001,2024-07-27,85.63,84.33,100.0,0
G0001668,A00104,S001,2024-07-27,83.32,84.33,100.0,0
G0001669,A00105,S001,2024-07-27,82.38,84.33,100.0,0
G0001670,A00106,S001,2024-07-27,71.22,84.33,83.33,4
G0001671,A00107,S001,2024-07-27,84.25,84.33,100.0,0
G0001672,A00108,S001,2024-07-27,83.65,84.33,100.0,0
G0001673,A00101,S001,2024-07-28,341.19,342.0,100.0,0
G0001674,A00102,S001,2024-07-28,343.65,342.0,100.0,0
G0001675,A00103,S001,2024-07-28,342.62,342.0,100.0,0
G0001676,A00104,S001,2024-07-28,329.29,342.0,95.83,1
G0001677,A00105,S001,2024-07-28,340.44,342.0,100.0,0
G0001678,A00106,S001,2024-07-28,285.46,342.0,83.33,4
G0001679,A00107,S001,2024-07-28,290.0,342.0,91.67,2
G0001680,A00108,S001,2024-07-28,342.4,342.0,100.0,0
G0001681,A00101,S001,2024-07-29,286.6,284.93,100.0,0
G0001682,A00102,S001,2024-07-29,262.03,284.93,91.67,2
G0001683,A00103,S001,2024-07-29,226.54,284.93,100.0,0
G0001684,A00104,S001,2024-07-29,285.82,284.93,100.0,0
G0001685,A00105,S001,2024-07-29,285.25,284.93,100.0,0
G0001686,A00106,S001,2024-07-29,286.91,284.93,100.0,0
G0001687,A00107,S001,2024-07-29,284.63,284.93,100.0,0
G0001688,A00108,S001,2024-07-29,284.27,284.93,100.0,0
G0001689,A00101,S001,2024-07-30,139.45,138.16,100.0,0
G0001690,A00102,S001,2024-07-30,138.47,138.16,100.0,0
G0001691,A00103,S001,2024-07-30,137.1,138.16,100.0,0
G0001692,A00104,S001,2024-07-30,139.81,138.16,100.0,0
G0001693,A00105,S001,2024-07-30,136.72,138.16,100.0,0
G0001694,A00106,S001,2024-07-30,139.89,138.16,100.0,0
G0001695,A00107,S001,2024-07-30,139.15,138.16,100.0,0
G0001696,A00108,S001,2024-07-30,139.1,138.16,100.0,0
G0001697,A00101,S001,2024-07-31,149.09,150.46,100.0,0
G0001698,A00102,S001,2024-07-31,148.51,150.46,100.0,0
G0001699,A00103,S001,2024-07-31,150.34,150.46,100.0,0
G0001700,A00104,S001,2024-07-31,120.25,150.46,100.0,0
G0001701,A00105,S001,2024-07-31,148.51,150.46,100.0,0
G0001702,A00106,S001,2024-07-31,150.88,150.46,100.0,0
G0001703,A00107,S001,2024-07-31,150.16,150.46,100.0,0
G0001704,A00108,S001,2024-07-31,149.49,150.46,100.0,0
G0001705,A00101,S001,2024-08-01,157.07,155.27,100.0,0
G0001706,A00102,S001,2024-08-01,154.84,155.27,100.0,0
G0001707,A00103,S001,2024-08-01,127.7,155.27,83.33,4
G0001708,A00104,S001,2024-08-01,154.89,155.27,100.0,0
G0001709,A00105,S001,2024-08-01,154.97,155.27,100.0,0
G0001710,A00106,S001,2024-08-01,156.39,155.27,100.0,0
G0001711,A00107,S001,2024-08-01,153.7,155.27,100.0,0
G0001712,A00108,S001,2024-08-01,141.6,155.27,100.0,0
G0001713,A00101,S001,2024-08-02,168.11,258.74,100.0,0
G0001714,A00102,S001,2024-08-02,260.66,258.74,100.0,0
G0001715,A00103,S001,2024-08-02,214.87,258.74,83.33,4
G0001716,A00104,S001,2024-08-02,259.44,258.74,100.0,0
G0001717,A00105,S001,2024-08-02,247.97,258.74,95.83,1
G0001718,A00106,S001,2024-08-02,258.65,258.74,100.0,0
G0001719,A00107,S001,2024-08-02,259.47,258.74,100.0,0
G0001720,A00108,S001,2024-08-02,205.92,258.74,100.0,0
G0001721,A00101,S001,2024-08-03,102.49,157.01,100.0,0
G0001722,A00102,S001,2024-08-03,155.53,157.01,100.0,0
G0001723,A00103,S001,2024-08-03,123.77,157.01,100.0,0
G0001724,A00104,S001,2024-08-03,159.0,157.01,100.0,0
G0001725,A00105,S001,2024-08-03,132.82,157.01,83.33,4
G0001726,A00106,S001,2024-08-03,156.25,157.01,100.0,0
G0001727,A00107,S001,2024-08-03,144.44,157.01,100.0,0
G0001728,A00108,S001,2024-08-03,155.28,157.01,100.0,0
G0001729,A00101,S001,2024-08-04,84.67,156.78,66.67,8
G0001730,A00102,S001,2024-08-04,116.86,156.78,91.67,2
G0001731,A00103,S001,2024-08-04,156.42,156.78,100.0,0
G0001732,A00104,S001,2024-08-04,156.83,156.78,100.0,0
G0001733,A00105,S001,2024-08-04,156.44,156.78,100.0,0
G0001734,A00106,S001,2024-08-04,95.83,156.78,95.83,1
G0001735,A00107,S001,2024-08-04,157.58,156.78,100.0,0
G0001736,A00108,S001,2024-08-04,156.29,156.78,100.0,0
G0001737,A00101,S001,2024-08-05,229.5,229.36,100.0,0
G0001738,A00102,S001,2024-08-05,227.79,229.36,100.0,0
G0001739,A00103,S001,2024-08-05,228.96,229.36,100.0,0
G0001740,A00104,S001,2024-08-05,228.21,229.36,100.0,0
G0001741,A00105,S001,2024-08-05,229.54,229.36,100.0,0
G0001742,A00106,S001,2024-08-05,229.63,229.36,100.0,0
G0001743,A00107,S001,2024-08-05,230.59,229.36,100.0,0
G0001744,A00108,S001,2024-08-05,189.98,229.36,83.33,4
G0001745,A00101,S001,2024-08-06,185.03,186.7,100.0,0
G0001746,A00102,S001,2024-08-06,185.56,186.7,100.0,0
G0001747,A00103,S001,2024-08-06,188.28,186.7,100.0,0
G0001748,A00104,S001,2024-08-06,154.38,186.7,83.33,4
G0001749,A00105,S001,2024-08-06,187.84,186.7,100.0,0
G0001750,A00106,S001,2024-08-06,172.05,186.7,100.0,0
G0001751,A00107,S001,2024-08-06,170.56,186.7,100.0,0
G0001752,A00108,S001,2024-08-06,187.36,186.7,100.0,0
G0001753,A00101,S001,2024-08-07,123.95,161.68,95.83,1
G0001754,A00102,S001,2024-08-07,160.73,161.68,100.0,0
G0001755,A00103,S001,2024-08-07,87.66,161.68,66.67,8
G0001756,A00104,S001,2024-08-07,159.82,161.68,100.0,0
G0001757,A00105,S001,2024-08-07,162.77,161.68,100.0,0
G0001758,A00106,S001,2024-08-07,160.44,161.68,100.0,0
G0001759,A00107,S001,2024-08-07,134.18,161.68,83.33,4
G0001760,A00108,S001,2024-08-07,160.17,161.68,100.0,0
G0001761,A00101,S001,2024-08-08,245.09,307.18,100.0,0
G0001762,A00102,S001,2024-08-08,307.39,307.18,100.0,0
G0001763,A00103,S001,2024-08-08,307.82,307.18,100.0,0
G0001764,A00104,S001,2024-08-08,308.94,307.18,100.0,0
G0001765,A00105,S001,2024-08-08,308.53,307.18,100.0,0
G0001766,A00106,S001,2024-08-08,244.16,307.18,100.0,0
G0001767,A00107,S001,2024-08-08,307.72,307.18,100.0,0
G0001768,A00108,S001,2024-08-08,308.59,307.18,100.0,0
G0001769,A00101,S001,2024-08-09,171.14,203.95,83.33,4
G0001770,A00102,S001,2024-08-09,196.59,203.95,95.83,1
G0001771,A00103,S001,2024-08-09,186.99,203.95,91.67,2
G0001772,A00104,S001,2024-08-09,205.56,203.95,100.0,0
G0001773,A00105,S001,2024-08-09,205.59,203.95,100.0,0
G0001774,A00106,S001,2024-08-09,205.32,203.95,100.0,0
G0001775,A00107,S001,2024-08-09,202.63,203.95,100.0,0
G0001776,A00108,S001,2024-08-09,203.52,203.95,100.0,0
G0001777,A00101,S001,2024-08-10,142.58,154.54,91.67,2
G0001778,A00102,S001,2024-08-10,153.47,154.54,100.0,0
G0001779,A00103,S001,2024-08-10,154.85,154.54,100.0,0
G0001780,A00104,S001,2024-08-10,143.53,154.54,100.0,0
G0001781,A00105,S001,2024-08-10,152.65,154.54,100.0,0
G0001782,A00106,S001,2024-08-10,123.92,154.54,100.0,0
G0001783,A00107,S001,2024-08-10,100.99,154.54,100.0,0
G0001784,A00108,S001,2024-08-10,153.43,154.54,100.0,0
G0001785,A00101,S001,2024-08-11,282.75,284.42,100.0,0
G0001786,A00102,S001,2024-08-11,186.34,284.42,100.0,0
G0001787,A00103,S001,2024-08-11,259.29,284.42,91.67,2
G0001788,A00104,S001,2024-08-11,285.8,284.42,100.0,0
G0001789,A00105,S001,2024-08-11,285.6,284.42,100.0,0
G0001790,A00106,S001,2024-08-11,283.26,284.42,100.0,0
G0001791,A00107,S001,2024-08-11,272.37,284.42,95.83,1
G0001792,A00108,S001,2024-08-11,262.31,284.42,100.0,0
G0001793,A00101,S001,2024-08-12,141.05,214.55,66.67,8
G0001794,A00102,S001,2024-08-12,214.98,214.55,100.0,0
G0001795,A00103,S001,2024-08-12,213.42,214.55,100.0,0
G0001796,A00104,S001,2024-08-12,204.17,214.55,95.83,1
G0001797,A00105,S001,2024-08-12,213.65,214.55,100.0,0
G0001798,A00106,S001,2024-08-12,215.16,214.55,100.0,0
G0001799,A00107,S001,2024-08-12,216.34,214.55,100.0,0
G0001800,A00108,S001,2024-08-12,215.93,214.55,100.0,0
G0001801,A00101,S001,2024-08-13,232.81,231.93,100.0,0
G0001802,A00102,S001,2024-08-13,231.01,231.93,100.0,0
G0001803,A00103,S001,2024-08-13,230.73,231.93,100.0,0
G0001804,A00104,S001,2024-08-13,222.06,231.93,95.83,1
G0001805,A00105,S001,2024-08-13,192.91,231.93,83.33,4
G0001806,A00106,S001,2024-08-13,177.93,231.93,95.83,1
G0001807,A00107,S001,2024-08-13,231.64,231.93,100.0,0
G0001808,A00108,S001,2024-08-13,231.41,231.93,100.0,0
G0001809,A00101,S001,2024-08-14,174.13,174.85,100.0,0
G0001810,A00102,S001,2024-08-14,173.7,174.85,100.0,0
G0001811,A00103,S001,2024-08-14,176.63,174.85,100.0,0
G0001812,A00104,S001,2024-08-14,175.43,174.85,100.0,0
G0001813,A00105,S001,2024-08-14,173.64,174.85,100.0,0
G0001814,A00106,S001,2024-08-14,173.95,174.85,100.0,0
G0001815,A00107,S001,2024-08-14,175.21,174.85,100.0,0
G0001816,A00108,S001,2024-08-14,175.98,174.85,100.0,0
G0001817,A00101,S001,2024-08-15,318.29,318.18,100.0,0
G0001818,A00102,S001,2024-08-15,319.5,318.18,100.0,0
G0001819,A00103,S001,2024-08-15,317.56,318.18,100.0,0
G0001820,A00104,S001,2024-08-15,316.37,318.18,100.0,0
G0001821,A00105,S001,2024-08-15,212.69,318.18,66.67,8
G0001822,A00106,S001,2024-08-15,252.96,318.18,100.0,0
G0001823,A00107,S001,2024-08-15,320.16,318.18,100.0,0
G0001824,A00108,S001,2024-08-15,316.53,318.18,100.0,0
G0001825,A00101,S001,2024-08-16,264.44,262.91,100.0,0
G0001826,A00102,S001,2024-08-16,261.96,262.91,100.0,0
G0001827,A00103,S001,2024-08-16,263.7,262.91,100.0,0
G0001828,A00104,S001,2024-08-16,262.19,262.91,100.0,0
G0001829,A00105,S001,2024-08-16,243.46,262.91,100.0,0
G0001830,A00106,S001,2024-08-16,261.87,262.91,100.0,0
G0001831,A00107,S001,2024-08-16,264.0,262.91,100.0,0
G0001832,A00108,S001,2024-08-16,263.76,262.91,100.0,0
G0001833,A00101,S001,2024-08-17,223.41,223.43,100.0,0
G0001834,A00102,S001,2024-08-17,222.97,223.43,100.0,0
G0001835,A00103,S001,2024-08-17,224.47,223.43,100.0,0
G0001836,A00104,S001,2024-08-17,179.58,223.43,100.0,0
G0001837,A00105,S001,2024-08-17,221.95,223.43,100.0,0
G0001838,A00106,S001,2024-08-17,223.91,223.43,100.0,0
G0001839,A00107,S001,2024-08-17,223.12,223.43,100.0,0
G0001840,A00108,S001,2024-08-17,184.6,223.43,83.33,4
G0001841,A00101,S001,2024-08-18,223.11,222.99,100.0,0
G0001842,A00102,S001,2024-08-18,222.41,222.99,100.0,0
G0001843,A00103,S001,2024-08-18,222.33,222.99,100.0,0
G0001844,A00104,S001,2024-08-18,222.52,222.99,100.0,0
G0001845,A00105,S001,2024-08-18,221.7,222.99,100.0,0
G0001846,A00106,S001,2024-08-18,221.43,222.99,100.0,0
G0001847,A00107,S001,2024-08-18,221.45,222.99,100.0,0
G0001848,A00108,S001,2024-08-18,223.12,222.99,100.0,0
G0001849,A00101,S001,2024-08-19,298.05,323.14,100.0,0
G0001850,A00102,S001,2024-08-19,323.68,323.14,100.0,0
G0001851,A00103,S001,2024-08-19,321.88,323.14,100.0,0
G0001852,A00104,S001,2024-08-19,324.55,323.14,100.0,0
G0001853,A00105,S001,2024-08-19,321.8,323.14,100.0,0
G0001854,A00106,S001,2024-08-19,259.17,323.14,100.0,0
G0001855,A00107,S001,2024-08-19,260.03,323.14,100.0,0
G0001856,A00108,S001,2024-08-19,322.55,323.14,100.0,0
G0001857,A00101,S001,2024-08-20,341.16,342.0,100.0,0
G0001858,A00102,S001,2024-08-20,343.1,342.0,100.0,0
G0001859,A00103,S001,2024-08-20,341.96,342.0,100.0,0
G0001860,A00104,S001,2024-08-20,341.01,342.0,100.0,0
G0001861,A00105,S001,2024-08-20,341.33,342.0,100.0,0
G0001862,A00106,S001,2024-08-20,316.01,342.0,100.0,0
G0001863,A00107,S001,2024-08-20,342.56,342.0,100.0,0
G0001864,A00108,S001,2024-08-20,343.98,342.0,100.0,0
G0001865,A00101,S001,2024-08-21,343.68,342.0,100.0,0
G0001866,A00102,S001,2024-08-21,342.51,342.0,100.0,0
G0001867,A00103,S001,2024-08-21,205.28,342.0,91.67,2
G0001868,A00104,S001,2024-08-21,312.82,342.0,91.67,2
G0001869,A00105,S001,2024-08-21,312.26,342.0,91.67,2
G0001870,A00106,S001,2024-08-21,313.13,342.0,100.0,0
G0001871,A00107,S001,2024-08-21,341.39,342.0,100.0,0
G0001872,A00108,S001,2024-08-21,272.19,342.0,100.0,0
G0001873,A00101,S001,2024-08-22,103.31,104.13,100.0,0
G0001874,A00102,S001,2024-08-22,94.29,104.13,100.0,0
G0001875,A00103,S001,2024-08-22,105.46,104.13,100.0,0
G0001876,A00104,S001,2024-08-22,96.94,104.13,100.0,0
G0001877,A00105,S001,2024-08-22,88.59,104.13,83.33,4
G0001878,A00106,S001,2024-08-22,103.86,104.13,100.0,0
G0001879,A00107,S001,2024-08-22,105.86,104.13,100.0,0
G0001880,A00108,S001,2024-08-22,103.72,104.13,100.0,0
G0001881,A00101,S001,2024-08-23,315.86,342.0,100.0,0
G0001882,A00102,S001,2024-08-23,341.67,342.0,100.0,0
G0001883,A00103,S001,2024-08-23,343.71,342.0,100.0,0
G0001884,A00104,S001,2024-08-23,343.34,342.0,100.0,0
G0001885,A00105,S001,2024-08-23,342.02,342.0,100.0,0
G0001886,A00106,S001,2024-08-23,341.87,342.0,100.0,0
G0001887,A00107,S001,2024-08-23,312.75,342.0,100.0,0
G0001888,A00108,S001,2024-08-23,343.63,342.0,100.0,0
G0001889,A00101,S001,2024-08-24,99.06,101.93,95.83,1
G0001890,A00102,S001,2024-08-24,102.98,101.93,100.0,0
G0001891,A00103,S001,2024-08-24,101.01,101.93,100.0,0
G0001892,A00104,S001,2024-08-24,103.21,101.93,100.0,0
G0001893,A00105,S001,2024-08-24,92.26,101.93,100.0,0
G0001894,A00106,S001,2024-08-24,102.73,101.93,100.0,0
G0001895,A00107,S001,2024-08-24,80.09,101.93,100.0,0
G0001896,A00108,S001,2024-08-24,102.44,101.93,100.0,0
G0001897,A00101,S001,2024-08-25,343.52,342.0,100.0,0
G0001898,A00102,S001,2024-08-25,340.1,342.0,100.0,0
G0001899,A00103,S001,2024-08-25,272.8,342.0,100.0,0
G0001900,A00104,S001,2024-08-25,343.39,342.0,100.0,0
G0001901,A00105,S001,2024-08-25,342.63,342.0,100.0,0
G0001902,A00106,S001,2024-08-25,340.57,342.0,100.0,0
G0001903,A00107,S001,2024-08-25,342.8,342.0,100.0,0
G0001904,A00108,S001,2024-08-25,340.4,342.0,100.0,0
G0001905,A00101,S001,2024-08-26,126.46,127.86,100.0,0
G0001906,A00102,S001,2024-08-26,128.19,127.86,100.0,0
G0001907,A00103,S001,2024-08-26,127.64,127.86,100.0,0
G0001908,A00104,S001,2024-08-26,129.39,127.86,100.0,0
G0001909,A00105,S001,2024-08-26,127.87,127.86,100.0,0
G0001910,A00106,S001,2024-08-26,117.74,127.86,100.0,0
G0001911,A00107,S001,2024-08-26,128.49,127.86,100.0,0
G0001912,A00108,S001,2024-08-26,116.2,127.86,100.0,0
G0001913,A00101,S001,2024-08-27,59.09,73.34,100.0,0
G0001914,A00102,S001,2024-08-27,73.98,73.34,100.0,0
G0001915,A00103,S001,2024-08-27,73.66,73.34,100.0,0
G0001916,A00104,S001,2024-08-27,71.46,73.34,100.0,0
G0001917,A00105,S001,2024-08-27,73.34,73.34,100.0,0
G0001918,A00106,S001,2024-08-27,74.43,73.34,100.0,0
G0001919,A00107,S001,2024-08-27,74.86,73.34,100.0,0
G0001920,A00108,S001,2024-08-27,60.36,73.34,100.0,0
G0001921,A00101,S001,2024-08-28,178.65,180.54,100.0,0
G0001922,A00102,S001,2024-08-28,179.07,180.54,100.0,0
G0001923,A00103,S001,2024-08-28,180.5,180.54,100.0,0
G0001924,A00104,S001,2024-08-28,180.27,180.54,100.0,0
G0001925,A00105,S001,2024-08-28,178.63,180.54,100.0,0
G0001926,A00106,S001,2024-08-28,179.1,180.54,100.0,0
G0001927,A00107,S001,2024-08-28,182.37,180.54,100.0,0
G0001928,A00108,S001,2024-08-28,179.37,180.54,100.0,0
G0001929,A00101,S001,2024-08-29,95.14,94.64,100.0,0
G0001930,A00102,S001,2024-08-29,94.71,94.64,100.0,0
G0001931,A00103,S001,2024-08-29,94.8,94.64,100.0,0
G0001932,A00104,S001,2024-08-29,95.95,94.64,100.0,0
G0001933,A00105,S001,2024-08-29,85.7,94.64,100.0,0
G0001934,A00106,S001,2024-08-29,94.71,94.64,100.0,0
G0001935,A00107,S001,2024-08-29,94.82,94.64,100.0,0
G0001936,A00108,S001,2024-08-29,77.65,94.64,100.0,0
G0001937,A00101,S001,2024-08-30,307.17,305.9,100.0,0
G0001938,A00102,S001,2024-08-30,279.68,305.9,100.0,0
G0001939,A00103,S001,2024-08-30,306.34,305.9,100.0,0
G0001940,A00104,S001,2024-08-30,304.18,305.9,100.0,0
G0001941,A00105,S001,2024-08-30,246.27,305.9,100.0,0
G0001942,A00106,S001,2024-08-30,304.32,305.9,100.0,0
G0001943,A00107,S001,2024-08-30,305.81,305.9,100.0,0
G0001944,A00108,S001,2024-08-30,294.88,305.9,95.83,1
G0001945,A00101,S001,2024-08-31,194.77,194.84,100.0,0
G0001946,A00102,S001,2024-08-31,195.65,194.84,100.0,0
G0001947,A00103,S001,2024-08-31,195.3,194.84,100.0,0
G0001948,A00104,S001,2024-08-31,196.51,194.84,100.0,0
G0001949,A00105,S001,2024-08-31,194.49,194.84,100.0,0
G0001950,A00106,S001,2024-08-31,193.02,194.84,100.0,0
G0001951,A00107,S001,2024-08-31,184.95,194.84,95.83,1
G0001952,A00108,S001,2024-08-31,194.1,194.84,100.0,0
G0001953,A00101,S001,2024-09-01,340.31,342.0,100.0,0
G0001954,A00102,S001,2024-09-01,343.25,342.0,100.0,0
G0001955,A00103,S001,2024-09-01,341.21,342.0,100.0,0
G0001956,A00104,S001,2024-09-01,313.62,342.0,100.0,0
G0001957,A00105,S001,2024-09-01,340.42,342.0,100.0,0
G0001958,A00106,S001,2024-09-01,273.54,342.0,100.0,0
G0001959,A00107,S001,2024-09-01,288.5,342.0,91.67,2
G0001960,A00108,S001,2024-09-01,342.9,342.0,100.0,0
G0001961,A00101,S001,2024-09-02,221.68,264.41,83.33,4
G0001962,A00102,S001,2024-09-02,266.27,264.41,100.0,0
G0001963,A00103,S001,2024-09-02,262.48,264.41,100.0,0
G0001964,A00104,S001,2024-09-02,263.92,264.41,100.0,0
G0001965,A00105,S001,2024-09-02,262.53,264.41,100.0,0
G0001966,A00106,S001,2024-09-02,224.0,264.41,91.67,2
G0001967,A00107,S001,2024-09-02,265.42,264.41,100.0,0
G0001968,A00108,S001,2024-09-02,264.89,264.41,100.0,0
G0001969,A00101,S001,2024-09-03,188.7,233.71,100.0,0
G0001970,A00102,S001,2024-09-03,155.5,233.71,66.67,8
G0001971,A00103,S001,2024-09-03,235.55,233.71,100.0,0
G0001972,A00104,S001,2024-09-03,157.44,233.71,66.67,8
G0001973,A00105,S001,2024-09-03,235.7,233.71,100.0,0
G0001974,A00106,S001,2024-09-03,231.86,233.71,100.0,0
G0001975,A00107,S001,2024-09-03,234.32,233.71,100.0,0
G0001976,A00108,S001,2024-09-03,234.35,233.71,100.0,0
G0001977,A00101,S001,2024-09-04,253.48,252.93,100.0,0
G0001978,A00102,S001,2024-09-04,251.25,252.93,100.0,0
G0001979,A00103,S001,2024-09-04,202.1,252.93,100.0,0
G0001980,A00104,S001,2024-09-04,252.91,252.93,100.0,0
G0001981,A00105,S001,2024-09-04,233.32,252.93,100.0,0
G0001982,A00106,S001,2024-09-04,252.95,252.93,100.0,0
G0001983,A00107,S001,2024-09-04,251.84,252.93,100.0,0
G0001984,A00108,S001,2024-09-04,132.96,252.93,66.67,8
G0001985,A00101,S001,2024-09-05,264.86,266.41,100.0,0
G0001986,A00102,S001,2024-09-05,267.73,266.41,100.0,0
G0001987,A00103,S001,2024-09-05,265.54,266.41,100.0,0
G0001988,A00104,S001,2024-09-05,268.31,266.41,100.0,0
G0001989,A00105,S001,2024-09-05,212.3,266.41,100.0,0
G0001990,A00106,S001,2024-09-05,265.01,266.41,100.0,0
G0001991,A00107,S001,2024-09-05,265.66,266.41,100.0,0
G0001992,A00108,S001,2024-09-05,267.26,266.41,100.0,0
G0001993,A00101,S001,2024-09-06,95.07,93.25,100.0,0
G0001994,A00102,S001,2024-09-06,64.15,93.25,66.67,8
G0001995,A00103,S001,2024-09-06,91.73,93.25,100.0,0
G0001996,A00104,S001,2024-09-06,93.88,93.25,100.0,0
G0001997,A00105,S001,2024-09-06,93.55,93.25,100.0,0
G0001998,A00106,S001,2024-09-06,95.16,93.25,100.0,0
G0001999,A00107,S001,2024-09-06,75.37,93.25,100.0,0
G0002000,A00108,S001,2024-09-06,76.02,93.25,83.33,4
G0002001,A00101,S001,2024-09-07,282.37,281.06,100.0,0
G0002002,A00102,S001,2024-09-07,259.28,281.06,91.67,2
G0002003,A00103,S001,2024-09-07,282.25,281.06,100.0,0
G0002004,A00104,S001,2024-09-07,281.08,281.06,100.0,0
G0002005,A00105,S001,2024-09-07,257.37,281.06,100.0,0
G0002006,A00106,S001,2024-09-07,280.74,281.06,100.0,0
G0002007,A00107,S001,2024-09-07,279.47,281.06,100.0,0
G0002008,A00108,S001,2024-09-07,279.73,281.06,100.0,0
G0002009,A00101,S001,2024-09-08,73.07,74.1,100.0,0
G0002010,A00102,S001,2024-09-08,67.52,74.1,100.0,0
G0002011,A00103,S001,2024-09-08,72.4,74.1,100.0,0
G0002012,A00104,S001,2024-09-08,63.02,74.1,91.67,2
G0002013,A00105,S001,2024-09-08,74.9,74.1,100.0,0
G0002014,A00106,S001,2024-09-08,75.38,74.1,100.0,0
G0002015,A00107,S001,2024-09-08,74.47,74.1,100.0,0
G0002016,A00108,S001,2024-09-08,72.81,74.1,100.0,0
G0002017,A00101,S001,2024-09-09,148.78,148.68,100.0,0
G0002018,A00102,S001,2024-09-09,135.83,148.68,91.67,2
G0002019,A00103,S001,2024-09-09,125.68,148.68,83.33,4
G0002020,A00104,S001,2024-09-09,147.8,148.68,100.0,0
G0002021,A00105,S001,2024-09-09,147.35,148.68,100.0,0
G0002022,A00106,S001,2024-09-09,147.36,148.68,100.0,0
G0002023,A00107,S001,2024-09-09,147.11,148.68,100.0,0
G0002024,A00108,S001,2024-09-09,148.89,148.68,100.0,0
G0002025,A00101,S001,2024-09-10,257.41,257.46,100.0,0
G0002026,A00102,S001,2024-09-10,259.25,257.46,100.0,0
G0002027,A00103,S001,2024-09-10,257.28,257.46,100.0,0
G0002028,A00104,S001,2024-09-10,235.34,257.46,100.0,0
G0002029,A00105,S001,2024-09-10,256.01,257.46,100.0,0
G0002030,A00106,S001,2024-09-10,207.18,257.46,100.0,0
G0002031,A00107,S001,2024-09-10,256.09,257.46,100.0,0
G0002032,A00108,S001,2024-09-10,258.15,257.46,100.0,0
G0002033,A00101,S001,2024-09-11,104.19,105.42,100.0,0
G0002034,A00102,S001,2024-09-11,107.22,105.42,100.0,0
G0002035,A00103,S001,2024-09-11,106.91,105.42,100.0,0
G0002036,A00104,S001,2024-09-11,105.36,105.42,100.0,0
G0002037,A00105,S001,2024-09-11,105.96,105.42,100.0,0
G0002038,A00106,S001,2024-09-11,104.28,105.42,100.0,0
G0002039,A00107,S001,2024-09-11,106.26,105.42,100.0,0
G0002040,A00108,S001,2024-09-11,105.95,105.42,100.0,0
G0002041,A00101,S001,2024-09-12,104.33,112.67,100.0,0
G0002042,A00102,S001,2024-09-12,112.85,112.67,100.0,0
G0002043,A00103,S001,2024-09-12,91.73,112.67,100.0,0
G0002044,A00104,S001,2024-09-12,111.66,112.67,100.0,0
G0002045,A00105,S001,2024-09-12,90.78,112.67,100.0,0
G0002046,A00106,S001,2024-09-12,114.2,112.67,100.0,0
G0002047,A00107,S001,2024-09-12,108.73,112.67,95.83,1
G0002048,A00108,S001,2024-09-12,114.08,112.67,100.0,0
G0002049,A00101,S001,2024-09-13,103.3,104.26,100.0,0
G0002050,A00102,S001,2024-09-13,104.81,104.26,100.0,0
G0002051,A00103,S001,2024-09-13,105.76,104.26,100.0,0
G0002052,A00104,S001,2024-09-13,106.13,104.26,100.0,0
G0002053,A00105,S001,2024-09-13,106.06,104.26,100.0,0
G0002054,A00106,S001,2024-09-13,103.59,104.26,100.0,0
G0002055,A00107,S001,2024-09-13,102.46,104.26,100.0,0
G0002056,A00108,S001,2024-09-13,69.12,104.26,100.0,0
G0002057,A00101,S001,2024-09-14,162.39,163.39,100.0,0
G0002058,A00102,S001,2024-09-14,163.5,163.39,100.0,0
G0002059,A00103,S001,2024-09-14,162.52,163.39,100.0,0
G0002060,A00104,S001,2024-09-14,161.53,163.39,100.0,0
G0002061,A00105,S001,2024-09-14,162.99,163.39,100.0,0
G0002062,A00106,S001,2024-09-14,142.36,163.39,95.83,1
G0002063,A00107,S001,2024-09-14,161.47,163.39,100.0,0
G0002064,A00108,S001,2024-09-14,148.7,163.39,100.0,0
G0002065,A00101,S001,2024-09-15,57.86,58.65,100.0,0
G0002066,A00102,S001,2024-09-15,47.23,58.65,100.0,0
G0002067,A00103,S001,2024-09-15,58.28,58.65,100.0,0
G0002068,A00104,S001,2024-09-15,58.68,58.65,100.0,0
G0002069,A00105,S001,2024-09-15,40.91,58.65,66.67,8
G0002070,A00106,S001,2024-09-15,58.96,58.65,100.0,0
G0002071,A00107,S001,2024-09-15,58.56,58.65,100.0,0
G0002072,A00108,S001,2024-09-15,59.17,58.65,100.0,0
G0002073,A00101,S001,2024-09-16,120.98,119.63,100.0,0
G0002074,A00102,S001,2024-09-16,117.86,119.63,100.0,0
G0002075,A00103,S001,2024-09-16,120.97,119.63,100.0,0
G0002076,A00104,S001,2024-09-16,121.11,119.63,100.0,0
G0002077,A00105,S001,2024-09-16,119.58,119.63,100.0,0
G0002078,A00106,S001,2024-09-16,99.54,119.63,83.33,4
G0002079,A00107,S001,2024-09-16,120.56,119.63,100.0,0
G0002080,A00108,S001,2024-09-16,118.14,119.63,100.0,0
G0002081,A00101,S001,2024-09-17,120.46,130.96,100.0,0
G0002082,A00102,S001,2024-09-17,132.45,130.96,100.0,0
G0002083,A00103,S001,2024-09-17,132.94,130.96,100.0,0
G0002084,A00104,S001,2024-09-17,124.79,130.96,95.83,1
G0002085,A00105,S001,2024-09-17,130.12,130.96,100.0,0
G0002086,A00106,S001,2024-09-17,104.25,130.96,100.0,0
G0002087,A00107,S001,2024-09-17,130.28,130.96,100.0,0
G0002088,A00108,S001,2024-09-17,51.04,130.96,50.0,12
G0002089,A00101,S001,2024-09-18,67.87,100.6,66.67,8
G0002090,A00102,S001,2024-09-18,98.98,100.6,100.0,0
G0002091,A00103,S001,2024-09-18,101.14,100.6,100.0,0
G0002092,A00104,S001,2024-09-18,99.37,100.6,100.0,0
G0002093,A00105,S001,2024-09-18,93.13,100.6,91.67,2
G0002094,A00106,S001,2024-09-18,80.72,100.6,100.0,0
G0002095,A00107,S001,2024-09-18,99.01,100.6,100.0,0
G0002096,A00108,S001,2024-09-18,99.11,100.6,100.0,0
G0002097,A00101,S001,2024-09-19,98.73,122.23,100.0,0
G0002098,A00102,S001,2024-09-19,115.15,122.23,95.83,1
G0002099,A00103,S001,2024-09-19,98.24,122.23,100.0,0
G0002100,A00104,S001,2024-09-19,120.54,122.23,100.0,0
G0002101,A00105,S001,2024-09-19,121.93,122.23,100.0,0
G0002102,A00106,S001,2024-09-19,121.19,122.23,100.0,0
G0002103,A00107,S001,2024-09-19,121.65,122.23,100.0,0
G0002104,A00108,S001,2024-09-19,122.65,122.23,100.0,0
G0002105,A00101,S001,2024-09-20,265.1,264.32,100.0,0
G0002106,A00102,S001,2024-09-20,243.78,264.32,100.0,0
G0002107,A00103,S001,2024-09-20,234.12,264.32,95.83,1
G0002108,A00104,S001,2024-09-20,265.82,264.32,100.0,0
G0002109,A00105,S001,2024-09-20,266.05,264.32,100.0,0
G0002110,A00106,S001,2024-09-20,263.1,264.32,100.0,0
G0002111,A00107,S001,2024-09-20,244.83,264.32,100.0,0
G0002112,A00108,S001,2024-09-20,264.9,264.32,100.0,0
G0002113,A00101,S001,2024-09-21,16.12,18.0,100.0,0
G0002114,A00102,S001,2024-09-21,17.82,18.0,100.0,0
G0002115,A00103,S001,2024-09-21,18.18,18.0,100.0,0
G0002116,A00104,S001,2024-09-21,18.85,18.0,100.0,0
G0002117,A00105,S001,2024-09-21,14.89,18.0,100.0,0
G0002118,A00106,S001,2024-09-21,18.84,18.0,100.0,0
G0002119,A00107,S001,2024-09-21,19.41,18.0,100.0,0
G0002120,A00108,S001,2024-09-21,18.69,18.0,100.0,0
G0002121,A00101,S001,2024-09-22,236.79,236.13,100.0,0
G0002122,A00102,S001,2024-09-22,234.9,236.13,100.0,0
G0002123,A00103,S001,2024-09-22,234.82,236.13,100.0,0
G0002124,A00104,S001,2024-09-22,235.77,236.13,100.0,0
G0002125,A00105,S001,2024-09-22,188.15,236.13,100.0,0
G0002126,A00106,S001,2024-09-22,237.48,236.13,100.0,0
G0002127,A00107,S001,2024-09-22,218.13,236.13,91.67,2
G0002128,A00108,S001,2024-09-22,236.64,236.13,100.0,0
G0002129,A00101,S001,2024-09-23,143.5,188.17,95.83,1
G0002130,A00102,S001,2024-09-23,159.68,188.17,91.67,2
G0002131,A00103,S001,2024-09-23,187.32,188.17,100.0,0
G0002132,A00104,S001,2024-09-23,189.51,188.17,100.0,0
G0002133,A00105,S001,2024-09-23,149.58,188.17,100.0,0
G0002134,A00106,S001,2024-09-23,187.63,188.17,100.0,0
G0002135,A00107,S001,2024-09-23,173.87,188.17,100.0,0
G0002136,A00108,S001,2024-09-23,171.12,188.17,91.67,2
G0002137,A00101,S001,2024-09-24,313.5,311.62,100.0,0
G0002138,A00102,S001,2024-09-24,311.68,311.62,100.0,0
G0002139,A00103,S001,2024-09-24,313.31,311.62,100.0,0
G0002140,A00104,S001,2024-09-24,311.49,311.62,100.0,0
G0002141,A00105,S001,2024-09-24,313.23,311.62,100.0,0
G0002142,A00106,S001,2024-09-24,313.23,311.62,100.0,0
G0002143,A00107,S001,2024-09-24,313.24,311.62,100.0,0
G0002144,A00108,S001,2024-09-24,311.81,311.62,100.0,0
G0002145,A00101,S001,2024-09-25,68.92,69.94,100.0,0
G0002146,A00102,S001,2024-09-25,69.55,69.94,100.0,0
G0002147,A00103,S001,2024-09-25,65.85,69.94,91.67,2
G0002148,A00104,S001,2024-09-25,69.02,69.94,100.0,0
G0002149,A00105,S001,2024-09-25,68.61,69.94,100.0,0
G0002150,A00106,S001,2024-09-25,70.04,69.94,100.0,0
G0002151,A00107,S001,2024-09-25,70.6,69.94,100.0,0
G0002152,A00108,S001,2024-09-25,71.11,69.94,100.0,0
G0002153,A00101,S001,2024-09-26,124.35,125.12,100.0,0
G0002154,A00102,S001,2024-09-26,126.02,125.12,100.0,0
G0002155,A00103,S001,2024-09-26,123.14,125.12,100.0,0
G0002156,A00104,S001,2024-09-26,124.7,125.12,100.0,0
G0002157,A00105,S001,2024-09-26,124.98,125.12,100.0,0
G0002158,A00106,S001,2024-09-26,113.97,125.12,91.67,2
G0002159,A00107,S001,2024-09-26,124.26,125.12,100.0,0
G0002160,A00108,S001,2024-09-26,120.05,125.12,95.83,1
G0002161,A00101,S001,2024-09-27,69.74,70.29,100.0,0
G0002162,A00102,S001,2024-09-27,69.89,70.29,100.0,0
G0002163,A00103,S001,2024-09-27,68.47,70.29,100.0,0
G0002164,A00104,S001,2024-09-27,69.01,70.29,100.0,0
G0002165,A00105,S001,2024-09-27,70.22,70.29,100.0,0
G0002166,A00106,S001,2024-09-27,58.17,70.29,83.33,4
G0002167,A00107,S001,2024-09-27,69.68,70.29,100.0,0
G0002168,A00108,S001,2024-09-27,71.52,70.29,100.0,0
G0002169,A00101,S001,2024-09-28,278.07,278.38,100.0,0
G0002170,A00102,S001,2024-09-28,276.85,278.38,100.0,0
G0002171,A00103,S001,2024-09-28,267.91,278.38,95.83,1
G0002172,A00104,S001,2024-09-28,221.15,278.38,100.0,0
G0002173,A00105,S001,2024-09-28,279.86,278.38,100.0,0
G0002174,A00106,S001,2024-09-28,223.54,278.38,100.0,0
G0002175,A00107,S001,2024-09-28,279.87,278.38,100.0,0
G0002176,A00108,S001,2024-09-28,279.85,278.38,100.0,0
G0002177,A00101,S001,2024-09-29,340.09,342.0,100.0,0
G0002178,A00102,S001,2024-09-29,341.79,342.0,100.0,0
G0002179,A00103,S001,2024-09-29,342.93,342.0,100.0,0
G0002180,A00104,S001,2024-09-29,342.14,342.0,100.0,0
G0002181,A00105,S001,2024-09-29,343.57,342.0,100.0,0
G0002182,A00106,S001,2024-09-29,343.68,342.0,100.0,0
G0002183,A00107,S001,2024-09-29,288.7,342.0,91.67,2
G0002184,A00108,S001,2024-09-29,342.44,342.0,100.0,0
G0002185,A00101,S001,2024-09-30,199.09,199.88,100.0,0
G0002186,A00102,S001,2024-09-30,200.77,199.88,100.0,0
G0002187,A00103,S001,2024-09-30,185.75,199.88,100.0,0
G0002188,A00104,S001,2024-09-30,130.38,199.88,100.0,0
G0002189,A00105,S001,2024-09-30,198.08,199.88,100.0,0
G0002190,A00106,S001,2024-09-30,159.0,199.88,100.0,0
G0002191,A00107,S001,2024-09-30,198.06,199.88,100.0,0
G0002192,A00108,S001,2024-09-30,197.9,199.88,100.0,0
G0002193,A00101,S001,2024-10-01,211.45,213.06,100.0,0
G0002194,A00102,S001,2024-10-01,213.51,213.06,100.0,0
G0002195,A00103,S001,2024-10-01,212.75,213.06,100.0,0
G0002196,A00104,S001,2024-10-01,213.29,213.06,100.0,0
G0002197,A00105,S001,2024-10-01,194.62,213.06,100.0,0
G0002198,A00106,S001,2024-10-01,211.74,213.06,100.0,0
G0002199,A00107,S001,2024-10-01,213.35,213.06,100.0,0
G0002200,A00108,S001,2024-10-01,136.82,213.06,100.0,0
G0002201,A00101,S001,2024-10-02,103.0,102.66,100.0,0
G0002202,A00102,S001,2024-10-02,103.72,102.66,100.0,0
G0002203,A00103,S001,2024-10-02,104.62,102.66,100.0,0
G0002204,A00104,S001,2024-10-02,104.46,102.66,100.0,0
G0002205,A00105,S001,2024-10-02,101.1,102.66,100.0,0
G0002206,A00106,S001,2024-10-02,100.32,102.66,95.83,1
G0002207,A00107,S001,2024-10-02,101.53,102.66,100.0,0
G0002208,A00108,S001,2024-10-02,103.18,102.66,100.0,0
G0002209,A00101,S001,2024-10-03,126.77,127.15,100.0,0
G0002210,A00102,S001,2024-10-03,100.35,127.15,100.0,0
G0002211,A00103,S001,2024-10-03,128.47,127.15,100.0,0
G0002212,A00104,S001,2024-10-03,125.55,127.15,100.0,0
G0002213,A00105,S001,2024-10-03,125.91,127.15,100.0,0
G0002214,A00106,S001,2024-10-03,127.17,127.15,100.0,0
G0002215,A00107,S001,2024-10-03,125.24,127.15,100.0,0
G0002216,A00108,S001,2024-10-03,127.89,127.15,100.0,0
G0002217,A00101,S001,2024-10-04,343.65,342.0,100.0,0
G0002218,A00102,S001,2024-10-04,341.89,342.0,100.0,0
G0002219,A00103,S001,2024-10-04,340.26,342.0,100.0,0
G0002220,A00104,S001,2024-10-04,342.73,342.0,100.0,0
G0002221,A00105,S001,2024-10-04,341.85,342.0,100.0,0
G0002222,A00106,S001,2024-10-04,316.13,342.0,100.0,0
G0002223,A00107,S001,2024-10-04,340.28,342.0,100.0,0
G0002224,A00108,S001,2024-10-04,342.08,342.0,100.0,0
G0002225,A00101,S001,2024-10-05,68.44,68.02,100.0,0
G0002226,A00102,S001,2024-10-05,69.33,68.02,100.0,0
G0002227,A00103,S001,2024-10-05,63.48,68.02,100.0,0
G0002228,A00104,S001,2024-10-05,54.93,68.02,100.0,0
G0002229,A00105,S001,2024-10-05,69.4,68.02,100.0,0
G0002230,A00106,S001,2024-10-05,68.9,68.02,100.0,0
G0002231,A00107,S001,2024-10-05,66.99,68.02,100.0,0
G0002232,A00108,S001,2024-10-05,68.79,68.02,100.0,0
G0002233,A00101,S001,2024-10-06,138.1,138.3,100.0,0
G0002234,A00102,S001,2024-10-06,136.86,138.3,100.0,0
G0002235,A00103,S001,2024-10-06,127.49,138.3,100.0,0
G0002236,A00104,S001,2024-10-06,138.57,138.3,100.0,0
G0002237,A00105,S001,2024-10-06,136.92,138.3,100.0,0
G0002238,A00106,S001,2024-10-06,139.74,138.3,100.0,0
G0002239,A00107,S001,2024-10-06,127.57,138.3,100.0,0
G0002240,A00108,S001,2024-10-06,138.33,138.3,100.0,0
G0002241,A00101,S001,2024-10-07,80.36,80.36,100.0,0
G0002242,A00102,S001,2024-10-07,64.88,80.36,100.0,0
G0002243,A00103,S001,2024-10-07,79.88,80.36,100.0,0
G0002244,A00104,S001,2024-10-07,79.19,80.36,100.0,0
G0002245,A00105,S001,2024-10-07,78.84,80.36,100.0,0
G0002246,A00106,S001,2024-10-07,80.91,80.36,100.0,0
G0002247,A00107,S001,2024-10-07,81.51,80.36,100.0,0
G0002248,A00108,S001,2024-10-07,78.49,80.36,100.0,0
G0002249,A00101,S001,2024-10-08,319.86,321.54,100.0,0
G0002250,A00102,S001,2024-10-08,320.52,321.54,100.0,0
G0002251,A00103,S001,2024-10-08,258.66,321.54,100.0,0
G0002252,A00104,S001,2024-10-08,323.46,321.54,100.0,0
G0002253,A00105,S001,2024-10-08,322.48,321.54,100.0,0
G0002254,A00106,S001,2024-10-08,307.36,321.54,95.83,1
G0002255,A00107,S001,2024-10-08,321.45,321.54,100.0,0
G0002256,A00108,S001,2024-10-08,309.31,321.54,95.83,1
G0002257,A00101,S001,2024-10-09,84.03,84.83,100.0,0
G0002258,A00102,S001,2024-10-09,85.29,84.83,100.0,0
G0002259,A00103,S001,2024-10-09,85.23,84.83,100.0,0
G0002260,A00104,S001,2024-10-09,84.88,84.83,100.0,0
G0002261,A00105,S001,2024-10-09,77.04,84.83,100.0,0
G0002262,A00106,S001,2024-10-09,84.59,84.83,100.0,0
G0002263,A00107,S001,2024-10-09,77.04,84.83,91.67,2
G0002264,A00108,S001,2024-10-09,83.09,84.83,100.0,0
G0002265,A00101,S001,2024-10-10,109.46,108.34,100.0,0
G0002266,A00102,S001,2024-10-10,107.62,108.34,100.0,0
G0002267,A00103,S001,2024-10-10,108.78,108.34,100.0,0
G0002268,A00104,S001,2024-10-10,109.41,108.34,100.0,0
G0002269,A00105,S001,2024-10-10,106.97,108.34,100.0,0
G0002270,A00106,S001,2024-10-10,73.38,108.34,66.67,8
G0002271,A00107,S001,2024-10-10,86.56,108.34,100.0,0
G0002272,A00108,S001,2024-10-10,107.68,108.34,100.0,0
G0002273,A00101,S001,2024-10-11,176.77,177.15,100.0,0
G0002274,A00102,S001,2024-10-11,179.05,177.15,100.0,0
G0002275,A00103,S001,2024-10-11,175.98,177.15,100.0,0
G0002276,A00104,S001,2024-10-11,176.44,177.15,100.0,0
G0002277,A00105,S001,2024-10-11,175.95,177.15,100.0,0
G0002278,A00106,S001,2024-10-11,161.41,177.15,100.0,0
G0002279,A00107,S001,2024-10-11,178.04,177.15,100.0,0
G0002280,A00108,S001,2024-10-11,148.26,177.15,83.33,4
G0002281,A00101,S001,2024-10-12,299.12,298.56,100.0,0
G0002282,A00102,S001,2024-10-12,237.29,298.56,100.0,0
G0002283,A00103,S001,2024-10-12,299.66,298.56,100.0,0
G0002284,A00104,S001,2024-10-12,297.75,298.56,100.0,0
G0002285,A00105,S001,2024-10-12,298.85,298.56,100.0,0
G0002286,A00106,S001,2024-10-12,297.73,298.56,100.0,0
G0002287,A00107,S001,2024-10-12,299.7,298.56,100.0,0
G0002288,A00108,S001,2024-10-12,276.3,298.56,100.0,0
G0002289,A00101,S001,2024-10-13,235.73,234.92,100.0,0
G0002290,A00102,S001,2024-10-13,233.39,234.92,100.0,0
G0002291,A00103,S001,2024-10-13,233.11,234.92,100.0,0
G0002292,A00104,S001,2024-10-13,213.41,234.92,91.67,2
G0002293,A00105,S001,2024-10-13,236.11,234.92,100.0,0
G0002294,A00106,S001,2024-10-13,235.45,234.92,100.0,0
G0002295,A00107,S001,2024-10-13,189.06,234.92,100.0,0
G0002296,A00108,S001,2024-10-13,214.47,234.92,100.0,0
G0002297,A00101,S001,2024-10-14,17.81,18.0,100.0,0
G0002298,A00102,S001,2024-10-14,16.29,18.0,100.0,0
G0002299,A00103,S001,2024-10-14,18.77,18.0,100.0,0
G0002300,A00104,S001,2024-10-14,18.3,18.0,100.0,0
G0002301,A00105,S001,2024-10-14,16.89,18.0,100.0,0
G0002302,A00106,S001,2024-10-14,18.66,18.0,100.0,0
G0002303,A00107,S001,2024-10-14,19.52,18.0,100.0,0
G0002304,A00108,S001,2024-10-14,16.82,18.0,100.0,0
G0002305,A00101,S001,2024-10-15,272.91,342.0,100.0,0
G0002306,A00102,S001,2024-10-15,341.21,342.0,100.0,0
G0002307,A00103,S001,2024-10-15,272.47,342.0,100.0,0
G0002308,A00104,S001,2024-10-15,314.4,342.0,100.0,0
G0002309,A00105,S001,2024-10-15,342.98,342.0,100.0,0
G0002310,A00106,S001,2024-10-15,341.6,342.0,100.0,0
G0002311,A00107,S001,2024-10-15,340.37,342.0,100.0,0
G0002312,A00108,S001,2024-10-15,311.99,342.0,91.67,2
G0002313,A00101,S001,2024-10-16,283.25,281.31,100.0,0
G0002314,A00102,S001,2024-10-16,279.75,281.31,100.0,0
G0002315,A00103,S001,2024-10-16,280.91,281.31,100.0,0
G0002316,A00104,S001,2024-10-16,226.39,281.31,100.0,0
G0002317,A00105,S001,2024-10-16,283.3,281.31,100.0,0
G0002318,A00106,S001,2024-10-16,281.19,281.31,100.0,0
G0002319,A00107,S001,2024-10-16,280.6,281.31,100.0,0
G0002320,A00108,S001,2024-10-16,279.82,281.31,100.0,0
G0002321,A00101,S001,2024-10-17,119.12,124.83,95.83,1
G0002322,A00102,S001,2024-10-17,126.58,124.83,100.0,0
G0002323,A00103,S001,2024-10-17,123.56,124.83,100.0,0
G0002324,A00104,S001,2024-10-17,124.82,124.83,100.0,0
G0002325,A00105,S001,2024-10-17,113.9,124.83,100.0,0
G0002326,A00106,S001,2024-10-17,126.39,124.83,100.0,0
G0002327,A00107,S001,2024-10-17,108.24,124.83,95.83,1
G0002328,A00108,S001,2024-10-17,123.46,124.83,100.0,0
G0002329,A00101,S001,2024-10-18,144.33,219.85,100.0,0
G0002330,A00102,S001,2024-10-18,220.4,219.85,100.0,0
G0002331,A00103,S001,2024-10-18,200.78,219.85,100.0,0
G0002332,A00104,S001,2024-10-18,220.72,219.85,100.0,0
G0002333,A00105,S001,2024-10-18,201.05,219.85,100.0,0
G0002334,A00106,S001,2024-10-18,174.78,219.85,100.0,0
G0002335,A00107,S001,2024-10-18,221.4,219.85,100.0,0
G0002336,A00108,S001,2024-10-18,220.49,219.85,100.0,0
G0002337,A00101,S001,2024-10-19,326.28,342.0,95.83,1
G0002338,A00102,S001,2024-10-19,343.74,342.0,100.0,0
G0002339,A00103,S001,2024-10-19,325.94,342.0,95.83,1
G0002340,A00104,S001,2024-10-19,340.14,342.0,100.0,0
G0002341,A00105,S001,2024-10-19,342.29,342.0,100.0,0
G0002342,A00106,S001,2024-10-19,343.27,342.0,100.0,0
G0002343,A00107,S001,2024-10-19,342.49,342.0,100.0,0
G0002344,A00108,S001,2024-10-19,343.07,342.0,100.0,0
G0002345,A00101,S001,2024-10-20,83.25,82.6,100.0,0
G0002346,A00102,S001,2024-10-20,80.85,82.6,100.0,0
G0002347,A00103,S001,2024-10-20,64.58,82.6,100.0,0
G0002348,A00104,S001,2024-10-20,82.8,82.6,100.0,0
G0002349,A00105,S001,2024-10-20,78.9,82.6,95.83,1
G0002350,A00106,S001,2024-10-20,76.01,82.6,100.0,0
G0002351,A00107,S001,2024-10-20,47.99,82.6,91.67,2
G0002352,A00108,S001,2024-10-20,83.53,82.6,100.0,0
G0002353,A00101,S001,2024-10-21,133.78,134.85,100.0,0
G0002354,A00102,S001,2024-10-21,133.26,134.85,100.0,0
G0002355,A00103,S001,2024-10-21,136.23,134.85,100.0,0
G0002356,A00104,S001,2024-10-21,108.32,134.85,100.0,0
G0002357,A00105,S001,2024-10-21,109.68,134.85,100.0,0
G0002358,A00106,S001,2024-10-21,104.96,134.85,95.83,1
G0002359,A00107,S001,2024-10-21,105.89,134.85,100.0,0
G0002360,A00108,S001,2024-10-21,136.55,134.85,100.0,0
G0002361,A00101,S001,2024-10-22,219.56,218.33,100.0,0
G0002362,A00102,S001,2024-10-22,218.91,218.33,100.0,0
G0002363,A00103,S001,2024-10-22,199.14,218.33,100.0,0
G0002364,A00104,S001,2024-10-22,199.36,218.33,100.0,0
G0002365,A00105,S001,2024-10-22,199.91,218.33,91.67,2
G0002366,A00106,S001,2024-10-22,216.8,218.33,100.0,0
G0002367,A00107,S001,2024-10-22,218.21,218.33,100.0,0
G0002368,A00108,S001,2024-10-22,219.3,218.33,100.0,0
G0002369,A00101,S001,2024-10-23,221.83,342.0,100.0,0
G0002370,A00102,S001,2024-10-23,342.34,342.0,100.0,0
G0002371,A00103,S001,2024-10-23,343.03,342.0,100.0,0
G0002372,A00104,S001,2024-10-23,222.71,342.0,100.0,0
G0002373,A00105,S001,2024-10-23,315.3,342.0,100.0,0
G0002374,A00106,S001,2024-10-23,285.55,342.0,83.33,4
G0002375,A00107,S001,2024-10-23,341.1,342.0,100.0,0
G0002376,A00108,S001,2024-10-23,343.35,342.0,100.0,0
G0002377,A00101,S001,2024-10-24,226.32,225.66,100.0,0
G0002378,A00102,S001,2024-10-24,225.9,225.66,100.0,0
G0002379,A00103,S001,2024-10-24,227.36,225.66,100.0,0
G0002380,A00104,S001,2024-10-24,226.83,225.66,100.0,0
G0002381,A00105,S001,2024-10-24,226.71,225.66,100.0,0
G0002382,A00106,S001,2024-10-24,207.29,225.66,100.0,0
G0002383,A00107,S001,2024-10-24,226.81,225.66,100.0,0
G0002384,A00108,S001,2024-10-24,227.42,225.66,100.0,0
G0002385,A00101,S001,2024-10-25,77.28,75.5,100.0,0
G0002386,A00102,S001,2024-10-25,70.12,75.5,91.67,2
G0002387,A00103,S001,2024-10-25,74.87,75.5,100.0,0
G0002388,A00104,S001,2024-10-25,73.69,75.5,100.0,0
G0002389,A00105,S001,2024-10-25,51.51,75.5,66.67,8
G0002390,A00106,S001,2024-10-25,74.78,75.5,100.0,0
G0002391,A00107,S001,2024-10-25,76.87,75.5,100.0,0
G0002392,A00108,S001,2024-10-25,76.46,75.5,100.0,0
G0002393,A00101,S001,2024-10-26,209.73,209.75,100.0,0
G0002394,A00102,S001,2024-10-26,210.58,209.75,100.0,0
G0002395,A00103,S001,2024-10-26,193.99,209.75,100.0,0
G0002396,A00104,S001,2024-10-26,210.07,209.75,100.0,0
G0002397,A00105,S001,2024-10-26,210.77,209.75,100.0,0
G0002398,A00106,S001,2024-10-26,208.54,209.75,100.0,0
G0002399,A00107,S001,2024-10-26,192.58,209.75,100.0,0
G0002400,A00108,S001,2024-10-26,209.33,209.75,100.0,0
G0002401,A00101,S001,2024-10-27,340.33,342.0,100.0,0
G0002402,A00102,S001,2024-10-27,342.19,342.0,100.0,0
G0002403,A00103,S001,2024-10-27,343.33,342.0,100.0,0
G0002404,A00104,S001,2024-10-27,342.59,342.0,100.0,0
G0002405,A00105,S001,2024-10-27,340.08,342.0,100.0,0
G0002406,A00106,S001,2024-10-27,342.2,342.0,100.0,0
G0002407,A00107,S001,2024-10-27,314.96,342.0,100.0,0
G0002408,A00108,S001,2024-10-27,263.19,342.0,95.83,1
G0002409,A00101,S001,2024-10-28,261.48,342.0,95.83,1
G0002410,A00102,S001,2024-10-28,286.44,342.0,83.33,4
G0002411,A00103,S001,2024-10-28,340.52,342.0,100.0,0
G0002412,A00104,S001,2024-10-28,341.9,342.0,100.0,0
G0002413,A00105,S001,2024-10-28,342.88,342.0,100.0,0
G0002414,A00106,S001,2024-10-28,343.94,342.0,100.0,0
G0002415,A00107,S001,2024-10-28,342.48,342.0,100.0,0
G0002416,A00108,S001,2024-10-28,272.29,342.0,100.0,0
G0002417,A00101,S001,2024-10-29,146.4,148.14,100.0,0
G0002418,A00102,S001,2024-10-29,119.42,148.14,100.0,0
G0002419,A00103,S001,2024-10-29,149.91,148.14,100.0,0
G0002420,A00104,S001,2024-10-29,148.29,148.14,100.0,0
G0002421,A00105,S001,2024-10-29,149.64,148.14,100.0,0
G0002422,A00106,S001,2024-10-29,148.86,148.14,100.0,0
G0002423,A00107,S001,2024-10-29,148.99,148.14,100.0,0
G0002424,A00108,S001,2024-10-29,118.97,148.14,100.0,0
G0002425,A00101,S001,2024-10-30,158.75,160.03,100.0,0
G0002426,A00102,S001,2024-10-30,158.39,160.03,100.0,0
G0002427,A00103,S001,2024-10-30,127.57,160.03,100.0,0
G0002428,A00104,S001,2024-10-30,159.4,160.03,100.0,0
G0002429,A00105,S001,2024-10-30,161.55,160.03,100.0,0
G0002430,A00106,S001,2024-10-30,158.94,160.03,100.0,0
G0002431,A00107,S001,2024-10-30,161.04,160.03,100.0,0
G0002432,A00108,S001,2024-10-30,161.96,160.03,100.0,0
G0002433,A00101,S001,2024-10-31,136.44,138.33,100.0,0
G0002434,A00102,S001,2024-10-31,129.09,138.33,100.0,0
G0002435,A00103,S001,2024-10-31,137.21,138.33,100.0,0
G0002436,A00104,S001,2024-10-31,122.36,138.33,95.83,1
G0002437,A00105,S001,2024-10-31,134.09,138.33,95.83,1
G0002438,A00106,S001,2024-10-31,136.45,138.33,100.0,0
G0002439,A00107,S001,2024-10-31,112.43,138.33,100.0,0
G0002440,A00108,S001,2024-10-31,137.73,138.33,100.0,0
G0002441,A00101,S001,2024-11-01,13.3,25.1,50.0,12
G0002442,A00102,S001,2024-11-01,24.89,25.1,100.0,0
G0002443,A00103,S001,2024-11-01,24.56,25.1,100.0,0
G0002444,A00104,S001,2024-11-01,24.72,25.1,100.0,0
G0002445,A00105,S001,2024-11-01,19.65,25.1,91.67,2
G0002446,A00106,S001,2024-11-01,21.49,25.1,100.0,0
G0002447,A00107,S001,2024-11-01,25.21,25.1,100.0,0
G0002448,A00108,S001,2024-11-01,25.29,25.1,100.0,0
G0002449,A00101,S001,2024-11-02,132.83,134.5,100.0,0
G0002450,A00102,S001,2024-11-02,134.94,134.5,100.0,0
G0002451,A00103,S001,2024-11-02,90.75,134.5,66.67,8
G0002452,A00104,S001,2024-11-02,136.29,134.5,100.0,0
G0002453,A00105,S001,2024-11-02,123.91,134.5,100.0,0
G0002454,A00106,S001,2024-11-02,132.69,134.5,100.0,0
G0002455,A00107,S001,2024-11-02,105.81,134.5,100.0,0
G0002456,A00108,S001,2024-11-02,128.99,134.5,95.83,1
G0002457,A00101,S001,2024-11-03,72.58,85.05,91.67,2
G0002458,A00102,S001,2024-11-03,85.62,85.05,100.0,0
G0002459,A00103,S001,2024-11-03,78.72,85.05,91.67,2
G0002460,A00104,S001,2024-11-03,86.31,85.05,100.0,0
G0002461,A00105,S001,2024-11-03,38.16,85.05,66.67,8
G0002462,A00106,S001,2024-11-03,83.62,85.05,100.0,0
G0002463,A00107,S001,2024-11-03,77.94,85.05,100.0,0
G0002464,A00108,S001,2024-11-03,80.33,85.05,95.83,1
G0002465,A00101,S001,2024-11-04,175.19,173.58,100.0,0
G0002466,A00102,S001,2024-11-04,174.09,173.58,100.0,0
G0002467,A00103,S001,2024-11-04,174.24,173.58,100.0,0
G0002468,A00104,S001,2024-11-04,175.19,173.58,100.0,0
G0002469,A00105,S001,2024-11-04,175.36,173.58,100.0,0
G0002470,A00106,S001,2024-11-04,138.46,173.58,100.0,0
G0002471,A00107,S001,2024-11-04,172.02,173.58,100.0,0
G0002472,A00108,S001,2024-11-04,161.5,173.58,100.0,0
G0002473,A00101,S001,2024-11-05,130.81,129.47,100.0,0
G0002474,A00102,S001,2024-11-05,128.44,129.47,100.0,0
G0002475,A00103,S001,2024-11-05,129.86,129.47,100.0,0
G0002476,A00104,S001,2024-11-05,117.44,129.47,91.67,2
G0002477,A00105,S001,2024-11-05,131.27,129.47,100.0,0
G0002478,A00106,S001,2024-11-05,85.72,129.47,83.33,4
G0002479,A00107,S001,2024-11-05,128.09,129.47,100.0,0
G0002480,A00108,S001,2024-11-05,128.25,129.47,100.0,0
G0002481,A00101,S001,2024-11-06,34.79,36.22,100.0,0
G0002482,A00102,S001,2024-11-06,35.85,36.22,100.0,0
G0002483,A00103,S001,2024-11-06,37.95,36.22,100.0,0
G0002484,A00104,S001,2024-11-06,35.15,36.22,100.0,0
G0002485,A00105,S001,2024-11-06,37.29,36.22,100.0,0
G0002486,A00106,S001,2024-11-06,36.47,36.22,100.0,0
G0002487,A00107,S001,2024-11-06,35.07,36.22,100.0,0
G0002488,A00108,S001,2024-11-06,36.01,36.22,100.0,0
G0002489,A00101,S001,2024-11-07,114.25,125.69,100.0,0
G0002490,A00102,S001,2024-11-07,126.24,125.69,100.0,0
G0002491,A00103,S001,2024-11-07,69.61,125.69,83.33,4
G0002492,A00104,S001,2024-11-07,124.27,125.69,100.0,0
G0002493,A00105,S001,2024-11-07,124.6,125.69,100.0,0
G0002494,A00106,S001,2024-11-07,127.46,125.69,100.0,0
G0002495,A00107,S001,2024-11-07,125.47,125.69,100.0,0
G0002496,A00108,S001,2024-11-07,125.29,125.69,100.0,0
G0002497,A00101,S001,2024-11-08,193.6,201.52,95.83,1
G0002498,A00102,S001,2024-11-08,201.15,201.52,100.0,0
G0002499,A00103,S001,2024-11-08,199.95,201.52,100.0,0
G0002500,A00104,S001,2024-11-08,186.49,201.52,100.0,0
G0002501,A00105,S001,2024-11-08,201.72,201.52,100.0,0
G0002502,A00106,S001,2024-11-08,200.24,201.52,100.0,0
G0002503,A00107,S001,2024-11-08,202.19,201.52,100.0,0
G0002504,A00108,S001,2024-11-08,200.14,201.52,100.0,0
G0002505,A00101,S001,2024-11-09,188.53,194.92,95.83,1
G0002506,A00102,S001,2024-11-09,179.62,194.92,91.67,2
G0002507,A00103,S001,2024-11-09,193.27,194.92,100.0,0
G0002508,A00104,S001,2024-11-09,185.4,194.92,95.83,1
G0002509,A00105,S001,2024-11-09,196.56,194.92,100.0,0
G0002510,A00106,S001,2024-11-09,195.74,194.92,100.0,0
G0002511,A00107,S001,2024-11-09,196.53,194.92,100.0,0
G0002512,A00108,S001,2024-11-09,195.4,194.92,100.0,0
G0002513,A00101,S001,2024-11-10,65.92,85.13,95.83,1
G0002514,A00102,S001,2024-11-10,83.67,85.13,100.0,0
G0002515,A00103,S001,2024-11-10,83.21,85.13,100.0,0
G0002516,A00104,S001,2024-11-10,68.45,85.13,100.0,0
G0002517,A00105,S001,2024-11-10,67.05,85.13,95.83,1
G0002518,A00106,S001,2024-11-10,54.58,85.13,95.83,1
G0002519,A00107,S001,2024-11-10,84.71,85.13,100.0,0
G0002520,A00108,S001,2024-11-10,57.43,85.13,66.67,8
G0002521,A00101,S001,2024-11-11,113.88,115.81,100.0,0
G0002522,A00102,S001,2024-11-11,117.22,115.81,100.0,0
G0002523,A00103,S001,2024-11-11,117.48,115.81,100.0,0
G0002524,A00104,S001,2024-11-11,109.94,115.81,95.83,1
G0002525,A00105,S001,2024-11-11,113.97,115.81,100.0,0
G0002526,A00106,S001,2024-11-11,114.13,115.81,100.0,0
G0002527,A00107,S001,2024-11-11,93.15,115.81,100.0,0
G0002528,A00108,S001,2024-11-11,117.43,115.81,100.0,0
G0002529,A00101,S001,2024-11-12,315.78,342.0,100.0,0
G0002530,A00102,S001,2024-11-12,274.48,342.0,100.0,0
G0002531,A00103,S001,2024-11-12,343.65,342.0,100.0,0
G0002532,A00104,S001,2024-11-12,341.27,342.0,100.0,0
G0002533,A00105,S001,2024-11-12,343.22,342.0,100.0,0
G0002534,A00106,S001,2024-11-12,340.62,342.0,100.0,0
G0002535,A00107,S001,2024-11-12,312.68,342.0,100.0,0
G0002536,A00108,S001,2024-11-12,315.11,342.0,100.0,0
G0002537,A00101,S001,2024-11-13,59.63,61.14,100.0,0
G0002538,A00102,S001,2024-11-13,59.47,61.14,100.0,0
G0002539,A00103,S001,2024-11-13,52.12,61.14,83.33,4
G0002540,A00104,S001,2024-11-13,60.42,61.14,100.0,0
G0002541,A00105,S001,2024-11-13,63.09,61.14,100.0,0
G0002542,A00106,S001,2024-11-13,61.85,61.14,100.0,0
G0002543,A00107,S001,2024-11-13,59.17,61.14,100.0,0
G0002544,A00108,S001,2024-11-13,61.31,61.14,100.0,0
G0002545,A00101,S001,2024-11-14,85.14,133.07,100.0,0
G0002546,A00102,S001,2024-11-14,133.09,133.07,100.0,0
G0002547,A00103,S001,2024-11-14,123.36,133.07,100.0,0
G0002548,A00104,S001,2024-11-14,105.46,133.07,100.0,0
G0002549,A00105,S001,2024-11-14,132.44,133.07,100.0,0
G0002550,A00106,S001,2024-11-14,131.39,133.07,100.0,0
G0002551,A00107,S001,2024-11-14,134.04,133.07,100.0,0
G0002552,A00108,S001,2024-11-14,121.87,133.07,100.0,0
G0002553,A00101,S001,2024-11-15,163.85,163.93,100.0,0
G0002554,A00102,S001,2024-11-15,165.92,163.93,100.0,0
G0002555,A00103,S001,2024-11-15,163.34,163.93,100.0,0
G0002556,A00104,S001,2024-11-15,132.53,163.93,100.0,0
G0002557,A00105,S001,2024-11-15,150.62,163.93,100.0,0
G0002558,A00106,S001,2024-11-15,162.02,163.93,100.0,0
G0002559,A00107,S001,2024-11-15,107.08,163.93,100.0,0
G0002560,A00108,S001,2024-11-15,164.57,163.93,100.0,0
G0002561,A00101,S001,2024-11-16,126.62,128.53,100.0,0
G0002562,A00102,S001,2024-11-16,103.02,128.53,100.0,0
G0002563,A00103,S001,2024-11-16,128.26,128.53,100.0,0
G0002564,A00104,S001,2024-11-16,101.06,128.53,100.0,0
G0002565,A00105,S001,2024-11-16,128.44,128.53,100.0,0
G0002566,A00106,S001,2024-11-16,104.04,128.53,100.0,0
G0002567,A00107,S001,2024-11-16,127.17,128.53,100.0,0
G0002568,A00108,S001,2024-11-16,127.02,128.53,100.0,0
G0002569,A00101,S001,2024-11-17,116.85,148.25,100.0,0
G0002570,A00102,S001,2024-11-17,147.55,148.25,100.0,0
G0002571,A00103,S001,2024-11-17,143.73,148.25,95.83,1
G0002572,A00104,S001,2024-11-17,148.56,148.25,100.0,0
G0002573,A00105,S001,2024-11-17,147.53,148.25,100.0,0
G0002574,A00106,S001,2024-11-17,123.91,148.25,83.33,4
G0002575,A00107,S001,2024-11-17,148.13,148.25,100.0,0
G0002576,A00108,S001,2024-11-17,149.25,148.25,100.0,0
G0002577,A00101,S001,2024-11-18,253.45,304.38,83.33,4
G0002578,A00102,S001,2024-11-18,302.96,304.38,100.0,0
G0002579,A00103,S001,2024-11-18,304.92,304.38,100.0,0
G0002580,A00104,S001,2024-11-18,302.97,304.38,100.0,0
G0002581,A00105,S001,2024-11-18,198.27,304.38,100.0,0
G0002582,A00106,S001,2024-11-18,306.22,304.38,100.0,0
G0002583,A00107,S001,2024-11-18,305.33,304.38,100.0,0
G0002584,A00108,S001,2024-11-18,305.55,304.38,100.0,0
G0002585,A00101,S001,2024-11-19,188.31,187.26,100.0,0
G0002586,A00102,S001,2024-11-19,170.87,187.26,100.0,0
G0002587,A00103,S001,2024-11-19,188.29,187.26,100.0,0
G0002588,A00104,S001,2024-11-19,188.09,187.26,100.0,0
G0002589,A00105,S001,2024-11-19,189.08,187.26,100.0,0
G0002590,A00106,S001,2024-11-19,178.93,187.26,95.83,1
G0002591,A00107,S001,2024-11-19,187.78,187.26,100.0,0
G0002592,A00108,S001,2024-11-19,188.6,187.26,100.0,0
G0002593,A00101,S001,2024-11-20,152.08,153.55,100.0,0
G0002594,A00102,S001,2024-11-20,153.65,153.55,100.0,0
G0002595,A00103,S001,2024-11-20,155.44,153.55,100.0,0
G0002596,A00104,S001,2024-11-20,153.52,153.55,100.0,0
G0002597,A00105,S001,2024-11-20,153.14,153.55,100.0,0
G0002598,A00106,S001,2024-11-20,153.35,153.55,100.0,0
G0002599,A00107,S001,2024-11-20,139.71,153.55,91.67,2
G0002600,A00108,S001,2024-11-20,154.93,153.55,100.0,0
G0002601,A00101,S001,2024-11-21,248.35,259.88,95.83,1
G0002602,A00102,S001,2024-11-21,260.95,259.88,100.0,0
G0002603,A00103,S001,2024-11-21,260.08,259.88,100.0,0
G0002604,A00104,S001,2024-11-21,260.22,259.88,100.0,0
G0002605,A00105,S001,2024-11-21,238.68,259.88,100.0,0
G0002606,A00106,S001,2024-11-21,260.38,259.88,100.0,0
G0002607,A00107,S001,2024-11-21,261.22,259.88,100.0,0
G0002608,A00108,S001,2024-11-21,261.48,259.88,100.0,0
G0002609,A00101,S001,2024-11-22,117.69,118.87,100.0,0
G0002610,A00102,S001,2024-11-22,120.61,118.87,100.0,0
G0002611,A00103,S001,2024-11-22,118.07,118.87,100.0,0
G0002612,A00104,S001,2024-11-22,118.09,118.87,100.0,0
G0002613,A00105,S001,2024-11-22,120.43,118.87,100.0,0
G0002614,A00106,S001,2024-11-22,116.92,118.87,100.0,0
G0002615,A00107,S001,2024-11-22,115.71,118.87,95.83,1
G0002616,A00108,S001,2024-11-22,77.68,118.87,100.0,0
G0002617,A00101,S001,2024-11-23,70.62,70.15,100.0,0
G0002618,A00102,S001,2024-11-23,71.58,70.15,100.0,0
G0002619,A00103,S001,2024-11-23,63.83,70.15,91.67,2
G0002620,A00104,S001,2024-11-23,69.01,70.15,100.0,0
G0002621,A00105,S001,2024-11-23,62.84,70.15,100.0,0
G0002622,A00106,S001,2024-11-23,71.75,70.15,100.0,0
G0002623,A00107,S001,2024-11-23,57.67,70.15,100.0,0
G0002624,A00108,S001,2024-11-23,65.52,70.15,100.0,0
G0002625,A00101,S001,2024-11-24,343.48,342.0,100.0,0
G0002626,A00102,S001,2024-11-24,342.81,342.0,100.0,0
G0002627,A00103,S001,2024-11-24,340.26,342.0,100.0,0
G0002628,A00104,S001,2024-11-24,343.32,342.0,100.0,0
G0002629,A00105,S001,2024-11-24,283.18,342.0,83.33,4
G0002630,A00106,S001,2024-11-24,341.13,342.0,100.0,0
G0002631,A00107,S001,2024-11-24,341.09,342.0,100.0,0
G0002632,A00108,S001,2024-11-24,340.01,342.0,100.0,0
G0002633,A00101,S001,2024-11-25,343.39,342.0,100.0,0
G0002634,A00102,S001,2024-11-25,341.83,342.0,100.0,0
G0002635,A00103,S001,2024-11-25,341.49,342.0,100.0,0
G0002636,A00104,S001,2024-11-25,341.39,342.0,100.0,0
G0002637,A00105,S001,2024-11-25,341.39,342.0,100.0,0
G0002638,A00106,S001,2024-11-25,341.98,342.0,100.0,0
G0002639,A00107,S001,2024-11-25,342.41,342.0,100.0,0
G0002640,A00108,S001,2024-11-25,341.87,342.0,100.0,0
G0002641,A00101,S001,2024-11-26,224.49,224.09,100.0,0
G0002642,A00102,S001,2024-11-26,225.29,224.09,100.0,0
G0002643,A00103,S001,2024-11-26,224.87,224.09,100.0,0
G0002644,A00104,S001,2024-11-26,224.1,224.09,100.0,0
G0002645,A00105,S001,2024-11-26,225.83,224.09,100.0,0
G0002646,A00106,S001,2024-11-26,224.93,224.09,100.0,0
G0002647,A00107,S001,2024-11-26,225.28,224.09,100.0,0
G0002648,A00108,S001,2024-11-26,223.66,224.09,100.0,0
G0002649,A00101,S001,2024-11-27,181.22,180.45,100.0,0
G0002650,A00102,S001,2024-11-27,167.89,180.45,100.0,0
G0002651,A00103,S001,2024-11-27,166.79,180.45,100.0,0
G0002652,A00104,S001,2024-11-27,179.29,180.45,100.0,0
G0002653,A00105,S001,2024-11-27,148.44,180.45,83.33,4
G0002654,A00106,S001,2024-11-27,166.73,180.45,100.0,0
G0002655,A00107,S001,2024-11-27,182.23,180.45,100.0,0
G0002656,A00108,S001,2024-11-27,179.82,180.45,100.0,0
G0002657,A00101,S001,2024-11-28,136.89,134.99,100.0,0
G0002658,A00102,S001,2024-11-28,134.88,134.99,100.0,0
G0002659,A00103,S001,2024-11-28,134.68,134.99,100.0,0
G0002660,A00104,S001,2024-11-28,104.23,134.99,95.83,1
G0002661,A00105,S001,2024-11-28,109.03,134.99,100.0,0
G0002662,A00106,S001,2024-11-28,133.97,134.99,100.0,0
G0002663,A00107,S001,2024-11-28,134.51,134.99,100.0,0
G0002664,A00108,S001,2024-11-28,134.28,134.99,100.0,0
G0002665,A00101,S001,2024-11-29,149.7,149.0,100.0,0
G0002666,A00102,S001,2024-11-29,147.72,149.0,100.0,0
G0002667,A00103,S001,2024-11-29,149.14,149.0,100.0,0
G0002668,A00104,S001,2024-11-29,149.07,149.0,100.0,0
G0002669,A00105,S001,2024-11-29,135.24,149.0,100.0,0
G0002670,A00106,S001,2024-11-29,150.87,149.0,100.0,0
G0002671,A00107,S001,2024-11-29,148.55,149.0,100.0,0
G0002672,A00108,S001,2024-11-29,148.51,149.0,100.0,0
G0002673,A00101,S001,2024-11-30,219.53,217.74,100.0,0
G0002674,A00102,S001,2024-11-30,219.65,217.74,100.0,0
G0002675,A00103,S001,2024-11-30,218.91,217.74,100.0,0
G0002676,A00104,S001,2024-11-30,199.79,217.74,100.0,0
G0002677,A00105,S001,2024-11-30,217.48,217.74,100.0,0
G0002678,A00106,S001,2024-11-30,219.25,217.74,100.0,0
G0002679,A00107,S001,2024-11-30,216.71,217.74,100.0,0
G0002680,A00108,S001,2024-11-30,216.08,217.74,100.0,0
G0002681,A00101,S001,2024-12-01,189.22,235.74,100.0,0
G0002682,A00102,S001,2024-12-01,234.55,235.74,100.0,0
G0002683,A00103,S001,2024-12-01,235.23,235.74,100.0,0
G0002684,A00104,S001,2024-12-01,234.81,235.74,100.0,0
G0002685,A00105,S001,2024-12-01,235.02,235.74,100.0,0
G0002686,A00106,S001,2024-12-01,236.4,235.74,100.0,0
G0002687,A00107,S001,2024-12-01,235.96,235.74,100.0,0
G0002688,A00108,S001,2024-12-01,236.41,235.74,100.0,0
G0002689,A00101,S001,2024-12-02,307.54,307.04,100.0,0
G0002690,A00102,S001,2024-12-02,246.94,307.04,100.0,0
G0002691,A00103,S001,2024-12-02,306.32,307.04,100.0,0
G0002692,A00104,S001,2024-12-02,306.53,307.04,100.0,0
G0002693,A00105,S001,2024-12-02,308.67,307.04,100.0,0
G0002694,A00106,S001,2024-12-02,281.08,307.04,91.67,2
G0002695,A00107,S001,2024-12-02,307.12,307.04,100.0,0
G0002696,A00108,S001,2024-12-02,306.71,307.04,100.0,0
G0002697,A00101,S001,2024-12-03,133.02,132.42,100.0,0
G0002698,A00102,S001,2024-12-03,122.25,132.42,100.0,0
G0002699,A00103,S001,2024-12-03,132.37,132.42,100.0,0
G0002700,A00104,S001,2024-12-03,132.66,132.42,100.0,0
G0002701,A00105,S001,2024-12-03,130.97,132.42,100.0,0
G0002702,A00106,S001,2024-12-03,106.07,132.42,100.0,0
G0002703,A00107,S001,2024-12-03,134.16,132.42,100.0,0
G0002704,A00108,S001,2024-12-03,134.13,132.42,100.0,0
G0002705,A00101,S001,2024-12-04,184.37,185.26,100.0,0
G0002706,A00102,S001,2024-12-04,185.71,185.26,100.0,0
G0002707,A00103,S001,2024-12-04,184.02,185.26,100.0,0
G0002708,A00104,S001,2024-12-04,184.07,185.26,100.0,0
G0002709,A00105,S001,2024-12-04,186.15,185.26,100.0,0
G0002710,A00106,S001,2024-12-04,185.79,185.26,100.0,0
G0002711,A00107,S001,2024-12-04,177.04,185.26,95.83,1
G0002712,A00108,S001,2024-12-04,148.04,185.26,100.0,0
G0002713,A00101,S001,2024-12-05,177.67,179.41,100.0,0
G0002714,A00102,S001,2024-12-05,181.15,179.41,100.0,0
G0002715,A00103,S001,2024-12-05,179.09,179.41,100.0,0
G0002716,A00104,S001,2024-12-05,119.56,179.41,66.67,8
G0002717,A00105,S001,2024-12-05,177.97,179.41,100.0,0
G0002718,A00106,S001,2024-12-05,114.78,179.41,100.0,0
G0002719,A00107,S001,2024-12-05,177.92,179.41,100.0,0
G0002720,A00108,S001,2024-12-05,177.57,179.41,100.0,0
G0002721,A00101,S001,2024-12-06,230.74,231.85,100.0,0
G0002722,A00102,S001,2024-12-06,184.9,231.85,100.0,0
G0002723,A00103,S001,2024-12-06,232.9,231.85,100.0,0
G0002724,A00104,S001,2024-12-06,193.38,231.85,83.33,4
G0002725,A00105,S001,2024-12-06,232.31,231.85,100.0,0
G0002726,A00106,S001,2024-12-06,230.84,231.85,100.0,0
G0002727,A00107,S001,2024-12-06,233.42,231.85,100.0,0
G0002728,A00108,S001,2024-12-06,232.54,231.85,100.0,0
G0002729,A00101,S001,2024-12-07,337.5,337.73,100.0,0
G0002730,A00102,S001,2024-12-07,298.77,337.73,95.83,1
G0002731,A00103,S001,2024-12-07,338.42,337.73,100.0,0
G0002732,A00104,S001,2024-12-07,321.74,337.73,95.83,1
G0002733,A00105,S001,2024-12-07,336.55,337.73,100.0,0
G0002734,A00106,S001,2024-12-07,311.44,337.73,100.0,0
G0002735,A00107,S001,2024-12-07,337.14,337.73,100.0,0
G0002736,A00108,S001,2024-12-07,310.23,337.73,100.0,0
G0002737,A00101,S001,2024-12-08,340.09,342.0,100.0,0
G0002738,A00102,S001,2024-12-08,341.75,342.0,100.0,0
G0002739,A00103,S001,2024-12-08,341.39,342.0,100.0,0
G0002740,A00104,S001,2024-12-08,312.13,342.0,91.67,2
G0002741,A00105,S001,2024-12-08,342.12,342.0,100.0,0
G0002742,A00106,S001,2024-12-08,340.19,342.0,100.0,0
G0002743,A00107,S001,2024-12-08,342.46,342.0,100.0,0
G0002744,A00108,S001,2024-12-08,341.02,342.0,100.0,0
G0002745,A00101,S001,2024-12-09,257.55,259.28,100.0,0
G0002746,A00102,S001,2024-12-09,260.41,259.28,100.0,0
G0002747,A00103,S001,2024-12-09,247.63,259.28,95.83,1
G0002748,A00104,S001,2024-12-09,257.35,259.28,100.0,0
G0002749,A00105,S001,2024-12-09,260.37,259.28,100.0,0
G0002750,A00106,S001,2024-12-09,260.4,259.28,100.0,0
G0002751,A00107,S001,2024-12-09,259.42,259.28,100.0,0
G0002752,A00108,S001,2024-12-09,257.97,259.28,100.0,0
G0002753,A00101,S001,2024-12-10,233.79,232.41,100.0,0
G0002754,A00102,S001,2024-12-10,233.54,232.41,100.0,0
G0002755,A00103,S001,2024-12-10,233.26,232.41,100.0,0
G0002756,A00104,S001,2024-12-10,234.34,232.41,100.0,0
G0002757,A00105,S001,2024-12-10,232.37,232.41,100.0,0
G0002758,A00106,S001,2024-12-10,233.96,232.41,100.0,0
G0002759,A00107,S001,2024-12-10,233.55,232.41,100.0,0
G0002760,A00108,S001,2024-12-10,231.41,232.41,100.0,0
G0002761,A00101,S001,2024-12-11,196.68,300.48,100.0,0
G0002762,A00102,S001,2024-12-11,287.16,300.48,95.83,1
G0002763,A00103,S001,2024-12-11,299.35,300.48,100.0,0
G0002764,A00104,S001,2024-12-11,300.85,300.48,100.0,0
G0002765,A00105,S001,2024-12-11,300.07,300.48,100.0,0
G0002766,A00106,S001,2024-12-11,263.94,300.48,95.83,1
G0002767,A00107,S001,2024-12-11,299.3,300.48,100.0,0
G0002768,A00108,S001,2024-12-11,248.99,300.48,83.33,4
G0002769,A00101,S001,2024-12-12,238.84,272.81,95.83,1
G0002770,A00102,S001,2024-12-12,270.97,272.81,100.0,0
G0002771,A00103,S001,2024-12-12,272.13,272.81,100.0,0
G0002772,A00104,S001,2024-12-12,271.21,272.81,100.0,0
G0002773,A00105,S001,2024-12-12,272.84,272.81,100.0,0
G0002774,A00106,S001,2024-12-12,272.14,272.81,100.0,0
G0002775,A00107,S001,2024-12-12,272.28,272.81,100.0,0
G0002776,A00108,S001,2024-12-12,252.02,272.81,100.0,0
G0002777,A00101,S001,2024-12-13,36.21,57.85,100.0,0
G0002778,A00102,S001,2024-12-13,58.77,57.85,100.0,0
G0002779,A00103,S001,2024-12-13,56.63,57.85,100.0,0
G0002780,A00104,S001,2024-12-13,56.02,57.85,100.0,0
G0002781,A00105,S001,2024-12-13,56.62,57.85,100.0,0
G0002782,A00106,S001,2024-12-13,55.71,57.85,95.83,1
G0002783,A00107,S001,2024-12-13,36.25,57.85,100.0,0
G0002784,A00108,S001,2024-12-13,56.72,57.85,100.0,0
G0002785,A00101,S001,2024-12-14,270.77,269.86,100.0,0
G0002786,A00102,S001,2024-12-14,216.19,269.86,100.0,0
G0002787,A00103,S001,2024-12-14,259.14,269.86,95.83,1
G0002788,A00104,S001,2024-12-14,270.72,269.86,100.0,0
G0002789,A00105,S001,2024-12-14,271.44,269.86,100.0,0
G0002790,A00106,S001,2024-12-14,269.17,269.86,100.0,0
G0002791,A00107,S001,2024-12-14,269.48,269.86,100.0,0
G0002792,A00108,S001,2024-12-14,246.69,269.86,100.0,0
G0002793,A00101,S001,2024-12-15,163.77,212.59,95.83,1
G0002794,A00102,S001,2024-12-15,212.85,212.59,100.0,0
G0002795,A00103,S001,2024-12-15,214.38,212.59,100.0,0
G0002796,A00104,S001,2024-12-15,168.3,212.59,100.0,0
G0002797,A00105,S001,2024-12-15,214.5,212.59,100.0,0
G0002798,A00106,S001,2024-12-15,212.53,212.59,100.0,0
G0002799,A00107,S001,2024-12-15,193.73,212.59,91.67,2
G0002800,A00108,S001,2024-12-15,213.8,212.59,100.0,0
G0002801,A00101,S001,2024-12-16,81.59,82.99,100.0,0
G0002802,A00102,S001,2024-12-16,64.8,82.99,95.83,1
G0002803,A00103,S001,2024-12-16,82.88,82.99,100.0,0
G0002804,A00104,S001,2024-12-16,77.07,82.99,100.0,0
G0002805,A00105,S001,2024-12-16,81.34,82.99,100.0,0
G0002806,A00106,S001,2024-12-16,84.98,82.99,100.0,0
G0002807,A00107,S001,2024-12-16,84.68,82.99,100.0,0
G0002808,A00108,S001,2024-12-16,73.13,82.99,95.83,1
G0002809,A00101,S001,2024-12-17,133.71,132.3,100.0,0
G0002810,A00102,S001,2024-12-17,132.29,132.3,100.0,0
G0002811,A00103,S001,2024-12-17,131.66,132.3,100.0,0
G0002812,A00104,S001,2024-12-17,134.11,132.3,100.0,0
G0002813,A00105,S001,2024-12-17,131.98,132.3,100.0,0
G0002814,A00106,S001,2024-12-17,122.39,132.3,100.0,0
G0002815,A00107,S001,2024-12-17,130.45,132.3,100.0,0
G0002816,A00108,S001,2024-12-17,128.78,132.3,95.83,1
G0002817,A00101,S001,2024-12-18,165.83,166.19,100.0,0
G0002818,A00102,S001,2024-12-18,167.1,166.19,100.0,0
G0002819,A00103,S001,2024-12-18,153.52,166.19,100.0,0
G0002820,A00104,S001,2024-12-18,164.38,166.19,100.0,0
G0002821,A00105,S001,2024-12-18,167.44,166.19,100.0,0
G0002822,A00106,S001,2024-12-18,139.94,166.19,83.33,4
G0002823,A00107,S001,2024-12-18,167.02,166.19,100.0,0
G0002824,A00108,S001,2024-12-18,139.96,166.19,83.33,4
G0002825,A00101,S001,2024-12-19,215.27,226.54,95.83,1
G0002826,A00102,S001,2024-12-19,225.65,226.54,100.0,0
G0002827,A00103,S001,2024-12-19,224.58,226.54,100.0,0
G0002828,A00104,S001,2024-12-19,225.89,226.54,100.0,0
G0002829,A00105,S001,2024-12-19,180.04,226.54,100.0,0
G0002830,A00106,S001,2024-12-19,209.39,226.54,100.0,0
G0002831,A00107,S001,2024-12-19,226.9,226.54,100.0,0
G0002832,A00108,S001,2024-12-19,227.47,226.54,100.0,0
G0002833,A00101,S001,2024-12-20,340.07,342.0,100.0,0
G0002834,A00102,S001,2024-12-20,286.32,342.0,83.33,4
G0002835,A00103,S001,2024-12-20,314.93,342.0,100.0,0
G0002836,A00104,S001,2024-12-20,341.06,342.0,100.0,0
G0002837,A00105,S001,2024-12-20,342.67,342.0,100.0,0
G0002838,A00106,S001,2024-12-20,340.92,342.0,100.0,0
G0002839,A00107,S001,2024-12-20,340.01,342.0,100.0,0
G0002840,A00108,S001,2024-12-20,342.14,342.0,100.0,0
G0002841,A00101,S001,2024-12-21,200.08,199.0,100.0,0
G0002842,A00102,S001,2024-12-21,199.14,199.0,100.0,0
G0002843,A00103,S001,2024-12-21,184.78,199.0,100.0,0
G0002844,A00104,S001,2024-12-21,199.62,199.0,100.0,0
G0002845,A00105,S001,2024-12-21,197.98,199.0,100.0,0
G0002846,A00106,S001,2024-12-21,160.12,199.0,100.0,0
G0002847,A00107,S001,2024-12-21,197.65,199.0,100.0,0
G0002848,A00108,S001,2024-12-21,200.06,199.0,100.0,0
G0002849,A00101,S001,2024-12-22,343.75,342.0,100.0,0
G0002850,A00102,S001,2024-12-22,343.03,342.0,100.0,0
G0002851,A00103,S001,2024-12-22,341.35,342.0,100.0,0
G0002852,A00104,S001,2024-12-22,342.04,342.0,100.0,0
G0002853,A00105,S001,2024-12-22,341.43,342.0,100.0,0
G0002854,A00106,S001,2024-12-22,342.18,342.0,100.0,0
G0002855,A00107,S001,2024-12-22,315.86,342.0,100.0,0
G0002856,A00108,S001,2024-12-22,340.58,342.0,100.0,0
G0002857,A00101,S001,2024-12-23,238.21,236.79,100.0,0
G0002858,A00102,S001,2024-12-23,237.89,236.79,100.0,0
G0002859,A00103,S001,2024-12-23,236.73,236.79,100.0,0
G0002860,A00104,S001,2024-12-23,190.41,236.79,100.0,0
G0002861,A00105,S001,2024-12-23,217.29,236.79,91.67,2
G0002862,A00106,S001,2024-12-23,238.39,236.79,100.0,0
G0002863,A00107,S001,2024-12-23,234.86,236.79,100.0,0
G0002864,A00108,S001,2024-12-23,237.79,236.79,100.0,0
G0002865,A00101,S001,2024-12-24,302.51,302.31,100.0,0
G0002866,A00102,S001,2024-12-24,303.45,302.31,100.0,0
G0002867,A00103,S001,2024-12-24,302.01,302.31,100.0,0
G0002868,A00104,S001,2024-12-24,242.51,302.31,100.0,0
G0002869,A00105,S001,2024-12-24,304.31,302.31,100.0,0
G0002870,A00106,S001,2024-12-24,198.4,302.31,100.0,0
G0002871,A00107,S001,2024-12-24,301.94,302.31,100.0,0
G0002872,A00108,S001,2024-12-24,300.68,302.31,100.0,0
G0002873,A00101,S001,2024-12-25,54.73,66.54,83.33,4
G0002874,A00102,S001,2024-12-25,64.86,66.54,100.0,0
G0002875,A00103,S001,2024-12-25,67.56,66.54,100.0,0
G0002876,A00104,S001,2024-12-25,68.29,66.54,100.0,0
G0002877,A00105,S001,2024-12-25,61.85,66.54,100.0,0
G0002878,A00106,S001,2024-12-25,52.48,66.54,100.0,0
G0002879,A00107,S001,2024-12-25,67.51,66.54,100.0,0
G0002880,A00108,S001,2024-12-25,51.25,66.54,100.0,0
G0002881,A00101,S001,2024-12-26,275.18,342.0,100.0,0
G0002882,A00102,S001,2024-12-26,343.67,342.0,100.0,0
G0002883,A00103,S001,2024-12-26,341.88,342.0,100.0,0
G0002884,A00104,S001,2024-12-26,343.29,342.0,100.0,0
G0002885,A00105,S001,2024-12-26,342.73,342.0,100.0,0
G0002886,A00106,S001,2024-12-26,343.37,342.0,100.0,0
G0002887,A00107,S001,2024-12-26,342.45,342.0,100.0,0
G0002888,A00108,S001,2024-12-26,340.54,342.0,100.0,0
G0002889,A00101,S001,2024-12-27,77.11,81.48,95.83,1
G0002890,A00102,S001,2024-12-27,81.85,81.48,100.0,0
G0002891,A00103,S001,2024-12-27,82.74,81.48,100.0,0
G0002892,A00104,S001,2024-12-27,68.75,81.48,83.33,4
G0002893,A00105,S001,2024-12-27,79.77,81.48,100.0,0
G0002894,A00106,S001,2024-12-27,66.35,81.48,83.33,4
G0002895,A00107,S001,2024-12-27,80.07,81.48,100.0,0
G0002896,A00108,S001,2024-12-27,83.39,81.48,100.0,0
G0002897,A00101,S001,2024-12-28,104.66,105.91,100.0,0
G0002898,A00102,S001,2024-12-28,97.04,105.91,91.67,2
G0002899,A00103,S001,2024-12-28,105.77,105.91,100.0,0
G0002900,A00104,S001,2024-12-28,101.33,105.91,95.83,1
G0002901,A00105,S001,2024-12-28,96.0,105.91,100.0,0
G0002902,A00106,S001,2024-12-28,107.06,105.91,100.0,0
G0002903,A00107,S001,2024-12-28,106.49,105.91,100.0,0
G0002904,A00108,S001,2024-12-28,105.82,105.91,100.0,0
G0002905,A00101,S001,2024-12-29,221.72,222.85,100.0,0
G0002906,A00102,S001,2024-12-29,176.72,222.85,100.0,0
G0002907,A00103,S001,2024-12-29,221.94,222.85,100.0,0
G0002908,A00104,S001,2024-12-29,220.93,222.85,100.0,0
G0002909,A00105,S001,2024-12-29,212.7,222.85,95.83,1
G0002910,A00106,S001,2024-12-29,223.07,222.85,100.0,0
G0002911,A00107,S001,2024-12-29,221.58,222.85,100.0,0
G0002912,A00108,S001,2024-12-29,220.93,222.85,100.0,0
G0002913,A00101,S001,2024-12-30,195.44,194.56,100.0,0
G0002914,A00102,S001,2024-12-30,193.36,194.56,100.0,0
G0002915,A00103,S001,2024-12-30,194.82,194.56,100.0,0
G0002916,A00104,S001,2024-12-30,193.54,194.56,100.0,0
G0002917,A00105,S001,2024-12-30,193.53,194.56,100.0,0
G0002918,A00106,S001,2024-12-30,153.71,194.56,100.0,0
G0002919,A00107,S001,2024-12-30,194.2,194.56,100.0,0
G0002920,A00108,S001,2024-12-30,195.52,194.56,100.0,0
G0002921,A00101,S001,2024-12-31,337.25,339.1,100.0,0
G0002922,A00102,S001,2024-12-31,313.55,339.1,100.0,0
G0002923,A00103,S001,2024-12-31,309.22,339.1,91.67,2
G0002924,A00104,S001,2024-12-31,340.86,339.1,100.0,0
G0002925,A00105,S001,2024-12-31,337.77,339.1,100.0,0
G0002926,A00106,S001,2024-12-31,271.24,339.1,100.0,0
G0002927,A00107,S001,2024-12-31,310.38,339.1,100.0,0
G0002928,A00108,S001,2024-12-31,337.1,339.1,100.0,0
G0002929,A00201,S002,2024-01-01,29.39,44.77,100.0,0
G0002930,A00202,S002,2024-01-01,40.12,44.77,100.0,0
G0002931,A00203,S002,2024-01-01,39.98,44.77,100.0,0
G0002932,A00204,S002,2024-01-01,45.24,44.77,100.0,0
G0002933,A00205,S002,2024-01-01,44.23,44.77,100.0,0
G0002934,A00206,S002,2024-01-01,40.91,44.77,100.0,0
G0002935,A00207,S002,2024-01-01,44.28,44.77,100.0,0
G0002936,A00208,S002,2024-01-01,46.14,44.77,100.0,0
G0002937,A00209,S002,2024-01-01,43.06,44.77,100.0,0
G0002938,A00210,S002,2024-01-01,43.43,44.77,100.0,0
G0002939,A00201,S002,2024-01-02,8.02,9.6,100.0,0
G0002940,A00202,S002,2024-01-02,9.21,9.6,100.0,0
G0002941,A00203,S002,2024-01-02,8.29,9.6,100.0,0
G0002942,A00204,S002,2024-01-02,10.03,9.6,100.0,0
G0002943,A00205,S002,2024-01-02,7.62,9.6,100.0,0
G0002944,A00206,S002,2024-01-02,7.96,9.6,100.0,0
G0002945,A00207,S002,2024-01-02,7.82,9.6,100.0,0
G0002946,A00208,S002,2024-01-02,9.07,9.6,100.0,0
G0002947,A00209,S002,2024-01-02,10.87,9.6,100.0,0
G0002948,A00210,S002,2024-01-02,10.03,9.6,100.0,0
G0002949,A00201,S002,2024-01-03,81.95,81.85,100.0,0
G0002950,A00202,S002,2024-01-03,83.16,81.85,100.0,0
G0002951,A00203,S002,2024-01-03,73.86,81.85,100.0,0
G0002952,A00204,S002,2024-01-03,80.44,81.85,100.0,0
G0002953,A00205,S002,2024-01-03,80.17,81.85,100.0,0
G0002954,A00206,S002,2024-01-03,83.82,81.85,100.0,0
G0002955,A00207,S002,2024-01-03,79.96,81.85,100.0,0
G0002956,A00208,S002,2024-01-03,79.97,81.85,100.0,0
G0002957,A00209,S002,2024-01-03,82.19,81.85,100.0,0
G0002958,A00210,S002,2024-01-03,63.87,81.85,100.0,0
G0002959,A00201,S002,2024-01-04,59.21,57.26,100.0,0
G0002960,A00202,S002,2024-01-04,57.28,57.26,100.0,0
G0002961,A00203,S002,2024-01-04,57.44,57.26,100.0,0
G0002962,A00204,S002,2024-01-04,56.41,57.26,100.0,0
G0002963,A00205,S002,2024-01-04,58.56,57.26,100.0,0
G0002964,A00206,S002,2024-01-04,56.78,57.26,100.0,0
G0002965,A00207,S002,2024-01-04,57.66,57.26,100.0,0
G0002966,A00208,S002,2024-01-04,57.32,57.26,100.0,0
G0002967,A00209,S002,2024-01-04,56.2,57.26,100.0,0
G0002968,A00210,S002,2024-01-04,56.55,57.26,100.0,0
G0002969,A00201,S002,2024-01-05,104.34,103.84,100.0,0
G0002970,A00202,S002,2024-01-05,105.26,103.84,100.0,0
G0002971,A00203,S002,2024-01-05,101.91,103.84,100.0,0
G0002972,A00204,S002,2024-01-05,84.77,103.84,100.0,0
G0002973,A00205,S002,2024-01-05,102.03,103.84,100.0,0
G0002974,A00206,S002,2024-01-05,94.03,103.84,100.0,0
G0002975,A00207,S002,2024-01-05,104.34,103.84,100.0,0
G0002976,A00208,S002,2024-01-05,105.63,103.84,100.0,0
G0002977,A00209,S002,2024-01-05,94.7,103.84,91.67,2
G0002978,A00210,S002,2024-01-05,102.91,103.84,100.0,0
G0002979,A00201,S002,2024-01-06,82.48,81.8,100.0,0
G0002980,A00202,S002,2024-01-06,80.77,81.8,100.0,0
G0002981,A00203,S002,2024-01-06,82.7,81.8,100.0,0
G0002982,A00204,S002,2024-01-06,82.92,81.8,100.0,0
G0002983,A00205,S002,2024-01-06,71.29,81.8,95.83,1
G0002984,A00206,S002,2024-01-06,82.8,81.8,100.0,0
G0002985,A00207,S002,2024-01-06,78.01,81.8,95.83,1
G0002986,A00208,S002,2024-01-06,82.54,81.8,100.0,0
G0002987,A00209,S002,2024-01-06,60.81,81.8,83.33,4
G0002988,A00210,S002,2024-01-06,80.92,81.8,100.0,0
G0002989,A00201,S002,2024-01-07,39.25,39.78,100.0,0
G0002990,A00202,S002,2024-01-07,41.71,39.78,100.0,0
G0002991,A00203,S002,2024-01-07,34.48,39.78,83.33,4
G0002992,A00204,S002,2024-01-07,40.53,39.78,100.0,0
G0002993,A00205,S002,2024-01-07,41.45,39.78,100.0,0
G0002994,A00206,S002,2024-01-07,41.1,39.78,100.0,0
G0002995,A00207,S002,2024-01-07,39.36,39.78,100.0,0
G0002996,A00208,S002,2024-01-07,38.16,39.78,100.0,0
G0002997,A00209,S002,2024-01-07,40.93,39.78,100.0,0
G0002998,A00210,S002,2024-01-07,40.15,39.78,100.0,0
G0002999,A00201,S002,2024-01-08,77.84,83.07,100.0,0
G0003000,A00202,S002,2024-01-08,64.13,83.07,83.33,4
G0003001,A00203,S002,2024-01-08,82.62,83.07,100.0,0
G0003002,A00204,S002,2024-01-08,83.28,83.07,100.0,0
G0003003,A00205,S002,2024-01-08,78.35,83.07,95.83,1
G0003004,A00206,S002,2024-01-08,39.96,83.07,50.0,12
G0003005,A00207,S002,2024-01-08,83.46,83.07,100.0,0
G0003006,A00208,S002,2024-01-08,82.96,83.07,100.0,0
G0003007,A00209,S002,2024-01-08,84.98,83.07,100.0,0
G0003008,A00210,S002,2024-01-08,81.08,83.07,100.0,0
G0003009,A00201,S002,2024-01-09,89.15,90.87,100.0,0
G0003010,A00202,S002,2024-01-09,90.02,90.87,100.0,0
G0003011,A00203,S002,2024-01-09,90.78,90.87,100.0,0
G0003012,A00204,S002,2024-01-09,90.5,90.87,100.0,0
G0003013,A00205,S002,2024-01-09,73.12,90.87,100.0,0
G0003014,A00206,S002,2024-01-09,90.21,90.87,100.0,0
G0003015,A00207,S002,2024-01-09,73.48,90.87,100.0,0
G0003016,A00208,S002,2024-01-09,90.5,90.87,100.0,0
G0003017,A00209,S002,2024-01-09,91.98,90.87,100.0,0
G0003018,A00210,S002,2024-01-09,90.61,90.87,100.0,0
G0003019,A00201,S002,2024-01-10,74.89,76.72,100.0,0
G0003020,A00202,S002,2024-01-10,49.96,76.72,66.67,8
G0003021,A00203,S002,2024-01-10,75.01,76.72,95.83,1
G0003022,A00204,S002,2024-01-10,76.0,76.72,100.0,0
G0003023,A00205,S002,2024-01-10,75.6,76.72,100.0,0
G0003024,A00206,S002,2024-01-10,76.76,76.72,100.0,0
G0003025,A00207,S002,2024-01-10,78.11,76.72,100.0,0
G0003026,A00208,S002,2024-01-10,71.07,76.72,100.0,0
G0003027,A00209,S002,2024-01-10,78.58,76.72,100.0,0
G0003028,A00210,S002,2024-01-10,77.9,76.72,100.0,0
G0003029,A00201,S002,2024-01-11,35.04,38.1,91.67,2
G0003030,A00202,S002,2024-01-11,38.55,38.1,100.0,0
G0003031,A00203,S002,2024-01-11,38.86,38.1,100.0,0
G0003032,A00204,S002,2024-01-11,40.07,38.1,100.0,0
G0003033,A00205,S002,2024-01-11,38.39,38.1,100.0,0
G0003034,A00206,S002,2024-01-11,37.12,38.1,100.0,0
G0003035,A00207,S002,2024-01-11,38.39,38.1,100.0,0
G0003036,A00208,S002,2024-01-11,39.33,38.1,100.0,0
G0003037,A00209,S002,2024-01-11,35.61,38.1,100.0,0
G0003038,A00210,S002,2024-01-11,39.14,38.1,100.0,0
G0003039,A00201,S002,2024-01-12,82.97,82.69,100.0,0
G0003040,A00202,S002,2024-01-12,83.78,82.69,100.0,0
G0003041,A00203,S002,2024-01-12,84.12,82.69,100.0,0
G0003042,A00204,S002,2024-01-12,80.6,82.69,95.83,1
G0003043,A00205,S002,2024-01-12,83.8,82.69,100.0,0
G0003044,A00206,S002,2024-01-12,64.37,82.69,100.0,0
G0003045,A00207,S002,2024-01-12,81.31,82.69,100.0,0
G0003046,A00208,S002,2024-01-12,84.26,82.69,100.0,0
G0003047,A00209,S002,2024-01-12,82.94,82.69,100.0,0
G0003048,A00210,S002,2024-01-12,81.99,82.69,100.0,0
G0003049,A00201,S002,2024-01-13,39.23,41.16,100.0,0
G0003050,A00202,S002,2024-01-13,40.54,41.16,100.0,0
G0003051,A00203,S002,2024-01-13,28.36,41.16,100.0,0
G0003052,A00204,S002,2024-01-13,42.38,41.16,100.0,0
G0003053,A00205,S002,2024-01-13,41.34,41.16,100.0,0
G0003054,A00206,S002,2024-01-13,41.36,41.16,100.0,0
G0003055,A00207,S002,2024-01-13,42.86,41.16,100.0,0
G0003056,A00208,S002,2024-01-13,39.55,41.16,100.0,0
G0003057,A00209,S002,2024-01-13,40.68,41.16,95.83,1
G0003058,A00210,S002,2024-01-13,31.41,41.16,100.0,0
G0003059,A00201,S002,2024-01-14,31.63,35.38,100.0,0
G0003060,A00202,S002,2024-01-14,31.2,35.38,100.0,0
G0003061,A00203,S002,2024-01-14,35.43,35.38,100.0,0
G0003062,A00204,S002,2024-01-14,35.9,35.38,95.83,1
G0003063,A00205,S002,2024-01-14,28.29,35.38,83.33,4
G0003064,A00206,S002,2024-01-14,36.67,35.38,100.0,0
G0003065,A00207,S002,2024-01-14,27.8,35.38,100.0,0
G0003066,A00208,S002,2024-01-14,35.9,35.38,100.0,0
G0003067,A00209,S002,2024-01-14,35.01,35.38,100.0,0
G0003068,A00210,S002,2024-01-14,35.71,35.38,100.0,0
G0003069,A00201,S002,2024-01-15,72.48,72.5,100.0,0
G0003070,A00202,S002,2024-01-15,73.35,72.5,100.0,0
G0003071,A00203,S002,2024-01-15,73.95,72.5,100.0,0
G0003072,A00204,S002,2024-01-15,72.72,72.5,100.0,0
G0003073,A00205,S002,2024-01-15,70.78,72.5,95.83,1
G0003074,A00206,S002,2024-01-15,43.46,72.5,91.67,2
G0003075,A00207,S002,2024-01-15,70.59,72.5,100.0,0
G0003076,A00208,S002,2024-01-15,74.38,72.5,100.0,0
G0003077,A00209,S002,2024-01-15,71.03,72.5,100.0,0
G0003078,A00210,S002,2024-01-15,56.81,72.5,100.0,0
G0003079,A00201,S002,2024-01-16,55.44,82.78,100.0,0
G0003080,A00202,S002,2024-01-16,82.3,82.78,100.0,0
G0003081,A00203,S002,2024-01-16,78.08,82.78,100.0,0
G0003082,A00204,S002,2024-01-16,84.69,82.78,100.0,0
G0003083,A00205,S002,2024-01-16,84.35,82.78,100.0,0
G0003084,A00206,S002,2024-01-16,83.68,82.78,100.0,0
G0003085,A00207,S002,2024-01-16,84.24,82.78,100.0,0
G0003086,A00208,S002,2024-01-16,82.5,82.78,100.0,0
G0003087,A00209,S002,2024-01-16,83.51,82.78,100.0,0
G0003088,A00210,S002,2024-01-16,84.49,82.78,100.0,0
G0003089,A00201,S002,2024-01-17,28.31,30.16,100.0,0
G0003090,A00202,S002,2024-01-17,30.22,30.16,95.83,1
G0003091,A00203,S002,2024-01-17,32.06,30.16,100.0,0
G0003092,A00204,S002,2024-01-17,30.13,30.16,100.0,0
G0003093,A00205,S002,2024-01-17,29.87,30.16,100.0,0
G0003094,A00206,S002,2024-01-17,30.41,30.16,95.83,1
G0003095,A00207,S002,2024-01-17,29.44,30.16,100.0,0
G0003096,A00208,S002,2024-01-17,32.0,30.16,100.0,0
G0003097,A00209,S002,2024-01-17,31.04,30.16,100.0,0
G0003098,A00210,S002,2024-01-17,19.42,30.16,100.0,0
G0003099,A00201,S002,2024-01-18,104.19,103.02,100.0,0
G0003100,A00202,S002,2024-01-18,101.36,103.02,100.0,0
G0003101,A00203,S002,2024-01-18,102.33,103.02,100.0,0
G0003102,A00204,S002,2024-01-18,69.32,103.02,66.67,8
G0003103,A00205,S002,2024-01-18,68.71,103.02,100.0,0
G0003104,A00206,S002,2024-01-18,101.31,103.02,100.0,0
G0003105,A00207,S002,2024-01-18,94.72,103.02,91.67,2
G0003106,A00208,S002,2024-01-18,103.4,103.02,100.0,0
G0003107,A00209,S002,2024-01-18,102.09,103.02,100.0,0
G0003108,A00210,S002,2024-01-18,103.21,103.02,100.0,0
G0003109,A00201,S002,2024-01-19,115.9,114.98,100.0,0
G0003110,A00202,S002,2024-01-19,92.38,114.98,100.0,0
G0003111,A00203,S002,2024-01-19,113.5,114.98,100.0,0
G0003112,A00204,S002,2024-01-19,115.03,114.98,100.0,0
G0003113,A00205,S002,2024-01-19,114.79,114.98,100.0,0
G0003114,A00206,S002,2024-01-19,116.63,114.98,100.0,0
G0003115,A00207,S002,2024-01-19,113.7,114.98,100.0,0
G0003116,A00208,S002,2024-01-19,113.76,114.98,100.0,0
G0003117,A00209,S002,2024-01-19,115.44,114.98,100.0,0
G0003118,A00210,S002,2024-01-19,90.24,114.98,100.0,0
G0003119,A00201,S002,2024-01-20,60.05,58.39,100.0,0
G0003120,A00202,S002,2024-01-20,59.73,58.39,100.0,0
G0003121,A00203,S002,2024-01-20,59.39,58.39,100.0,0
G0003122,A00204,S002,2024-01-20,56.39,58.39,100.0,0
G0003123,A00205,S002,2024-01-20,57.87,58.39,100.0,0
G0003124,A00206,S002,2024-01-20,57.43,58.39,95.83,1
G0003125,A00207,S002,2024-01-20,57.72,58.39,100.0,0
G0003126,A00208,S002,2024-01-20,57.06,58.39,100.0,0
G0003127,A00209,S002,2024-01-20,59.8,58.39,100.0,0
G0003128,A00210,S002,2024-01-20,58.23,58.39,100.0,0
G0003129,A00201,S002,2024-01-21,85.22,105.61,100.0,0
G0003130,A00202,S002,2024-01-21,106.93,105.61,100.0,0
G0003131,A00203,S002,2024-01-21,98.41,105.61,91.67,2
G0003132,A00204,S002,2024-01-21,104.65,105.61,100.0,0
G0003133,A00205,S002,2024-01-21,97.85,105.61,91.67,2
G0003134,A00206,S002,2024-01-21,98.59,105.61,91.67,2
G0003135,A00207,S002,2024-01-21,89.79,105.61,83.33,4
G0003136,A00208,S002,2024-01-21,106.04,105.61,100.0,0
G0003137,A00209,S002,2024-01-21,98.92,105.61,100.0,0
G0003138,A00210,S002,2024-01-21,103.71,105.61,100.0,0
G0003139,A00201,S002,2024-01-22,55.4,55.45,100.0,0
G0003140,A00202,S002,2024-01-22,54.22,55.45,100.0,0
G0003141,A00203,S002,2024-01-22,55.5,55.45,100.0,0
G0003142,A00204,S002,2024-01-22,50.75,55.45,91.67,2
G0003143,A00205,S002,2024-01-22,56.27,55.45,100.0,0
G0003144,A00206,S002,2024-01-22,56.8,55.45,100.0,0
G0003145,A00207,S002,2024-01-22,55.26,55.45,100.0,0
G0003146,A00208,S002,2024-01-22,56.36,55.45,100.0,0
G0003147,A00209,S002,2024-01-22,53.04,55.45,95.83,1
G0003148,A00210,S002,2024-01-22,55.15,55.45,100.0,0
G0003149,A00201,S002,2024-01-23,83.16,84.72,100.0,0
G0003150,A00202,S002,2024-01-23,84.14,84.72,100.0,0
G0003151,A00203,S002,2024-01-23,66.26,84.72,100.0,0
G0003152,A00204,S002,2024-01-23,85.65,84.72,100.0,0
G0003153,A00205,S002,2024-01-23,83.24,84.72,100.0,0
G0003154,A00206,S002,2024-01-23,77.34,84.72,100.0,0
G0003155,A00207,S002,2024-01-23,85.96,84.72,100.0,0
G0003156,A00208,S002,2024-01-23,84.02,84.72,100.0,0
G0003157,A00209,S002,2024-01-23,84.52,84.72,100.0,0
G0003158,A00210,S002,2024-01-23,84.69,84.72,100.0,0
G0003159,A00201,S002,2024-01-24,106.24,104.39,100.0,0
G0003160,A00202,S002,2024-01-24,104.84,104.39,100.0,0
G0003161,A00203,S002,2024-01-24,85.15,104.39,100.0,0
G0003162,A00204,S002,2024-01-24,103.71,104.39,100.0,0
G0003163,A00205,S002,2024-01-24,94.21,104.39,100.0,0
G0003164,A00206,S002,2024-01-24,104.97,104.39,100.0,0
G0003165,A00207,S002,2024-01-24,88.5,104.39,83.33,4
G0003166,A00208,S002,2024-01-24,105.86,104.39,100.0,0
G0003167,A00209,S002,2024-01-24,102.52,104.39,100.0,0
G0003168,A00210,S002,2024-01-24,103.11,104.39,100.0,0
G0003169,A00201,S002,2024-01-25,76.07,117.09,100.0,0
G0003170,A00202,S002,2024-01-25,75.0,117.09,100.0,0
G0003171,A00203,S002,2024-01-25,118.89,117.09,100.0,0
G0003172,A00204,S002,2024-01-25,116.56,117.09,100.0,0
G0003173,A00205,S002,2024-01-25,116.57,117.09,100.0,0
G0003174,A00206,S002,2024-01-25,98.8,117.09,83.33,4
G0003175,A00207,S002,2024-01-25,118.04,117.09,100.0,0
G0003176,A00208,S002,2024-01-25,115.66,117.09,100.0,0
G0003177,A00209,S002,2024-01-25,115.46,117.09,100.0,0
G0003178,A00210,S002,2024-01-25,116.07,117.09,100.0,0
G0003179,A00201,S002,2024-01-26,102.76,102.69,100.0,0
G0003180,A00202,S002,2024-01-26,104.29,102.69,100.0,0
G0003181,A00203,S002,2024-01-26,102.14,102.69,100.0,0
G0003182,A00204,S002,2024-01-26,104.14,102.69,100.0,0
G0003183,A00205,S002,2024-01-26,102.73,102.69,100.0,0
G0003184,A00206,S002,2024-01-26,104.29,102.69,100.0,0
G0003185,A00207,S002,2024-01-26,102.89,102.69,100.0,0
G0003186,A00208,S002,2024-01-26,102.56,102.69,100.0,0
G0003187,A00209,S002,2024-01-26,103.84,102.69,100.0,0
G0003188,A00210,S002,2024-01-26,96.0,102.69,91.67,2
G0003189,A00201,S002,2024-01-27,53.51,52.55,100.0,0
G0003190,A00202,S002,2024-01-27,44.99,52.55,83.33,4
G0003191,A00203,S002,2024-01-27,51.49,52.55,100.0,0
G0003192,A00204,S002,2024-01-27,53.16,52.55,100.0,0
G0003193,A00205,S002,2024-01-27,54.12,52.55,100.0,0
G0003194,A00206,S002,2024-01-27,52.22,52.55,100.0,0
G0003195,A00207,S002,2024-01-27,54.08,52.55,100.0,0
G0003196,A00208,S002,2024-01-27,54.31,52.55,100.0,0
G0003197,A00209,S002,2024-01-27,53.79,52.55,100.0,0
G0003198,A00210,S002,2024-01-27,51.27,52.55,100.0,0
G0003199,A00201,S002,2024-01-28,11.26,13.04,100.0,0
G0003200,A00202,S002,2024-01-28,12.6,13.04,95.83,1
G0003201,A00203,S002,2024-01-28,14.62,13.04,100.0,0
G0003202,A00204,S002,2024-01-28,14.7,13.04,100.0,0
G0003203,A00205,S002,2024-01-28,14.05,13.04,100.0,0
G0003204,A00206,S002,2024-01-28,14.2,13.04,100.0,0
G0003205,A00207,S002,2024-01-28,14.57,13.04,100.0,0
G0003206,A00208,S002,2024-01-28,14.8,13.04,100.0,0
G0003207,A00209,S002,2024-01-28,13.31,13.04,100.0,0
G0003208,A00210,S002,2024-01-28,13.86,13.04,100.0,0
G0003209,A00201,S002,2024-01-29,58.36,62.34,100.0,0
G0003210,A00202,S002,2024-01-29,61.46,62.34,100.0,0
G0003211,A00203,S002,2024-01-29,58.41,62.34,91.67,2
G0003212,A00204,S002,2024-01-29,60.61,62.34,100.0,0
G0003213,A00205,S002,2024-01-29,63.26,62.34,100.0,0
G0003214,A00206,S002,2024-01-29,58.34,62.34,95.83,1
G0003215,A00207,S002,2024-01-29,62.69,62.34,100.0,0
G0003216,A00208,S002,2024-01-29,62.26,62.34,100.0,0
G0003217,A00209,S002,2024-01-29,62.79,62.34,100.0,0
G0003218,A00210,S002,2024-01-29,62.23,62.34,100.0,0
G0003219,A00201,S002,2024-01-30,55.56,56.95,100.0,0
G0003220,A00202,S002,2024-01-30,57.75,56.95,100.0,0
G0003221,A00203,S002,2024-01-30,55.16,56.95,100.0,0
G0003222,A00204,S002,2024-01-30,55.4,56.95,100.0,0
G0003223,A00205,S002,2024-01-30,55.43,56.95,100.0,0
G0003224,A00206,S002,2024-01-30,57.6,56.95,100.0,0
G0003225,A00207,S002,2024-01-30,44.35,56.95,100.0,0
G0003226,A00208,S002,2024-01-30,57.24,56.95,100.0,0
G0003227,A00209,S002,2024-01-30,57.59,56.95,100.0,0
G0003228,A00210,S002,2024-01-30,55.68,56.95,95.83,1
G0003229,A00201,S002,2024-01-31,41.15,40.65,100.0,0
G0003230,A00202,S002,2024-01-31,41.31,40.65,100.0,0
G0003231,A00203,S002,2024-01-31,39.17,40.65,100.0,0
G0003232,A00204,S002,2024-01-31,40.12,40.65,100.0,0
G0003233,A00205,S002,2024-01-31,35.66,40.65,100.0,0
G0003234,A00206,S002,2024-01-31,39.51,40.65,100.0,0
G0003235,A00207,S002,2024-01-31,41.43,40.65,100.0,0
G0003236,A00208,S002,2024-01-31,42.53,40.65,100.0,0
G0003237,A00209,S002,2024-01-31,40.09,40.65,100.0,0
G0003238,A00210,S002,2024-01-31,42.35,40.65,100.0,0
G0003239,A00201,S002,2024-02-01,50.86,75.6,100.0,0
G0003240,A00202,S002,2024-02-01,74.53,75.6,100.0,0
G0003241,A00203,S002,2024-02-01,73.85,75.6,100.0,0
G0003242,A00204,S002,2024-02-01,64.45,75.6,83.33,4
G0003243,A00205,S002,2024-02-01,74.73,75.6,100.0,0
G0003244,A00206,S002,2024-02-01,71.5,75.6,95.83,1
G0003245,A00207,S002,2024-02-01,76.17,75.6,100.0,0
G0003246,A00208,S002,2024-02-01,74.6,75.6,100.0,0
G0003247,A00209,S002,2024-02-01,69.18,75.6,100.0,0
G0003248,A00210,S002,2024-02-01,68.78,75.6,91.67,2
G0003249,A00201,S002,2024-02-02,36.63,73.85,50.0,12
G0003250,A00202,S002,2024-02-02,72.28,73.85,100.0,0
G0003251,A00203,S002,2024-02-02,72.29,73.85,100.0,0
G0003252,A00204,S002,2024-02-02,73.91,73.85,100.0,0
G0003253,A00205,S002,2024-02-02,69.11,73.85,100.0,0
G0003254,A00206,S002,2024-02-02,74.9,73.85,100.0,0
G0003255,A00207,S002,2024-02-02,74.03,73.85,100.0,0
G0003256,A00208,S002,2024-02-02,73.64,73.85,100.0,0
G0003257,A00209,S002,2024-02-02,75.75,73.85,100.0,0
G0003258,A00210,S002,2024-02-02,72.02,73.85,100.0,0
G0003259,A00201,S002,2024-02-03,87.82,96.06,100.0,0
G0003260,A00202,S002,2024-02-03,97.26,96.06,100.0,0
G0003261,A00203,S002,2024-02-03,96.32,96.06,100.0,0
G0003262,A00204,S002,2024-02-03,95.48,96.06,100.0,0
G0003263,A00205,S002,2024-02-03,94.18,96.06,100.0,0
G0003264,A00206,S002,2024-02-03,96.74,96.06,100.0,0
G0003265,A00207,S002,2024-02-03,97.35,96.06,100.0,0
G0003266,A00208,S002,2024-02-03,95.81,96.06,100.0,0
G0003267,A00209,S002,2024-02-03,96.4,96.06,100.0,0
G0003268,A00210,S002,2024-02-03,95.96,96.06,100.0,0
G0003269,A00201,S002,2024-02-04,61.32,60.3,100.0,0
G0003270,A00202,S002,2024-02-04,60.97,60.3,100.0,0
G0003271,A00203,S002,2024-02-04,60.92,60.3,100.0,0
G0003272,A00204,S002,2024-02-04,46.51,60.3,100.0,0
G0003273,A00205,S002,2024-02-04,56.0,60.3,100.0,0
G0003274,A00206,S002,2024-02-04,62.29,60.3,100.0,0
G0003275,A00207,S002,2024-02-04,60.74,60.3,100.0,0
G0003276,A00208,S002,2024-02-04,61.62,60.3,100.0,0
G0003277,A00209,S002,2024-02-04,55.7,60.3,91.67,2
G0003278,A00210,S002,2024-02-04,59.1,60.3,100.0,0
G0003279,A00201,S002,2024-02-05,15.06,15.53,100.0,0
G0003280,A00202,S002,2024-02-05,13.72,15.53,100.0,0
G0003281,A00203,S002,2024-02-05,14.22,15.53,100.0,0
G0003282,A00204,S002,2024-02-05,17.4,15.53,100.0,0
G0003283,A00205,S002,2024-02-05,17.17,15.53,100.0,0
G0003284,A00206,S002,2024-02-05,16.37,15.53,100.0,0
G0003285,A00207,S002,2024-02-05,17.48,15.53,100.0,0
G0003286,A00208,S002,2024-02-05,15.59,15.53,100.0,0
G0003287,A00209,S002,2024-02-05,13.88,15.53,100.0,0
G0003288,A00210,S002,2024-02-05,13.64,15.53,100.0,0
G0003289,A00201,S002,2024-02-06,49.12,54.74,91.67,2
G0003290,A00202,S002,2024-02-06,55.12,54.74,100.0,0
G0003291,A00203,S002,2024-02-06,53.33,54.74,100.0,0
G0003292,A00204,S002,2024-02-06,37.42,54.74,83.33,4
G0003293,A00205,S002,2024-02-06,45.5,54.74,100.0,0
G0003294,A00206,S002,2024-02-06,52.24,54.74,100.0,0
G0003295,A00207,S002,2024-02-06,51.01,54.74,95.83,1
G0003296,A00208,S002,2024-02-06,49.78,54.74,100.0,0
G0003297,A00209,S002,2024-02-06,49.94,54.74,91.67,2
G0003298,A00210,S002,2024-02-06,53.43,54.74,100.0,0
G0003299,A00201,S002,2024-02-07,68.44,72.9,100.0,0
G0003300,A00202,S002,2024-02-07,71.27,72.9,100.0,0
G0003301,A00203,S002,2024-02-07,74.47,72.9,100.0,0
G0003302,A00204,S002,2024-02-07,73.3,72.9,100.0,0
G0003303,A00205,S002,2024-02-07,70.77,72.9,95.83,1
G0003304,A00206,S002,2024-02-07,68.22,72.9,91.67,2
G0003305,A00207,S002,2024-02-07,72.32,72.9,100.0,0
G0003306,A00208,S002,2024-02-07,74.06,72.9,100.0,0
G0003307,A00209,S002,2024-02-07,74.5,72.9,100.0,0
G0003308,A00210,S002,2024-02-07,74.48,72.9,100.0,0
G0003309,A00201,S002,2024-02-08,51.6,54.73,91.67,2
G0003310,A00202,S002,2024-02-08,55.29,54.73,100.0,0
G0003311,A00203,S002,2024-02-08,49.3,54.73,91.67,2
G0003312,A00204,S002,2024-02-08,53.79,54.73,100.0,0
G0003313,A00205,S002,2024-02-08,53.98,54.73,100.0,0
G0003314,A00206,S002,2024-02-08,53.14,54.73,100.0,0
G0003315,A00207,S002,2024-02-08,37.53,54.73,66.67,8
G0003316,A00208,S002,2024-02-08,53.23,54.73,100.0,0
G0003317,A00209,S002,2024-02-08,53.62,54.73,100.0,0
G0003318,A00210,S002,2024-02-08,55.18,54.73,100.0,0
G0003319,A00201,S002,2024-02-09,81.24,80.93,100.0,0
G0003320,A00202,S002,2024-02-09,80.13,80.93,100.0,0
G0003321,A00203,S002,2024-02-09,81.96,80.93,100.0,0
G0003322,A00204,S002,2024-02-09,81.33,80.93,100.0,0
G0003323,A00205,S002,2024-02-09,38.09,80.93,50.0,12
G0003324,A00206,S002,2024-02-09,82.51,80.93,100.0,0
G0003325,A00207,S002,2024-02-09,52.97,80.93,66.67,8
G0003326,A00208,S002,2024-02-09,82.26,80.93,100.0,0
G0003327,A00209,S002,2024-02-09,73.57,80.93,100.0,0
G0003328,A00210,S002,2024-02-09,79.32,80.93,100.0,0
G0003329,A00201,S002,2024-02-10,65.97,67.72,100.0,0
G0003330,A00202,S002,2024-02-10,63.29,67.72,100.0,0
G0003331,A00203,S002,2024-02-10,67.87,67.72,100.0,0
G0003332,A00204,S002,2024-02-10,69.54,67.72,100.0,0
G0003333,A00205,S002,2024-02-10,65.1,67.72,95.83,1
G0003334,A00206,S002,2024-02-10,67.79,67.72,100.0,0
G0003335,A00207,S002,2024-02-10,62.79,67.72,100.0,0
G0003336,A00208,S002,2024-02-10,54.36,67.72,100.0,0
G0003337,A00209,S002,2024-02-10,66.71,67.72,100.0,0
G0003338,A00210,S002,2024-02-10,67.48,67.72,100.0,0
G0003339,A00201,S002,2024-02-11,80.18,80.93,100.0,0
G0003340,A00202,S002,2024-02-11,81.82,80.93,100.0,0
G0003341,A00203,S002,2024-02-11,80.84,80.93,100.0,0
G0003342,A00204,S002,2024-02-11,81.71,80.93,100.0,0
G0003343,A00205,S002,2024-02-11,81.66,80.93,100.0,0
G0003344,A00206,S002,2024-02-11,82.01,80.93,100.0,0
G0003345,A00207,S002,2024-02-11,80.57,80.93,100.0,0
G0003346,A00208,S002,2024-02-11,79.97,80.93,100.0,0
G0003347,A00209,S002,2024-02-11,79.13,80.93,100.0,0
G0003348,A00210,S002,2024-02-11,79.47,80.93,100.0,0
G0003349,A00201,S002,2024-02-12,51.97,55.25,100.0,0
G0003350,A00202,S002,2024-02-12,55.24,55.25,100.0,0
G0003351,A00203,S002,2024-02-12,53.31,55.25,100.0,0
G0003352,A00204,S002,2024-02-12,54.71,55.25,100.0,0
G0003353,A00205,S002,2024-02-12,51.12,55.25,100.0,0
G0003354,A00206,S002,2024-02-12,54.13,55.25,100.0,0
G0003355,A00207,S002,2024-02-12,53.78,55.25,100.0,0
G0003356,A00208,S002,2024-02-12,56.76,55.25,100.0,0
G0003357,A00209,S002,2024-02-12,54.93,55.25,100.0,0
G0003358,A00210,S002,2024-02-12,54.59,55.25,100.0,0
G0003359,A00201,S002,2024-02-13,72.18,73.48,100.0,0
G0003360,A00202,S002,2024-02-13,60.95,73.48,83.33,4
G0003361,A00203,S002,2024-02-13,73.09,73.48,100.0,0
G0003362,A00204,S002,2024-02-13,71.9,73.48,100.0,0
G0003363,A00205,S002,2024-02-13,72.97,73.48,100.0,0
G0003364,A00206,S002,2024-02-13,58.92,73.48,100.0,0
G0003365,A00207,S002,2024-02-13,74.53,73.48,100.0,0
G0003366,A00208,S002,2024-02-13,73.55,73.48,100.0,0
G0003367,A00209,S002,2024-02-13,46.28,73.48,100.0,0
G0003368,A00210,S002,2024-02-13,75.25,73.48,100.0,0
G0003369,A00201,S002,2024-02-14,38.62,59.35,66.67,8
G0003370,A00202,S002,2024-02-14,60.27,59.35,100.0,0
G0003371,A00203,S002,2024-02-14,58.26,59.35,100.0,0
G0003372,A00204,S002,2024-02-14,58.73,59.35,100.0,0
G0003373,A00205,S002,2024-02-14,57.54,59.35,100.0,0
G0003374,A00206,S002,2024-02-14,48.93,59.35,83.33,4
G0003375,A00207,S002,2024-02-14,57.84,59.35,100.0,0
G0003376,A00208,S002,2024-02-14,60.86,59.35,100.0,0
G0003377,A00209,S002,2024-02-14,45.67,59.35,100.0,0
G0003378,A00210,S002,2024-02-14,58.82,59.35,100.0,0
G0003379,A00201,S002,2024-02-15,60.79,77.72,100.0,0
G0003380,A00202,S002,2024-02-15,78.18,77.72,100.0,0
G0003381,A00203,S002,2024-02-15,65.25,77.72,83.33,4
G0003382,A00204,S002,2024-02-15,78.82,77.72,100.0,0
G0003383,A00205,S002,2024-02-15,78.29,77.72,100.0,0
G0003384,A00206,S002,2024-02-15,79.19,77.72,100.0,0
G0003385,A00207,S002,2024-02-15,76.01,77.72,100.0,0
G0003386,A00208,S002,2024-02-15,75.97,77.72,100.0,0
G0003387,A00209,S002,2024-02-15,76.71,77.72,100.0,0
G0003388,A00210,S002,2024-02-15,75.86,77.72,100.0,0
G0003389,A00201,S002,2024-02-16,42.87,43.95,100.0,0
G0003390,A00202,S002,2024-02-16,43.55,43.95,95.83,1
G0003391,A00203,S002,2024-02-16,44.01,43.95,100.0,0
G0003392,A00204,S002,2024-02-16,43.1,43.95,100.0,0
G0003393,A00205,S002,2024-02-16,42.64,43.95,100.0,0
G0003394,A00206,S002,2024-02-16,31.28,43.95,91.67,2
G0003395,A00207,S002,2024-02-16,44.09,43.95,100.0,0
G0003396,A00208,S002,2024-02-16,42.82,43.95,100.0,0
G0003397,A00209,S002,2024-02-16,44.69,43.95,100.0,0
G0003398,A00210,S002,2024-02-16,42.91,43.95,100.0,0
G0003399,A00201,S002,2024-02-17,86.87,89.38,95.83,1
G0003400,A00202,S002,2024-02-17,89.44,89.38,100.0,0
G0003401,A00203,S002,2024-02-17,83.9,89.38,95.83,1
G0003402,A00204,S002,2024-02-17,87.91,89.38,100.0,0
G0003403,A00205,S002,2024-02-17,87.93,89.38,100.0,0
G0003404,A00206,S002,2024-02-17,90.3,89.38,100.0,0
G0003405,A00207,S002,2024-02-17,88.39,89.38,100.0,0
G0003406,A00208,S002,2024-02-17,79.4,89.38,95.83,1
G0003407,A00209,S002,2024-02-17,89.65,89.38,100.0,0
G0003408,A00210,S002,2024-02-17,49.05,89.38,83.33,4
G0003409,A00201,S002,2024-02-18,64.95,97.34,66.67,8
G0003410,A00202,S002,2024-02-18,76.54,97.34,100.0,0
G0003411,A00203,S002,2024-02-18,96.26,97.34,100.0,0
G0003412,A00204,S002,2024-02-18,96.88,97.34,100.0,0
G0003413,A00205,S002,2024-02-18,89.58,97.34,100.0,0
G0003414,A00206,S002,2024-02-18,98.55,97.34,100.0,0
G0003415,A00207,S002,2024-02-18,95.67,97.34,100.0,0
G0003416,A00208,S002,2024-02-18,96.49,97.34,100.0,0
G0003417,A00209,S002,2024-02-18,99.05,97.34,100.0,0
G0003418,A00210,S002,2024-02-18,97.38,97.34,100.0,0
G0003419,A00201,S002,2024-02-19,66.53,67.29,100.0,0
G0003420,A00202,S002,2024-02-19,63.07,67.29,100.0,0
G0003421,A00203,S002,2024-02-19,65.36,67.29,100.0,0
G0003422,A00204,S002,2024-02-19,66.77,67.29,100.0,0
G0003423,A00205,S002,2024-02-19,49.7,67.29,91.67,2
G0003424,A00206,S002,2024-02-19,68.04,67.29,100.0,0
G0003425,A00207,S002,2024-02-19,55.76,67.29,83.33,4
G0003426,A00208,S002,2024-02-19,68.95,67.29,100.0,0
G0003427,A00209,S002,2024-02-19,68.65,67.29,100.0,0
G0003428,A00210,S002,2024-02-19,68.52,67.29,100.0,0
G0003429,A00201,S002,2024-02-20,87.57,87.48,100.0,0
G0003430,A00202,S002,2024-02-20,87.2,87.48,100.0,0
G0003431,A00203,S002,2024-02-20,87.61,87.48,100.0,0
G0003432,A00204,S002,2024-02-20,87.9,87.48,100.0,0
G0003433,A00205,S002,2024-02-20,87.71,87.48,100.0,0
G0003434,A00206,S002,2024-02-20,87.59,87.48,100.0,0
G0003435,A00207,S002,2024-02-20,85.77,87.48,100.0,0
G0003436,A00208,S002,2024-02-20,86.93,87.48,100.0,0
G0003437,A00209,S002,2024-02-20,78.57,87.48,100.0,0
G0003438,A00210,S002,2024-02-20,68.51,87.48,100.0,0
G0003439,A00201,S002,2024-02-21,32.76,36.97,100.0,0
G0003440,A00202,S002,2024-02-21,28.83,36.97,83.33,4
G0003441,A00203,S002,2024-02-21,33.98,36.97,95.83,1
G0003442,A00204,S002,2024-02-21,36.22,36.97,100.0,0
G0003443,A00205,S002,2024-02-21,37.79,36.97,100.0,0
G0003444,A00206,S002,2024-02-21,37.38,36.97,100.0,0
G0003445,A00207,S002,2024-02-21,38.31,36.97,100.0,0
G0003446,A00208,S002,2024-02-21,37.34,36.97,100.0,0
G0003447,A00209,S002,2024-02-21,35.53,36.97,100.0,0
G0003448,A00210,S002,2024-02-21,36.76,36.97,100.0,0
G0003449,A00201,S002,2024-02-22,22.16,20.87,100.0,0
G0003450,A00202,S002,2024-02-22,22.21,20.87,100.0,0
G0003451,A00203,S002,2024-02-22,22.25,20.87,100.0,0
G0003452,A00204,S002,2024-02-22,22.19,20.87,100.0,0
G0003453,A00205,S002,2024-02-22,19.12,20.87,100.0,0
G0003454,A00206,S002,2024-02-22,17.24,20.87,91.67,2
G0003455,A00207,S002,2024-02-22,19.41,20.87,100.0,0
G0003456,A00208,S002,2024-02-22,19.52,20.87,100.0,0
G0003457,A00209,S002,2024-02-22,22.02,20.87,100.0,0
G0003458,A00210,S002,2024-02-22,17.78,20.87,91.67,2
G0003459,A00201,S002,2024-02-23,63.76,67.67,91.67,2
G0003460,A00202,S002,2024-02-23,68.82,67.67,100.0,0
G0003461,A00203,S002,2024-02-23,65.91,67.67,100.0,0
G0003462,A00204,S002,2024-02-23,66.38,67.67,100.0,0
G0003463,A00205,S002,2024-02-23,44.61,67.67,100.0,0
G0003464,A00206,S002,2024-02-23,65.84,67.67,100.0,0
G0003465,A00207,S002,2024-02-23,56.83,67.67,91.67,2
G0003466,A00208,S002,2024-02-23,67.52,67.67,100.0,0
G0003467,A00209,S002,2024-02-23,65.69,67.67,100.0,0
G0003468,A00210,S002,2024-02-23,60.28,67.67,95.83,1
G0003469,A00201,S002,2024-02-24,54.02,52.83,100.0,0
G0003470,A00202,S002,2024-02-24,51.68,52.83,100.0,0
G0003471,A00203,S002,2024-02-24,51.94,52.83,100.0,0
G0003472,A00204,S002,2024-02-24,46.95,52.83,100.0,0
G0003473,A00205,S002,2024-02-24,44.17,52.83,100.0,0
G0003474,A00206,S002,2024-02-24,51.68,52.83,100.0,0
G0003475,A00207,S002,2024-02-24,52.16,52.83,100.0,0
G0003476,A00208,S002,2024-02-24,52.44,52.83,100.0,0
G0003477,A00209,S002,2024-02-24,47.45,52.83,100.0,0
G0003478,A00210,S002,2024-02-24,51.85,52.83,100.0,0
G0003479,A00201,S002,2024-02-25,39.3,40.63,100.0,0
G0003480,A00202,S002,2024-02-25,40.99,40.63,100.0,0
G0003481,A00203,S002,2024-02-25,39.83,40.63,100.0,0
G0003482,A00204,S002,2024-02-25,39.34,40.63,100.0,0
G0003483,A00205,S002,2024-02-25,28.04,40.63,100.0,0
G0003484,A00206,S002,2024-02-25,37.54,40.63,100.0,0
G0003485,A00207,S002,2024-02-25,42.34,40.63,100.0,0
G0003486,A00208,S002,2024-02-25,39.98,40.63,100.0,0
G0003487,A00209,S002,2024-02-25,34.12,40.63,83.33,4
G0003488,A00210,S002,2024-02-25,42.38,40.63,100.0,0
G0003489,A00201,S002,2024-02-26,44.93,71.57,100.0,0
G0003490,A00202,S002,2024-02-26,38.62,71.57,83.33,4
G0003491,A00203,S002,2024-02-26,72.32,71.57,100.0,0
G0003492,A00204,S002,2024-02-26,71.35,71.57,100.0,0
G0003493,A00205,S002,2024-02-26,72.11,71.57,100.0,0
G0003494,A00206,S002,2024-02-26,65.11,71.57,100.0,0
G0003495,A00207,S002,2024-02-26,57.99,71.57,100.0,0
G0003496,A00208,S002,2024-02-26,67.32,71.57,95.83,1
G0003497,A00209,S002,2024-02-26,65.28,71.57,100.0,0
G0003498,A00210,S002,2024-02-26,66.89,71.57,100.0,0
G0003499,A00201,S002,2024-02-27,60.05,71.93,91.67,2
G0003500,A00202,S002,2024-02-27,71.69,71.93,100.0,0
G0003501,A00203,S002,2024-02-27,70.1,71.93,100.0,0
G0003502,A00204,S002,2024-02-27,70.69,71.93,100.0,0
G0003503,A00205,S002,2024-02-27,71.34,71.93,100.0,0
G0003504,A00206,S002,2024-02-27,73.58,71.93,100.0,0
G0003505,A00207,S002,2024-02-27,73.86,71.93,100.0,0
G0003506,A00208,S002,2024-02-27,71.14,71.93,100.0,0
G0003507,A00209,S002,2024-02-27,64.65,71.93,100.0,0
G0003508,A00210,S002,2024-02-27,70.78,71.93,100.0,0
G0003509,A00201,S002,2024-02-28,12.62,14.25,100.0,0
G0003510,A00202,S002,2024-02-28,13.57,14.25,100.0,0
G0003511,A00203,S002,2024-02-28,15.25,14.25,100.0,0
G0003512,A00204,S002,2024-02-28,12.43,14.25,100.0,0
G0003513,A00205,S002,2024-02-28,14.2,14.25,100.0,0
G0003514,A00206,S002,2024-02-28,14.53,14.25,100.0,0
G0003515,A00207,S002,2024-02-28,11.95,14.25,95.83,1
G0003516,A00208,S002,2024-02-28,15.36,14.25,100.0,0
G0003517,A00209,S002,2024-02-28,7.9,14.25,50.0,12
G0003518,A00210,S002,2024-02-28,12.43,14.25,95.83,1
G0003519,A00201,S002,2024-02-29,105.65,105.81,100.0,0
G0003520,A00202,S002,2024-02-29,103.85,105.81,100.0,0
G0003521,A00203,S002,2024-02-29,105.79,105.81,100.0,0
G0003522,A00204,S002,2024-02-29,105.38,105.81,100.0,0
G0003523,A00205,S002,2024-02-29,106.14,105.81,100.0,0
G0003524,A00206,S002,2024-02-29,106.93,105.81,100.0,0
G0003525,A00207,S002,2024-02-29,104.2,105.81,100.0,0
G0003526,A00208,S002,2024-02-29,106.39,105.81,100.0,0
G0003527,A00209,S002,2024-02-29,104.79,105.81,100.0,0
G0003528,A00210,S002,2024-02-29,87.83,105.81,83.33,4
G0003529,A00201,S002,2024-03-01,111.32,110.86,100.0,0
G0003530,A00202,S002,2024-03-01,107.4,110.86,95.83,1
G0003531,A00203,S002,2024-03-01,109.6,110.86,100.0,0
G0003532,A00204,S002,2024-03-01,110.1,110.86,100.0,0
G0003533,A00205,S002,2024-03-01,101.66,110.86,100.0,0
G0003534,A00206,S002,2024-03-01,111.63,110.86,100.0,0
G0003535,A00207,S002,2024-03-01,109.88,110.86,100.0,0
G0003536,A00208,S002,2024-03-01,104.74,110.86,95.83,1
G0003537,A00209,S002,2024-03-01,112.22,110.86,100.0,0
G0003538,A00210,S002,2024-03-01,109.61,110.86,100.0,0
G0003539,A00201,S002,2024-03-02,130.55,141.8,100.0,0
G0003540,A00202,S002,2024-03-02,139.82,141.8,100.0,0
G0003541,A00203,S002,2024-03-02,140.25,141.8,100.0,0
G0003542,A00204,S002,2024-03-02,142.0,141.8,100.0,0
G0003543,A00205,S002,2024-03-02,135.75,141.8,95.83,1
G0003544,A00206,S002,2024-03-02,141.33,141.8,100.0,0
G0003545,A00207,S002,2024-03-02,142.89,141.8,100.0,0
G0003546,A00208,S002,2024-03-02,142.6,141.8,100.0,0
G0003547,A00209,S002,2024-03-02,113.87,141.8,100.0,0
G0003548,A00210,S002,2024-03-02,134.58,141.8,95.83,1
G0003549,A00201,S002,2024-03-03,79.63,157.47,50.0,12
G0003550,A00202,S002,2024-03-03,156.33,157.47,100.0,0
G0003551,A00203,S002,2024-03-03,127.9,157.47,100.0,0
G0003552,A00204,S002,2024-03-03,142.71,157.47,91.67,2
G0003553,A00205,S002,2024-03-03,105.91,157.47,66.67,8
G0003554,A00206,S002,2024-03-03,149.18,157.47,95.83,1
G0003555,A00207,S002,2024-03-03,132.07,157.47,83.33,4
G0003556,A00208,S002,2024-03-03,158.41,157.47,100.0,0
G0003557,A00209,S002,2024-03-03,125.09,157.47,100.0,0
G0003558,A00210,S002,2024-03-03,143.4,157.47,100.0,0
G0003559,A00201,S002,2024-03-04,158.64,157.05,100.0,0
G0003560,A00202,S002,2024-03-04,158.59,157.05,100.0,0
G0003561,A00203,S002,2024-03-04,158.98,157.05,100.0,0
G0003562,A00204,S002,2024-03-04,158.79,157.05,100.0,0
G0003563,A00205,S002,2024-03-04,157.38,157.05,100.0,0
G0003564,A00206,S002,2024-03-04,157.78,157.05,100.0,0
G0003565,A00207,S002,2024-03-04,105.43,157.05,66.67,8
G0003566,A00208,S002,2024-03-04,130.07,157.05,83.33,4
G0003567,A00209,S002,2024-03-04,125.96,157.05,100.0,0
G0003568,A00210,S002,2024-03-04,123.75,157.05,100.0,0
G0003569,A00201,S002,2024-03-05,96.16,97.84,100.0,0
G0003570,A00202,S002,2024-03-05,87.74,97.84,91.67,2
G0003571,A00203,S002,2024-03-05,91.89,97.84,100.0,0
G0003572,A00204,S002,2024-03-05,83.35,97.84,83.33,4
G0003573,A00205,S002,2024-03-05,97.41,97.84,100.0,0
G0003574,A00206,S002,2024-03-05,97.29,97.84,100.0,0
G0003575,A00207,S002,2024-03-05,98.97,97.84,100.0,0
G0003576,A00208,S002,2024-03-05,77.84,97.84,100.0,0
G0003577,A00209,S002,2024-03-05,98.71,97.84,100.0,0
G0003578,A00210,S002,2024-03-05,98.25,97.84,100.0,0
G0003579,A00201,S002,2024-03-06,159.29,157.41,100.0,0
G0003580,A00202,S002,2024-03-06,159.09,157.41,100.0,0
G0003581,A00203,S002,2024-03-06,143.58,157.41,91.67,2
G0003582,A00204,S002,2024-03-06,157.47,157.41,100.0,0
G0003583,A00205,S002,2024-03-06,159.21,157.41,100.0,0
G0003584,A00206,S002,2024-03-06,157.9,157.41,100.0,0
G0003585,A00207,S002,2024-03-06,159.04,157.41,100.0,0
G0003586,A00208,S002,2024-03-06,156.93,157.41,100.0,0
G0003587,A00209,S002,2024-03-06,158.96,157.41,100.0,0
G0003588,A00210,S002,2024-03-06,131.02,157.41,83.33,4
G0003589,A00201,S002,2024-03-07,64.34,78.17,100.0,0
G0003590,A00202,S002,2024-03-07,79.0,78.17,100.0,0
G0003591,A00203,S002,2024-03-07,76.28,78.17,100.0,0
G0003592,A00204,S002,2024-03-07,73.03,78.17,100.0,0
G0003593,A00205,S002,2024-03-07,78.17,78.17,100.0,0
G0003594,A00206,S002,2024-03-07,79.06,78.17,100.0,0
G0003595,A00207,S002,2024-03-07,64.2,78.17,100.0,0
G0003596,A00208,S002,2024-03-07,62.28,78.17,100.0,0
G0003597,A00209,S002,2024-03-07,51.66,78.17,66.67,8
G0003598,A00210,S002,2024-03-07,79.4,78.17,100.0,0
G0003599,A00201,S002,2024-03-08,95.29,97.26,100.0,0
G0003600,A00202,S002,2024-03-08,99.01,97.26,100.0,0
G0003601,A00203,S002,2024-03-08,96.85,97.26,100.0,0
G0003602,A00204,S002,2024-03-08,96.78,97.26,100.0,0
G0003603,A00205,S002,2024-03-08,98.95,97.26,100.0,0
G0003604,A00206,S002,2024-03-08,92.16,97.26,95.83,1
G0003605,A00207,S002,2024-03-08,95.98,97.26,100.0,0
G0003606,A00208,S002,2024-03-08,97.93,97.26,100.0,0
G0003607,A00209,S002,2024-03-08,98.43,97.26,100.0,0
G0003608,A00210,S002,2024-03-08,98.36,97.26,100.0,0
G0003609,A00201,S002,2024-03-09,155.1,156.68,100.0,0
G0003610,A00202,S002,2024-03-09,150.73,156.68,95.83,1
G0003611,A00203,S002,2024-03-09,156.1,156.68,100.0,0
G0003612,A00204,S002,2024-03-09,144.54,156.68,91.67,2
G0003613,A00205,S002,2024-03-09,142.9,156.68,91.67,2
G0003614,A00206,S002,2024-03-09,157.64,156.68,100.0,0
G0003615,A00207,S002,2024-03-09,149.99,156.68,95.83,1
G0003616,A00208,S002,2024-03-09,144.14,156.68,100.0,0
G0003617,A00209,S002,2024-03-09,126.82,156.68,100.0,0
G0003618,A00210,S002,2024-03-09,156.32,156.68,100.0,0
G0003619,A00201,S002,2024-03-10,90.07,89.34,100.0,0
G0003620,A00202,S002,2024-03-10,88.46,89.34,100.0,0
G0003621,A00203,S002,2024-03-10,71.99,89.34,100.0,0
G0003622,A00204,S002,2024-03-10,89.49,89.34,100.0,0
G0003623,A00205,S002,2024-03-10,81.98,89.34,91.67,2
G0003624,A00206,S002,2024-03-10,71.41,89.34,100.0,0
G0003625,A00207,S002,2024-03-10,88.09,89.34,100.0,0
G0003626,A00208,S002,2024-03-10,89.05,89.34,100.0,0
G0003627,A00209,S002,2024-03-10,90.51,89.34,100.0,0
G0003628,A00210,S002,2024-03-10,90.57,89.34,100.0,0
G0003629,A00201,S002,2024-03-11,107.05,106.21,100.0,0
G0003630,A00202,S002,2024-03-11,95.82,106.21,100.0,0
G0003631,A00203,S002,2024-03-11,106.15,106.21,100.0,0
G0003632,A00204,S002,2024-03-11,106.67,106.21,100.0,0
G0003633,A00205,S002,2024-03-11,107.85,106.21,100.0,0
G0003634,A00206,S002,2024-03-11,107.47,106.21,100.0,0
G0003635,A00207,S002,2024-03-11,98.13,106.21,100.0,0
G0003636,A00208,S002,2024-03-11,98.48,106.21,100.0,0
G0003637,A00209,S002,2024-03-11,105.63,106.21,100.0,0
G0003638,A00210,S002,2024-03-11,105.61,106.21,100.0,0
G0003639,A00201,S002,2024-03-12,143.44,143.45,100.0,0
G0003640,A00202,S002,2024-03-12,144.77,143.45,100.0,0
G0003641,A00203,S002,2024-03-12,141.95,143.45,100.0,0
G0003642,A00204,S002,2024-03-12,133.27,143.45,100.0,0
G0003643,A00205,S002,2024-03-12,137.71,143.45,95.83,1
G0003644,A00206,S002,2024-03-12,114.73,143.45,100.0,0
G0003645,A00207,S002,2024-03-12,115.81,143.45,100.0,0
G0003646,A00208,S002,2024-03-12,142.25,143.45,100.0,0
G0003647,A00209,S002,2024-03-12,145.37,143.45,100.0,0
G0003648,A00210,S002,2024-03-12,60.73,143.45,66.67,8
G0003649,A00201,S002,2024-03-13,100.68,100.43,100.0,0
G0003650,A00202,S002,2024-03-13,101.7,100.43,100.0,0
G0003651,A00203,S002,2024-03-13,101.37,100.43,100.0,0
G0003652,A00204,S002,2024-03-13,101.99,100.43,100.0,0
G0003653,A00205,S002,2024-03-13,98.63,100.43,100.0,0
G0003654,A00206,S002,2024-03-13,101.32,100.43,100.0,0
G0003655,A00207,S002,2024-03-13,90.86,100.43,100.0,0
G0003656,A00208,S002,2024-03-13,99.54,100.43,100.0,0
G0003657,A00209,S002,2024-03-13,99.35,100.43,100.0,0
G0003658,A00210,S002,2024-03-13,100.68,100.43,100.0,0
G0003659,A00201,S002,2024-03-14,97.58,98.44,100.0,0
G0003660,A00202,S002,2024-03-14,99.06,98.44,100.0,0
G0003661,A00203,S002,2024-03-14,98.34,98.44,100.0,0
G0003662,A00204,S002,2024-03-14,97.13,98.44,100.0,0
G0003663,A00205,S002,2024-03-14,100.34,98.44,100.0,0
G0003664,A00206,S002,2024-03-14,99.13,98.44,100.0,0
G0003665,A00207,S002,2024-03-14,99.12,98.44,100.0,0
G0003666,A00208,S002,2024-03-14,64.35,98.44,100.0,0
G0003667,A00209,S002,2024-03-14,96.68,98.44,100.0,0
G0003668,A00210,S002,2024-03-14,97.11,98.44,100.0,0
G0003669,A00201,S002,2024-03-15,94.62,96.02,100.0,0
G0003670,A00202,S002,2024-03-15,96.89,96.02,100.0,0
G0003671,A00203,S002,2024-03-15,96.29,96.02,100.0,0
G0003672,A00204,S002,2024-03-15,76.71,96.02,100.0,0
G0003673,A00205,S002,2024-03-15,87.26,96.02,100.0,0
G0003674,A00206,S002,2024-03-15,63.76,96.02,66.67,8
G0003675,A00207,S002,2024-03-15,95.38,96.02,100.0,0
G0003676,A00208,S002,2024-03-15,96.61,96.02,100.0,0
G0003677,A00209,S002,2024-03-15,94.85,96.02,100.0,0
G0003678,A00210,S002,2024-03-15,89.11,96.02,100.0,0
G0003679,A00201,S002,2024-03-16,82.09,81.19,100.0,0
G0003680,A00202,S002,2024-03-16,79.77,81.19,100.0,0
G0003681,A00203,S002,2024-03-16,79.29,81.19,100.0,0
G0003682,A00204,S002,2024-03-16,80.32,81.19,100.0,0
G0003683,A00205,S002,2024-03-16,79.22,81.19,100.0,0
G0003684,A00206,S002,2024-03-16,64.81,81.19,100.0,0
G0003685,A00207,S002,2024-03-16,81.18,81.19,100.0,0
G0003686,A00208,S002,2024-03-16,80.43,81.19,100.0,0
G0003687,A00209,S002,2024-03-16,82.75,81.19,100.0,0
G0003688,A00210,S002,2024-03-16,53.45,81.19,66.67,8
G0003689,A00201,S002,2024-03-17,129.71,130.62,100.0,0
G0003690,A00202,S002,2024-03-17,128.94,130.62,100.0,0
G0003691,A00203,S002,2024-03-17,130.9,130.62,100.0,0
G0003692,A00204,S002,2024-03-17,130.11,130.62,100.0,0
G0003693,A00205,S002,2024-03-17,129.06,130.62,100.0,0
G0003694,A00206,S002,2024-03-17,130.33,130.62,100.0,0
G0003695,A00207,S002,2024-03-17,129.78,130.62,100.0,0
G0003696,A00208,S002,2024-03-17,121.23,130.62,100.0,0
G0003697,A00209,S002,2024-03-17,131.25,130.62,100.0,0
G0003698,A00210,S002,2024-03-17,110.35,130.62,83.33,4
G0003699,A00201,S002,2024-03-18,123.75,125.26,100.0,0
G0003700,A00202,S002,2024-03-18,125.69,125.26,100.0,0
G0003701,A00203,S002,2024-03-18,115.14,125.26,91.67,2
G0003702,A00204,S002,2024-03-18,124.9,125.26,100.0,0
G0003703,A00205,S002,2024-03-18,116.04,125.26,100.0,0
G0003704,A00206,S002,2024-03-18,125.27,125.26,100.0,0
G0003705,A00207,S002,2024-03-18,124.14,125.26,100.0,0
G0003706,A00208,S002,2024-03-18,126.79,125.26,100.0,0
G0003707,A00209,S002,2024-03-18,113.46,125.26,91.67,2
G0003708,A00210,S002,2024-03-18,62.41,125.26,50.0,12
G0003709,A00201,S002,2024-03-19,143.14,156.25,100.0,0
G0003710,A00202,S002,2024-03-19,155.6,156.25,100.0,0
G0003711,A00203,S002,2024-03-19,154.4,156.25,100.0,0
G0003712,A00204,S002,2024-03-19,123.59,156.25,100.0,0
G0003713,A00205,S002,2024-03-19,142.32,156.25,100.0,0
G0003714,A00206,S002,2024-03-19,154.71,156.25,100.0,0
G0003715,A00207,S002,2024-03-19,145.21,156.25,100.0,0
G0003716,A00208,S002,2024-03-19,156.58,156.25,100.0,0
G0003717,A00209,S002,2024-03-19,125.22,156.25,100.0,0
G0003718,A00210,S002,2024-03-19,125.44,156.25,100.0,0
G0003719,A00201,S002,2024-03-20,131.11,132.77,100.0,0
G0003720,A00202,S002,2024-03-20,134.31,132.77,100.0,0
G0003721,A00203,S002,2024-03-20,120.78,132.77,100.0,0
G0003722,A00204,S002,2024-03-20,120.92,132.77,100.0,0
G0003723,A00205,S002,2024-03-20,133.39,132.77,100.0,0
G0003724,A00206,S002,2024-03-20,133.08,132.77,100.0,0
G0003725,A00207,S002,2024-03-20,132.35,132.77,100.0,0
G0003726,A00208,S002,2024-03-20,133.93,132.77,100.0,0
G0003727,A00209,S002,2024-03-20,134.36,132.77,100.0,0
G0003728,A00210,S002,2024-03-20,134.6,132.77,100.0,0
G0003729,A00201,S002,2024-03-21,88.99,93.85,95.83,1
G0003730,A00202,S002,2024-03-21,84.57,93.85,100.0,0
G0003731,A00203,S002,2024-03-21,88.13,93.85,100.0,0
G0003732,A00204,S002,2024-03-21,92.97,93.85,100.0,0
G0003733,A00205,S002,2024-03-21,94.77,93.85,100.0,0
G0003734,A00206,S002,2024-03-21,92.38,93.85,100.0,0
G0003735,A00207,S002,2024-03-21,92.39,93.85,100.0,0
G0003736,A00208,S002,2024-03-21,59.86,93.85,100.0,0
G0003737,A00209,S002,2024-03-21,92.86,93.85,100.0,0
G0003738,A00210,S002,2024-03-21,94.53,93.85,100.0,0
G0003739,A00201,S002,2024-03-22,124.19,123.75,100.0,0
G0003740,A00202,S002,2024-03-22,112.08,123.75,100.0,0
G0003741,A00203,S002,2024-03-22,125.52,123.75,100.0,0
G0003742,A00204,S002,2024-03-22,124.83,123.75,100.0,0
G0003743,A00205,S002,2024-03-22,122.83,123.75,100.0,0
G0003744,A00206,S002,2024-03-22,123.91,123.75,100.0,0
G0003745,A00207,S002,2024-03-22,114.67,123.75,91.67,2
G0003746,A00208,S002,2024-03-22,113.25,123.75,91.67,2
G0003747,A00209,S002,2024-03-22,122.92,123.75,100.0,0
G0003748,A00210,S002,2024-03-22,124.64,123.75,100.0,0
G0003749,A00201,S002,2024-03-23,152.53,165.18,100.0,0
G0003750,A00202,S002,2024-03-23,163.6,165.18,100.0,0
G0003751,A00203,S002,2024-03-23,153.67,165.18,100.0,0
G0003752,A00204,S002,2024-03-23,165.32,165.18,100.0,0
G0003753,A00205,S002,2024-03-23,165.69,165.18,100.0,0
G0003754,A00206,S002,2024-03-23,156.92,165.18,95.83,1
G0003755,A00207,S002,2024-03-23,165.93,165.18,100.0,0
G0003756,A00208,S002,2024-03-23,164.2,165.18,100.0,0
G0003757,A00209,S002,2024-03-23,132.08,165.18,100.0,0
G0003758,A00210,S002,2024-03-23,163.48,165.18,100.0,0
G0003759,A00201,S002,2024-03-24,96.2,114.5,83.33,4
G0003760,A00202,S002,2024-03-24,115.47,114.5,100.0,0
G0003761,A00203,S002,2024-03-24,82.26,114.5,91.67,2
G0003762,A00204,S002,2024-03-24,110.5,114.5,95.83,1
G0003763,A00205,S002,2024-03-24,104.37,114.5,91.67,2
G0003764,A00206,S002,2024-03-24,113.92,114.5,100.0,0
G0003765,A00207,S002,2024-03-24,103.78,114.5,100.0,0
G0003766,A00208,S002,2024-03-24,107.12,114.5,100.0,0
G0003767,A00209,S002,2024-03-24,113.23,114.5,100.0,0
G0003768,A00210,S002,2024-03-24,112.95,114.5,100.0,0
G0003769,A00201,S002,2024-03-25,54.51,66.09,100.0,0
G0003770,A00202,S002,2024-03-25,64.87,66.09,100.0,0
G0003771,A00203,S002,2024-03-25,67.71,66.09,100.0,0
G0003772,A00204,S002,2024-03-25,66.12,66.09,100.0,0
G0003773,A00205,S002,2024-03-25,64.17,66.09,100.0,0
G0003774,A00206,S002,2024-03-25,62.84,66.09,95.83,1
G0003775,A00207,S002,2024-03-25,67.59,66.09,100.0,0
G0003776,A00208,S002,2024-03-25,66.58,66.09,100.0,0
G0003777,A00209,S002,2024-03-25,64.92,66.09,100.0,0
G0003778,A00210,S002,2024-03-25,65.02,66.09,100.0,0
G0003779,A00201,S002,2024-03-26,89.77,90.1,100.0,0
G0003780,A00202,S002,2024-03-26,91.34,90.1,100.0,0
G0003781,A00203,S002,2024-03-26,91.81,90.1,100.0,0
G0003782,A00204,S002,2024-03-26,91.8,90.1,100.0,0
G0003783,A00205,S002,2024-03-26,88.71,90.1,100.0,0
G0003784,A00206,S002,2024-03-26,89.71,90.1,100.0,0
G0003785,A00207,S002,2024-03-26,88.72,90.1,100.0,0
G0003786,A00208,S002,2024-03-26,90.76,90.1,100.0,0
G0003787,A00209,S002,2024-03-26,89.44,90.1,100.0,0
G0003788,A00210,S002,2024-03-26,90.3,90.1,100.0,0
G0003789,A00201,S002,2024-03-27,118.89,118.75,100.0,0
G0003790,A00202,S002,2024-03-27,120.03,118.75,100.0,0
G0003791,A00203,S002,2024-03-27,120.07,118.75,100.0,0
G0003792,A00204,S002,2024-03-27,119.4,118.75,100.0,0
G0003793,A00205,S002,2024-03-27,120.23,118.75,100.0,0
G0003794,A00206,S002,2024-03-27,76.38,118.75,100.0,0
G0003795,A00207,S002,2024-03-27,117.99,118.75,100.0,0
G0003796,A00208,S002,2024-03-27,107.25,118.75,100.0,0
G0003797,A00209,S002,2024-03-27,96.66,118.75,100.0,0
G0003798,A00210,S002,2024-03-27,120.08,118.75,100.0,0
G0003799,A00201,S002,2024-03-28,33.26,33.56,95.83,1
G0003800,A00202,S002,2024-03-28,32.75,33.56,100.0,0
G0003801,A00203,S002,2024-03-28,33.31,33.56,100.0,0
G0003802,A00204,S002,2024-03-28,32.78,33.56,100.0,0
G0003803,A00205,S002,2024-03-28,33.69,33.56,100.0,0
G0003804,A00206,S002,2024-03-28,35.31,33.56,100.0,0
G0003805,A00207,S002,2024-03-28,32.34,33.56,100.0,0
G0003806,A00208,S002,2024-03-28,33.46,33.56,95.83,1
G0003807,A00209,S002,2024-03-28,25.96,33.56,100.0,0
G0003808,A00210,S002,2024-03-28,34.35,33.56,100.0,0
G0003809,A00201,S002,2024-03-29,101.25,102.58,100.0,0
G0003810,A00202,S002,2024-03-29,102.16,102.58,100.0,0
G0003811,A00203,S002,2024-03-29,101.88,102.58,100.0,0
G0003812,A00204,S002,2024-03-29,101.52,102.58,100.0,0
G0003813,A00205,S002,2024-03-29,92.68,102.58,91.67,2
G0003814,A00206,S002,2024-03-29,103.69,102.58,100.0,0
G0003815,A00207,S002,2024-03-29,102.71,102.58,100.0,0
G0003816,A00208,S002,2024-03-29,104.31,102.58,100.0,0
G0003817,A00209,S002,2024-03-29,104.14,102.58,100.0,0
G0003818,A00210,S002,2024-03-29,95.06,102.58,100.0,0
G0003819,A00201,S002,2024-03-30,157.8,156.26,100.0,0
G0003820,A00202,S002,2024-03-30,144.31,156.26,91.67,2
G0003821,A00203,S002,2024-03-30,156.47,156.26,100.0,0
G0003822,A00204,S002,2024-03-30,123.77,156.26,100.0,0
G0003823,A00205,S002,2024-03-30,155.16,156.26,100.0,0
G0003824,A00206,S002,2024-03-30,156.29,156.26,100.0,0
G0003825,A00207,S002,2024-03-30,157.21,156.26,100.0,0
G0003826,A00208,S002,2024-03-30,157.1,156.26,100.0,0
G0003827,A00209,S002,2024-03-30,145.05,156.26,91.67,2
G0003828,A00210,S002,2024-03-30,155.95,156.26,100.0,0
G0003829,A00201,S002,2024-03-31,133.91,133.29,100.0,0
G0003830,A00202,S002,2024-03-31,133.16,133.29,100.0,0
G0003831,A00203,S002,2024-03-31,133.3,133.29,100.0,0
G0003832,A00204,S002,2024-03-31,112.49,133.29,83.33,4
G0003833,A00205,S002,2024-03-31,133.93,133.29,100.0,0
G0003834,A00206,S002,2024-03-31,87.93,133.29,100.0,0
G0003835,A00207,S002,2024-03-31,135.1,133.29,100.0,0
G0003836,A00208,S002,2024-03-31,134.77,133.29,100.0,0
G0003837,A00209,S002,2024-03-31,132.11,133.29,100.0,0
G0003838,A00210,S002,2024-03-31,121.28,133.29,100.0,0
G0003839,A00201,S002,2024-04-01,78.39,79.84,100.0,0
G0003840,A00202,S002,2024-04-01,79.74,79.84,100.0,0
G0003841,A00203,S002,2024-04-01,81.83,79.84,100.0,0
G0003842,A00204,S002,2024-04-01,79.78,79.84,100.0,0
G0003843,A00205,S002,2024-04-01,79.07,79.84,100.0,0
G0003844,A00206,S002,2024-04-01,80.31,79.84,100.0,0
G0003845,A00207,S002,2024-04-01,79.88,79.84,100.0,0
G0003846,A00208,S002,2024-04-01,71.91,79.84,100.0,0
G0003847,A00209,S002,2024-04-01,81.62,79.84,100.0,0
G0003848,A00210,S002,2024-04-01,81.08,79.84,100.0,0
G0003849,A00201,S002,2024-04-02,138.2,139.54,100.0,0
G0003850,A00202,S002,2024-04-02,127.68,139.54,100.0,0
G0003851,A00203,S002,2024-04-02,89.35,139.54,100.0,0
G0003852,A00204,S002,2024-04-02,138.7,139.54,100.0,0
G0003853,A00205,S002,2024-04-02,127.09,139.54,100.0,0
G0003854,A00206,S002,2024-04-02,140.62,139.54,100.0,0
G0003855,A00207,S002,2024-04-02,139.47,139.54,100.0,0
G0003856,A00208,S002,2024-04-02,139.92,139.54,100.0,0
G0003857,A00209,S002,2024-04-02,137.96,139.54,100.0,0
G0003858,A00210,S002,2024-04-02,91.62,139.54,66.67,8
G0003859,A00201,S002,2024-04-03,44.5,43.47,100.0,0
G0003860,A00202,S002,2024-04-03,40.37,43.47,100.0,0
G0003861,A00203,S002,2024-04-03,34.2,43.47,100.0,0
G0003862,A00204,S002,2024-04-03,42.23,43.47,100.0,0
G0003863,A00205,S002,2024-04-03,41.95,43.47,100.0,0
G0003864,A00206,S002,2024-04-03,43.39,43.47,100.0,0
G0003865,A00207,S002,2024-04-03,43.35,43.47,100.0,0
G0003866,A00208,S002,2024-04-03,41.92,43.47,100.0,0
G0003867,A00209,S002,2024-04-03,38.48,43.47,100.0,0
G0003868,A00210,S002,2024-04-03,41.72,43.47,91.67,2
G0003869,A00201,S002,2024-04-04,85.69,100.77,83.33,4
G0003870,A00202,S002,2024-04-04,98.93,100.77,100.0,0
G0003871,A00203,S002,2024-04-04,102.41,100.77,100.0,0
G0003872,A00204,S002,2024-04-04,100.03,100.77,100.0,0
G0003873,A00205,S002,2024-04-04,79.34,100.77,100.0,0
G0003874,A00206,S002,2024-04-04,101.31,100.77,100.0,0
G0003875,A00207,S002,2024-04-04,100.77,100.77,100.0,0
G0003876,A00208,S002,2024-04-04,101.51,100.77,100.0,0
G0003877,A00209,S002,2024-04-04,100.08,100.77,100.0,0
G0003878,A00210,S002,2024-04-04,99.67,100.77,100.0,0
G0003879,A00201,S002,2024-04-05,115.5,116.5,100.0,0
G0003880,A00202,S002,2024-04-05,117.97,116.5,100.0,0
G0003881,A00203,S002,2024-04-05,117.61,116.5,100.0,0
G0003882,A00204,S002,2024-04-05,96.79,116.5,83.33,4
G0003883,A00205,S002,2024-04-05,116.97,116.5,100.0,0
G0003884,A00206,S002,2024-04-05,115.8,116.5,100.0,0
G0003885,A00207,S002,2024-04-05,117.87,116.5,100.0,0
G0003886,A00208,S002,2024-04-05,114.96,116.5,100.0,0
G0003887,A00209,S002,2024-04-05,116.29,116.5,100.0,0
G0003888,A00210,S002,2024-04-05,107.34,116.5,91.67,2
G0003889,A00201,S002,2024-04-06,91.45,92.59,100.0,0
G0003890,A00202,S002,2024-04-06,86.11,92.59,100.0,0
G0003891,A00203,S002,2024-04-06,86.56,92.59,100.0,0
G0003892,A00204,S002,2024-04-06,94.51,92.59,100.0,0
G0003893,A00205,S002,2024-04-06,85.6,92.59,100.0,0
G0003894,A00206,S002,2024-04-06,90.71,92.59,100.0,0
G0003895,A00207,S002,2024-04-06,94.09,92.59,100.0,0
G0003896,A00208,S002,2024-04-06,85.27,92.59,100.0,0
G0003897,A00209,S002,2024-04-06,74.13,92.59,100.0,0
G0003898,A00210,S002,2024-04-06,88.96,92.59,95.83,1
G0003899,A00201,S002,2024-04-07,138.37,137.63,100.0,0
G0003900,A00202,S002,2024-04-07,137.27,137.63,100.0,0
G0003901,A00203,S002,2024-04-07,136.54,137.63,100.0,0
G0003902,A00204,S002,2024-04-07,137.68,137.63,100.0,0
G0003903,A00205,S002,2024-04-07,136.38,137.63,100.0,0
G0003904,A00206,S002,2024-04-07,137.55,137.63,100.0,0
G0003905,A00207,S002,2024-04-07,125.75,137.63,91.67,2
G0003906,A00208,S002,2024-04-07,93.01,137.63,66.67,8
G0003907,A00209,S002,2024-04-07,137.14,137.63,100.0,0
G0003908,A00210,S002,2024-04-07,124.83,137.63,100.0,0
G0003909,A00201,S002,2024-04-08,100.92,102.01,100.0,0
G0003910,A00202,S002,2024-04-08,90.68,102.01,95.83,1
G0003911,A00203,S002,2024-04-08,102.39,102.01,100.0,0
G0003912,A00204,S002,2024-04-08,102.61,102.01,100.0,0
G0003913,A00205,S002,2024-04-08,102.08,102.01,100.0,0
G0003914,A00206,S002,2024-04-08,86.49,102.01,91.67,2
G0003915,A00207,S002,2024-04-08,103.66,102.01,100.0,0
G0003916,A00208,S002,2024-04-08,102.55,102.01,100.0,0
G0003917,A00209,S002,2024-04-08,102.09,102.01,100.0,0
G0003918,A00210,S002,2024-04-08,100.3,102.01,100.0,0
G0003919,A00201,S002,2024-04-09,112.46,113.91,100.0,0
G0003920,A00202,S002,2024-04-09,115.35,113.91,100.0,0
G0003921,A00203,S002,2024-04-09,92.13,113.91,100.0,0
G0003922,A00204,S002,2024-04-09,103.73,113.91,91.67,2
G0003923,A00205,S002,2024-04-09,90.83,113.91,100.0,0
G0003924,A00206,S002,2024-04-09,75.97,113.91,100.0,0
G0003925,A00207,S002,2024-04-09,112.03,113.91,100.0,0
G0003926,A00208,S002,2024-04-09,114.05,113.91,100.0,0
G0003927,A00209,S002,2024-04-09,115.85,113.91,100.0,0
G0003928,A00210,S002,2024-04-09,90.47,113.91,100.0,0
G0003929,A00201,S002,2024-04-10,117.08,117.38,100.0,0
G0003930,A00202,S002,2024-04-10,107.48,117.38,100.0,0
G0003931,A00203,S002,2024-04-10,117.53,117.38,100.0,0
G0003932,A00204,S002,2024-04-10,91.95,117.38,100.0,0
G0003933,A00205,S002,2024-04-10,116.96,117.38,100.0,0
G0003934,A00206,S002,2024-04-10,118.53,117.38,100.0,0
G0003935,A00207,S002,2024-04-10,106.49,117.38,100.0,0
G0003936,A00208,S002,2024-04-10,118.85,117.38,100.0,0
G0003937,A00209,S002,2024-04-10,117.68,117.38,100.0,0
G0003938,A00210,S002,2024-04-10,115.78,117.38,100.0,0
G0003939,A00201,S002,2024-04-11,121.62,122.02,100.0,0
G0003940,A00202,S002,2024-04-11,111.97,122.02,91.67,2
G0003941,A00203,S002,2024-04-11,121.78,122.02,100.0,0
G0003942,A00204,S002,2024-04-11,121.62,122.02,100.0,0
G0003943,A00205,S002,2024-04-11,120.26,122.02,100.0,0
G0003944,A00206,S002,2024-04-11,93.27,122.02,83.33,4
G0003945,A00207,S002,2024-04-11,100.67,122.02,83.33,4
G0003946,A00208,S002,2024-04-11,106.54,122.02,95.83,1
G0003947,A00209,S002,2024-04-11,123.53,122.02,100.0,0
G0003948,A00210,S002,2024-04-11,122.73,122.02,100.0,0
G0003949,A00201,S002,2024-04-12,120.88,131.19,100.0,0
G0003950,A00202,S002,2024-04-12,129.21,131.19,100.0,0
G0003951,A00203,S002,2024-04-12,130.7,131.19,100.0,0
G0003952,A00204,S002,2024-04-12,130.84,131.19,100.0,0
G0003953,A00205,S002,2024-04-12,85.12,131.19,100.0,0
G0003954,A00206,S002,2024-04-12,131.33,131.19,100.0,0
G0003955,A00207,S002,2024-04-12,119.32,131.19,91.67,2
G0003956,A00208,S002,2024-04-12,110.0,131.19,83.33,4
G0003957,A00209,S002,2024-04-12,83.31,131.19,100.0,0
G0003958,A00210,S002,2024-04-12,132.93,131.19,100.0,0
G0003959,A00201,S002,2024-04-13,130.47,130.1,100.0,0
G0003960,A00202,S002,2024-04-13,119.56,130.1,91.67,2
G0003961,A00203,S002,2024-04-13,131.12,130.1,100.0,0
G0003962,A00204,S002,2024-04-13,125.45,130.1,95.83,1
G0003963,A00205,S002,2024-04-13,104.12,130.1,100.0,0
G0003964,A00206,S002,2024-04-13,124.08,130.1,95.83,1
G0003965,A00207,S002,2024-04-13,119.01,130.1,100.0,0
G0003966,A00208,S002,2024-04-13,118.18,130.1,100.0,0
G0003967,A00209,S002,2024-04-13,129.8,130.1,100.0,0
G0003968,A00210,S002,2024-04-13,128.52,130.1,100.0,0
G0003969,A00201,S002,2024-04-14,68.91,85.68,100.0,0
G0003970,A00202,S002,2024-04-14,80.93,85.68,95.83,1
G0003971,A00203,S002,2024-04-14,85.73,85.68,100.0,0
G0003972,A00204,S002,2024-04-14,85.58,85.68,100.0,0
G0003973,A00205,S002,2024-04-14,83.72,85.68,100.0,0
G0003974,A00206,S002,2024-04-14,62.23,85.68,91.67,2
G0003975,A00207,S002,2024-04-14,83.77,85.68,100.0,0
G0003976,A00208,S002,2024-04-14,86.83,85.68,100.0,0
G0003977,A00209,S002,2024-04-14,79.93,85.68,91.67,2
G0003978,A00210,S002,2024-04-14,83.82,85.68,100.0,0
G0003979,A00201,S002,2024-04-15,110.33,110.35,100.0,0
G0003980,A00202,S002,2024-04-15,109.21,110.35,100.0,0
G0003981,A00203,S002,2024-04-15,55.38,110.35,50.0,12
G0003982,A00204,S002,2024-04-15,109.59,110.35,100.0,0
G0003983,A00205,S002,2024-04-15,100.27,110.35,91.67,2
G0003984,A00206,S002,2024-04-15,110.59,110.35,100.0,0
G0003985,A00207,S002,2024-04-15,112.09,110.35,100.0,0
G0003986,A00208,S002,2024-04-15,112.32,110.35,100.0,0
G0003987,A00209,S002,2024-04-15,108.41,110.35,100.0,0
G0003988,A00210,S002,2024-04-15,109.04,110.35,100.0,0
G0003989,A00201,S002,2024-04-16,96.72,97.19,100.0,0
G0003990,A00202,S002,2024-04-16,96.99,97.19,100.0,0
G0003991,A00203,S002,2024-04-16,78.87,97.19,100.0,0
G0003992,A00204,S002,2024-04-16,96.75,97.19,100.0,0
G0003993,A00205,S002,2024-04-16,96.63,97.19,100.0,0
G0003994,A00206,S002,2024-04-16,96.55,97.19,100.0,0
G0003995,A00207,S002,2024-04-16,97.17,97.19,100.0,0
G0003996,A00208,S002,2024-04-16,79.04,97.19,83.33,4
G0003997,A00209,S002,2024-04-16,95.95,97.19,100.0,0
G0003998,A00210,S002,2024-04-16,95.57,97.19,100.0,0
G0003999,A00201,S002,2024-04-17,69.82,71.25,100.0,0
G0004000,A00202,S002,2024-04-17,72.73,71.25,100.0,0
G0004001,A00203,S002,2024-04-17,69.7,71.25,100.0,0
G0004002,A00204,S002,2024-04-17,73.22,71.25,100.0,0
G0004003,A00205,S002,2024-04-17,70.47,71.25,100.0,0
G0004004,A00206,S002,2024-04-17,46.4,71.25,66.67,8
G0004005,A00207,S002,2024-04-17,55.53,71.25,100.0,0
G0004006,A00208,S002,2024-04-17,69.82,71.25,100.0,0
G0004007,A00209,S002,2024-04-17,63.64,71.25,91.67,2
G0004008,A00210,S002,2024-04-17,63.38,71.25,91.67,2
G0004009,A00201,S002,2024-04-18,75.03,74.34,100.0,0
G0004010,A00202,S002,2024-04-18,73.23,74.34,100.0,0
G0004011,A00203,S002,2024-04-18,74.75,74.34,100.0,0
G0004012,A00204,S002,2024-04-18,60.18,74.34,100.0,0
G0004013,A00205,S002,2024-04-18,74.67,74.34,100.0,0
G0004014,A00206,S002,2024-04-18,72.76,74.34,100.0,0
G0004015,A00207,S002,2024-04-18,59.79,74.34,100.0,0
G0004016,A00208,S002,2024-04-18,75.86,74.34,100.0,0
G0004017,A00209,S002,2024-04-18,75.55,74.34,100.0,0
G0004018,A00210,S002,2024-04-18,75.5,74.34,100.0,0
G0004019,A00201,S002,2024-04-19,103.11,103.01,100.0,0
G0004020,A00202,S002,2024-04-19,101.93,103.01,100.0,0
G0004021,A00203,S002,2024-04-19,103.27,103.01,100.0,0
G0004022,A00204,S002,2024-04-19,103.28,103.01,100.0,0
G0004023,A00205,S002,2024-04-19,103.3,103.01,100.0,0
G0004024,A00206,S002,2024-04-19,96.35,103.01,100.0,0
G0004025,A00207,S002,2024-04-19,82.91,103.01,100.0,0
G0004026,A00208,S002,2024-04-19,81.52,103.01,100.0,0
G0004027,A00209,S002,2024-04-19,104.81,103.01,100.0,0
G0004028,A00210,S002,2024-04-19,103.12,103.01,100.0,0
G0004029,A00201,S002,2024-04-20,57.1,112.38,50.0,12
G0004030,A00202,S002,2024-04-20,102.83,112.38,100.0,0
G0004031,A00203,S002,2024-04-20,105.71,112.38,95.83,1
G0004032,A00204,S002,2024-04-20,113.56,112.38,100.0,0
G0004033,A00205,S002,2024-04-20,75.3,112.38,66.67,8
G0004034,A00206,S002,2024-04-20,113.46,112.38,100.0,0
G0004035,A00207,S002,2024-04-20,112.01,112.38,100.0,0
G0004036,A00208,S002,2024-04-20,111.32,112.38,100.0,0
G0004037,A00209,S002,2024-04-20,113.71,112.38,100.0,0
G0004038,A00210,S002,2024-04-20,102.86,112.38,91.67,2
G0004039,A00201,S002,2024-04-21,96.46,106.67,100.0,0
G0004040,A00202,S002,2024-04-21,104.22,106.67,95.83,1
G0004041,A00203,S002,2024-04-21,107.06,106.67,100.0,0
G0004042,A00204,S002,2024-04-21,105.54,106.67,100.0,0
G0004043,A00205,S002,2024-04-21,101.2,106.67,95.83,1
G0004044,A00206,S002,2024-04-21,96.12,106.67,91.67,2
G0004045,A00207,S002,2024-04-21,107.45,106.67,100.0,0
G0004046,A00208,S002,2024-04-21,107.89,106.67,100.0,0
G0004047,A00209,S002,2024-04-21,107.89,106.67,100.0,0
G0004048,A00210,S002,2024-04-21,107.72,106.67,100.0,0
G0004049,A00201,S002,2024-04-22,123.76,122.2,100.0,0
G0004050,A00202,S002,2024-04-22,123.06,122.2,100.0,0
G0004051,A00203,S002,2024-04-22,122.77,122.2,100.0,0
G0004052,A00204,S002,2024-04-22,123.84,122.2,100.0,0
G0004053,A00205,S002,2024-04-22,121.09,122.2,100.0,0
G0004054,A00206,S002,2024-04-22,110.02,122.2,91.67,2
G0004055,A00207,S002,2024-04-22,121.58,122.2,100.0,0
G0004056,A00208,S002,2024-04-22,123.82,122.2,100.0,0
G0004057,A00209,S002,2024-04-22,124.08,122.2,100.0,0
G0004058,A00210,S002,2024-04-22,97.14,122.2,100.0,0
G0004059,A00201,S002,2024-04-23,107.06,106.25,100.0,0
G0004060,A00202,S002,2024-04-23,104.53,106.25,100.0,0
G0004061,A00203,S002,2024-04-23,106.51,106.25,100.0,0
G0004062,A00204,S002,2024-04-23,103.36,106.25,95.83,1
G0004063,A00205,S002,2024-04-23,105.31,106.25,100.0,0
G0004064,A00206,S002,2024-04-23,105.22,106.25,100.0,0
G0004065,A00207,S002,2024-04-23,107.77,106.25,100.0,0
G0004066,A00208,S002,2024-04-23,98.02,106.25,100.0,0
G0004067,A00209,S002,2024-04-23,104.61,106.25,100.0,0
G0004068,A00210,S002,2024-04-23,82.32,106.25,95.83,1
G0004069,A00201,S002,2024-04-24,158.72,157.82,100.0,0
G0004070,A00202,S002,2024-04-24,156.39,157.82,100.0,0
G0004071,A00203,S002,2024-04-24,95.99,157.82,66.67,8
G0004072,A00204,S002,2024-04-24,157.15,157.82,100.0,0
G0004073,A00205,S002,2024-04-24,158.05,157.82,100.0,0
G0004074,A00206,S002,2024-04-24,156.49,157.82,100.0,0
G0004075,A00207,S002,2024-04-24,156.32,157.82,100.0,0
G0004076,A00208,S002,2024-04-24,133.46,157.82,83.33,4
G0004077,A00209,S002,2024-04-24,157.36,157.82,100.0,0
G0004078,A00210,S002,2024-04-24,156.43,157.82,100.0,0
G0004079,A00201,S002,2024-04-25,44.93,98.17,50.0,12
G0004080,A00202,S002,2024-04-25,98.06,98.17,100.0,0
G0004081,A00203,S002,2024-04-25,98.73,98.17,100.0,0
G0004082,A00204,S002,2024-04-25,76.97,98.17,100.0,0
G0004083,A00205,S002,2024-04-25,97.37,98.17,100.0,0
G0004084,A00206,S002,2024-04-25,91.56,98.17,100.0,0
G0004085,A00207,S002,2024-04-25,99.12,98.17,100.0,0
G0004086,A00208,S002,2024-04-25,96.52,98.17,100.0,0
G0004087,A00209,S002,2024-04-25,99.12,98.17,100.0,0
G0004088,A00210,S002,2024-04-25,96.86,98.17,100.0,0
G0004089,A00201,S002,2024-04-26,86.89,86.05,100.0,0
G0004090,A00202,S002,2024-04-26,86.17,86.05,100.0,0
G0004091,A00203,S002,2024-04-26,84.98,86.05,100.0,0
G0004092,A00204,S002,2024-04-26,86.05,86.05,100.0,0
G0004093,A00205,S002,2024-04-26,86.16,86.05,100.0,0
G0004094,A00206,S002,2024-04-26,88.02,86.05,100.0,0
G0004095,A00207,S002,2024-04-26,83.85,86.05,95.83,1
G0004096,A00208,S002,2024-04-26,56.01,86.05,66.67,8
G0004097,A00209,S002,2024-04-26,85.16,86.05,100.0,0
G0004098,A00210,S002,2024-04-26,77.64,86.05,100.0,0
G0004099,A00201,S002,2024-04-27,135.62,149.7,91.67,2
G0004100,A00202,S002,2024-04-27,145.41,149.7,95.83,1
G0004101,A00203,S002,2024-04-27,148.12,149.7,100.0,0
G0004102,A00204,S002,2024-04-27,151.35,149.7,100.0,0
G0004103,A00205,S002,2024-04-27,151.45,149.7,100.0,0
G0004104,A00206,S002,2024-04-27,135.69,149.7,91.67,2
G0004105,A00207,S002,2024-04-27,150.06,149.7,100.0,0
G0004106,A00208,S002,2024-04-27,150.82,149.7,100.0,0
G0004107,A00209,S002,2024-04-27,151.41,149.7,100.0,0
G0004108,A00210,S002,2024-04-27,137.69,149.7,91.67,2
G0004109,A00201,S002,2024-04-28,117.67,116.38,100.0,0
G0004110,A00202,S002,2024-04-28,114.86,116.38,100.0,0
G0004111,A00203,S002,2024-04-28,116.5,116.38,100.0,0
G0004112,A00204,S002,2024-04-28,93.34,116.38,100.0,0
G0004113,A00205,S002,2024-04-28,114.39,116.38,100.0,0
G0004114,A00206,S002,2024-04-28,117.24,116.38,100.0,0
G0004115,A00207,S002,2024-04-28,104.79,116.38,91.67,2
G0004116,A00208,S002,2024-04-28,118.28,116.38,100.0,0
G0004117,A00209,S002,2024-04-28,113.05,116.38,95.83,1
G0004118,A00210,S002,2024-04-28,77.55,116.38,66.67,8
G0004119,A00201,S002,2024-04-29,121.58,130.41,100.0,0
G0004120,A00202,S002,2024-04-29,129.82,130.41,100.0,0
G0004121,A00203,S002,2024-04-29,131.02,130.41,100.0,0
G0004122,A00204,S002,2024-04-29,128.95,130.41,100.0,0
G0004123,A00205,S002,2024-04-29,109.97,130.41,83.33,4
G0004124,A00206,S002,2024-04-29,85.18,130.41,100.0,0
G0004125,A00207,S002,2024-04-29,119.02,130.41,100.0,0
G0004126,A00208,S002,2024-04-29,131.14,130.41,100.0,0
G0004127,A00209,S002,2024-04-29,129.4,130.41,100.0,0
G0004128,A00210,S002,2024-04-29,120.54,130.41,91.67,2
G0004129,A00201,S002,2024-04-30,110.08,125.36,95.83,1
G0004130,A00202,S002,2024-04-30,84.17,125.36,83.33,4
G0004131,A00203,S002,2024-04-30,121.53,125.36,95.83,1
G0004132,A00204,S002,2024-04-30,126.83,125.36,100.0,0
G0004133,A00205,S002,2024-04-30,115.35,125.36,100.0,0
G0004134,A00206,S002,2024-04-30,116.29,125.36,100.0,0
G0004135,A00207,S002,2024-04-30,124.63,125.36,100.0,0
G0004136,A00208,S002,2024-04-30,123.65,125.36,100.0,0
G0004137,A00209,S002,2024-04-30,125.56,125.36,100.0,0
G0004138,A00210,S002,2024-04-30,124.34,125.36,100.0,0
G0004139,A00201,S002,2024-05-01,132.33,131.05,100.0,0
G0004140,A00202,S002,2024-05-01,130.09,131.05,100.0,0
G0004141,A00203,S002,2024-05-01,120.91,131.05,100.0,0
G0004142,A00204,S002,2024-05-01,108.2,131.05,83.33,4
G0004143,A00205,S002,2024-05-01,119.01,131.05,100.0,0
G0004144,A00206,S002,2024-05-01,131.02,131.05,100.0,0
G0004145,A00207,S002,2024-05-01,132.11,131.05,100.0,0
G0004146,A00208,S002,2024-05-01,129.67,131.05,100.0,0
G0004147,A00209,S002,2024-05-01,132.3,131.05,100.0,0
G0004148,A00210,S002,2024-05-01,129.67,131.05,100.0,0
G0004149,A00201,S002,2024-05-02,170.85,172.29,100.0,0
G0004150,A00202,S002,2024-05-02,171.1,172.29,100.0,0
G0004151,A00203,S002,2024-05-02,173.51,172.29,100.0,0
G0004152,A00204,S002,2024-05-02,113.0,172.29,100.0,0
G0004153,A00205,S002,2024-05-02,172.24,172.29,100.0,0
G0004154,A00206,S002,2024-05-02,171.03,172.29,100.0,0
G0004155,A00207,S002,2024-05-02,158.52,172.29,100.0,0
G0004156,A00208,S002,2024-05-02,170.49,172.29,100.0,0
G0004157,A00209,S002,2024-05-02,171.87,172.29,100.0,0
G0004158,A00210,S002,2024-05-02,104.41,172.29,66.67,8
G0004159,A00201,S002,2024-05-03,161.48,161.97,100.0,0
G0004160,A00202,S002,2024-05-03,163.31,161.97,100.0,0
G0004161,A00203,S002,2024-05-03,163.84,161.97,100.0,0
G0004162,A00204,S002,2024-05-03,162.39,161.97,100.0,0
G0004163,A00205,S002,2024-05-03,163.32,161.97,100.0,0
G0004164,A00206,S002,2024-05-03,160.09,161.97,100.0,0
G0004165,A00207,S002,2024-05-03,148.05,161.97,91.67,2
G0004166,A00208,S002,2024-05-03,163.09,161.97,100.0,0
G0004167,A00209,S002,2024-05-03,160.07,161.97,100.0,0
G0004168,A00210,S002,2024-05-03,161.87,161.97,100.0,0
G0004169,A00201,S002,2024-05-04,79.48,81.44,100.0,0
G0004170,A00202,S002,2024-05-04,81.24,81.44,100.0,0
G0004171,A00203,S002,2024-05-04,74.92,81.44,100.0,0
G0004172,A00204,S002,2024-05-04,79.75,81.44,100.0,0
G0004173,A00205,S002,2024-05-04,75.03,81.44,100.0,0
G0004174,A00206,S002,2024-05-04,81.05,81.44,100.0,0
G0004175,A00207,S002,2024-05-04,79.68,81.44,100.0,0
G0004176,A00208,S002,2024-05-04,73.07,81.44,91.67,2
G0004177,A00209,S002,2024-05-04,75.53,81.44,100.0,0
G0004178,A00210,S002,2024-05-04,63.58,81.44,100.0,0
G0004179,A00201,S002,2024-05-05,125.67,137.02,100.0,0
G0004180,A00202,S002,2024-05-05,135.43,137.02,100.0,0
G0004181,A00203,S002,2024-05-05,138.45,137.02,100.0,0
G0004182,A00204,S002,2024-05-05,136.67,137.02,100.0,0
G0004183,A00205,S002,2024-05-05,135.4,137.02,100.0,0
G0004184,A00206,S002,2024-05-05,136.09,137.02,100.0,0
G0004185,A00207,S002,2024-05-05,138.49,137.02,100.0,0
G0004186,A00208,S002,2024-05-05,133.0,137.02,95.83,1
G0004187,A00209,S002,2024-05-05,109.4,137.02,100.0,0
G0004188,A00210,S002,2024-05-05,133.08,137.02,95.83,1
G0004189,A00201,S002,2024-05-06,155.69,171.04,91.67,2
G0004190,A00202,S002,2024-05-06,170.16,171.04,100.0,0
G0004191,A00203,S002,2024-05-06,129.16,171.04,83.33,4
G0004192,A00204,S002,2024-05-06,172.07,171.04,100.0,0
G0004193,A00205,S002,2024-05-06,157.82,171.04,100.0,0
G0004194,A00206,S002,2024-05-06,114.83,171.04,66.67,8
G0004195,A00207,S002,2024-05-06,171.85,171.04,100.0,0
G0004196,A00208,S002,2024-05-06,169.39,171.04,100.0,0
G0004197,A00209,S002,2024-05-06,170.44,171.04,100.0,0
G0004198,A00210,S002,2024-05-06,142.25,171.04,83.33,4
G0004199,A00201,S002,2024-05-07,153.22,166.32,100.0,0
G0004200,A00202,S002,2024-05-07,137.66,166.32,83.33,4
G0004201,A00203,S002,2024-05-07,167.21,166.32,100.0,0
G0004202,A00204,S002,2024-05-07,164.33,166.32,100.0,0
G0004203,A00205,S002,2024-05-07,112.26,166.32,66.67,8
G0004204,A00206,S002,2024-05-07,167.18,166.32,100.0,0
G0004205,A00207,S002,2024-05-07,127.89,166.32,83.33,4
G0004206,A00208,S002,2024-05-07,154.12,166.32,100.0,0
G0004207,A00209,S002,2024-05-07,157.52,166.32,95.83,1
G0004208,A00210,S002,2024-05-07,165.22,166.32,100.0,0
G0004209,A00201,S002,2024-05-08,167.1,168.94,100.0,0
G0004210,A00202,S002,2024-05-08,161.27,168.94,95.83,1
G0004211,A00203,S002,2024-05-08,154.33,168.94,100.0,0
G0004212,A00204,S002,2024-05-08,170.53,168.94,100.0,0
G0004213,A00205,S002,2024-05-08,169.15,168.94,100.0,0
G0004214,A00206,S002,2024-05-08,167.71,168.94,100.0,0
G0004215,A00207,S002,2024-05-08,170.34,168.94,100.0,0
G0004216,A00208,S002,2024-05-08,166.97,168.94,100.0,0
G0004217,A00209,S002,2024-05-08,169.09,168.94,100.0,0
G0004218,A00210,S002,2024-05-08,156.58,168.94,100.0,0
G0004219,A00201,S002,2024-05-09,174.43,172.8,100.0,0
G0004220,A00202,S002,2024-05-09,136.71,172.8,100.0,0
G0004221,A00203,S002,2024-05-09,172.72,172.8,100.0,0
G0004222,A00204,S002,2024-05-09,174.43,172.8,100.0,0
G0004223,A00205,S002,2024-05-09,159.54,172.8,100.0,0
G0004224,A00206,S002,2024-05-09,167.54,172.8,95.83,1
G0004225,A00207,S002,2024-05-09,171.1,172.8,100.0,0
G0004226,A00208,S002,2024-05-09,172.4,172.8,100.0,0
G0004227,A00209,S002,2024-05-09,172.07,172.8,100.0,0
G0004228,A00210,S002,2024-05-09,157.98,172.8,100.0,0
G0004229,A00201,S002,2024-05-10,126.71,128.6,100.0,0
G0004230,A00202,S002,2024-05-10,128.73,128.6,100.0,0
G0004231,A00203,S002,2024-05-10,122.01,128.6,95.83,1
G0004232,A00204,S002,2024-05-10,130.04,128.6,100.0,0
G0004233,A00205,S002,2024-05-10,129.48,128.6,100.0,0
G0004234,A00206,S002,2024-05-10,127.55,128.6,100.0,0
G0004235,A00207,S002,2024-05-10,130.27,128.6,100.0,0
G0004236,A00208,S002,2024-05-10,130.5,128.6,100.0,0
G0004237,A00209,S002,2024-05-10,116.93,128.6,100.0,0
G0004238,A00210,S002,2024-05-10,127.62,128.6,100.0,0
G0004239,A00201,S002,2024-05-11,137.45,172.8,100.0,0
G0004240,A00202,S002,2024-05-11,173.34,172.8,100.0,0
G0004241,A00203,S002,2024-05-11,171.74,172.8,100.0,0
G0004242,A00204,S002,2024-05-11,172.22,172.8,100.0,0
G0004243,A00205,S002,2024-05-11,172.16,172.8,100.0,0
G0004244,A00206,S002,2024-05-11,137.34,172.8,100.0,0
G0004245,A00207,S002,2024-05-11,173.94,172.8,100.0,0
G0004246,A00208,S002,2024-05-11,159.14,172.8,100.0,0
G0004247,A00209,S002,2024-05-11,173.97,172.8,100.0,0
G0004248,A00210,S002,2024-05-11,172.83,172.8,100.0,0
G0004249,A00201,S002,2024-05-12,174.3,172.8,100.0,0
G0004250,A00202,S002,2024-05-12,171.48,172.8,100.0,0
G0004251,A00203,S002,2024-05-12,173.82,172.8,100.0,0
G0004252,A00204,S002,2024-05-12,174.54,172.8,100.0,0
G0004253,A00205,S002,2024-05-12,112.11,172.8,100.0,0
G0004254,A00206,S002,2024-05-12,174.32,172.8,100.0,0
G0004255,A00207,S002,2024-05-12,139.41,172.8,100.0,0
G0004256,A00208,S002,2024-05-12,173.09,172.8,100.0,0
G0004257,A00209,S002,2024-05-12,173.42,172.8,100.0,0
G0004258,A00210,S002,2024-05-12,171.34,172.8,100.0,0
G0004259,A00201,S002,2024-05-13,142.78,172.8,83.33,4
G0004260,A00202,S002,2024-05-13,170.88,172.8,100.0,0
G0004261,A00203,S002,2024-05-13,171.14,172.8,100.0,0
G0004262,A00204,S002,2024-05-13,173.28,172.8,100.0,0
G0004263,A00205,S002,2024-05-13,171.15,172.8,100.0,0
G0004264,A00206,S002,2024-05-13,170.99,172.8,100.0,0
G0004265,A00207,S002,2024-05-13,158.34,172.8,91.67,2
G0004266,A00208,S002,2024-05-13,174.49,172.8,100.0,0
G0004267,A00209,S002,2024-05-13,174.7,172.8,100.0,0
G0004268,A00210,S002,2024-05-13,172.9,172.8,100.0,0
G0004269,A00201,S002,2024-05-14,157.34,156.03,100.0,0
G0004270,A00202,S002,2024-05-14,154.86,156.03,100.0,0
G0004271,A00203,S002,2024-05-14,154.08,156.03,100.0,0
G0004272,A00204,S002,2024-05-14,154.41,156.03,100.0,0
G0004273,A00205,S002,2024-05-14,154.43,156.03,100.0,0
G0004274,A00206,S002,2024-05-14,151.19,156.03,95.83,1
G0004275,A00207,S002,2024-05-14,157.61,156.03,100.0,0
G0004276,A00208,S002,2024-05-14,157.71,156.03,100.0,0
G0004277,A00209,S002,2024-05-14,155.04,156.03,100.0,0
G0004278,A00210,S002,2024-05-14,155.14,156.03,100.0,0
G0004279,A00201,S002,2024-05-15,108.24,164.45,100.0,0
G0004280,A00202,S002,2024-05-15,163.65,164.45,100.0,0
G0004281,A00203,S002,2024-05-15,156.48,164.45,95.83,1
G0004282,A00204,S002,2024-05-15,164.44,164.45,100.0,0
G0004283,A00205,S002,2024-05-15,165.64,164.45,100.0,0
G0004284,A00206,S002,2024-05-15,164.73,164.45,100.0,0
G0004285,A00207,S002,2024-05-15,152.39,164.45,100.0,0
G0004286,A00208,S002,2024-05-15,149.84,164.45,100.0,0
G0004287,A00209,S002,2024-05-15,163.14,164.45,100.0,0
G0004288,A00210,S002,2024-05-15,165.06,164.45,100.0,0
G0004289,A00201,S002,2024-05-16,149.48,154.13,95.83,1
G0004290,A00202,S002,2024-05-16,153.41,154.13,100.0,0
G0004291,A00203,S002,2024-05-16,154.46,154.13,100.0,0
G0004292,A00204,S002,2024-05-16,153.84,154.13,100.0,0
G0004293,A00205,S002,2024-05-16,155.08,154.13,100.0,0
G0004294,A00206,S002,2024-05-16,123.39,154.13,100.0,0
G0004295,A00207,S002,2024-05-16,153.63,154.13,100.0,0
G0004296,A00208,S002,2024-05-16,155.55,154.13,100.0,0
G0004297,A00209,S002,2024-05-16,154.0,154.13,100.0,0
G0004298,A00210,S002,2024-05-16,154.34,154.13,100.0,0
G0004299,A00201,S002,2024-05-17,151.31,151.24,100.0,0
G0004300,A00202,S002,2024-05-17,151.05,151.24,100.0,0
G0004301,A00203,S002,2024-05-17,137.18,151.24,100.0,0
G0004302,A00204,S002,2024-05-17,151.84,151.24,100.0,0
G0004303,A00205,S002,2024-05-17,150.18,151.24,100.0,0
G0004304,A00206,S002,2024-05-17,146.53,151.24,95.83,1
G0004305,A00207,S002,2024-05-17,150.94,151.24,100.0,0
G0004306,A00208,S002,2024-05-17,151.81,151.24,100.0,0
G0004307,A00209,S002,2024-05-17,152.04,151.24,100.0,0
G0004308,A00210,S002,2024-05-17,119.72,151.24,100.0,0
G0004309,A00201,S002,2024-05-18,173.88,172.8,100.0,0
G0004310,A00202,S002,2024-05-18,171.67,172.8,100.0,0
G0004311,A00203,S002,2024-05-18,170.99,172.8,100.0,0
G0004312,A00204,S002,2024-05-18,172.02,172.8,100.0,0
G0004313,A00205,S002,2024-05-18,174.27,172.8,100.0,0
G0004314,A00206,S002,2024-05-18,173.77,172.8,100.0,0
G0004315,A00207,S002,2024-05-18,113.29,172.8,66.67,8
G0004316,A00208,S002,2024-05-18,174.11,172.8,100.0,0
G0004317,A00209,S002,2024-05-18,173.04,172.8,100.0,0
G0004318,A00210,S002,2024-05-18,172.41,172.8,100.0,0
G0004319,A00201,S002,2024-05-19,159.24,158.93,100.0,0
G0004320,A00202,S002,2024-05-19,151.07,158.93,95.83,1
G0004321,A00203,S002,2024-05-19,158.96,158.93,100.0,0
G0004322,A00204,S002,2024-05-19,159.07,158.93,100.0,0
G0004323,A00205,S002,2024-05-19,159.74,158.93,100.0,0
G0004324,A00206,S002,2024-05-19,157.86,158.93,100.0,0
G0004325,A00207,S002,2024-05-19,127.28,158.93,100.0,0
G0004326,A00208,S002,2024-05-19,158.55,158.93,100.0,0
G0004327,A00209,S002,2024-05-19,159.29,158.93,100.0,0
G0004328,A00210,S002,2024-05-19,125.49,158.93,100.0,0
G0004329,A00201,S002,2024-05-20,148.27,147.17,100.0,0
G0004330,A00202,S002,2024-05-20,146.69,147.17,100.0,0
G0004331,A00203,S002,2024-05-20,146.93,147.17,100.0,0
G0004332,A00204,S002,2024-05-20,75.24,147.17,50.0,12
G0004333,A00205,S002,2024-05-20,148.42,147.17,100.0,0
G0004334,A00206,S002,2024-05-20,148.46,147.17,100.0,0
G0004335,A00207,S002,2024-05-20,147.06,147.17,100.0,0
G0004336,A00208,S002,2024-05-20,148.99,147.17,100.0,0
G0004337,A00209,S002,2024-05-20,148.7,147.17,100.0,0
G0004338,A00210,S002,2024-05-20,142.72,147.17,95.83,1
G0004339,A00201,S002,2024-05-21,125.53,135.78,100.0,0
G0004340,A00202,S002,2024-05-21,109.72,135.78,100.0,0
G0004341,A00203,S002,2024-05-21,134.4,135.78,100.0,0
G0004342,A00204,S002,2024-05-21,123.73,135.78,100.0,0
G0004343,A00205,S002,2024-05-21,137.37,135.78,100.0,0
G0004344,A00206,S002,2024-05-21,134.38,135.78,100.0,0
G0004345,A00207,S002,2024-05-21,125.07,135.78,91.67,2
G0004346,A00208,S002,2024-05-21,124.22,135.78,100.0,0
G0004347,A00209,S002,2024-05-21,134.37,135.78,100.0,0
G0004348,A00210,S002,2024-05-21,136.04,135.78,100.0,0
G0004349,A00201,S002,2024-05-22,156.82,158.37,100.0,0
G0004350,A00202,S002,2024-05-22,138.32,158.37,95.83,1
G0004351,A00203,S002,2024-05-22,156.5,158.37,100.0,0
G0004352,A00204,S002,2024-05-22,158.2,158.37,100.0,0
G0004353,A00205,S002,2024-05-22,102.63,158.37,100.0,0
G0004354,A00206,S002,2024-05-22,150.65,158.37,95.83,1
G0004355,A00207,S002,2024-05-22,158.94,158.37,100.0,0
G0004356,A00208,S002,2024-05-22,145.64,158.37,100.0,0
G0004357,A00209,S002,2024-05-22,143.82,158.37,91.67,2
G0004358,A00210,S002,2024-05-22,158.71,158.37,100.0,0
G0004359,A00201,S002,2024-05-23,170.41,170.6,100.0,0
G0004360,A00202,S002,2024-05-23,156.82,170.6,91.67,2
G0004361,A00203,S002,2024-05-23,171.62,170.6,100.0,0
G0004362,A00204,S002,2024-05-23,158.52,170.6,100.0,0
G0004363,A00205,S002,2024-05-23,171.66,170.6,100.0,0
G0004364,A00206,S002,2024-05-23,171.86,170.6,100.0,0
G0004365,A00207,S002,2024-05-23,168.67,170.6,100.0,0
G0004366,A00208,S002,2024-05-23,171.96,170.6,100.0,0
G0004367,A00209,S002,2024-05-23,172.1,170.6,100.0,0
G0004368,A00210,S002,2024-05-23,84.78,170.6,50.0,12
G0004369,A00201,S002,2024-05-24,164.55,163.32,100.0,0
G0004370,A00202,S002,2024-05-24,162.46,163.32,100.0,0
G0004371,A00203,S002,2024-05-24,164.59,163.32,100.0,0
G0004372,A00204,S002,2024-05-24,162.02,163.32,100.0,0
G0004373,A00205,S002,2024-05-24,136.2,163.32,83.33,4
G0004374,A00206,S002,2024-05-24,134.62,163.32,83.33,4
G0004375,A00207,S002,2024-05-24,132.45,163.32,100.0,0
G0004376,A00208,S002,2024-05-24,162.7,163.32,100.0,0
G0004377,A00209,S002,2024-05-24,150.66,163.32,100.0,0
G0004378,A00210,S002,2024-05-24,164.49,163.32,100.0,0
G0004379,A00201,S002,2024-05-25,143.86,172.8,83.33,4
G0004380,A00202,S002,2024-05-25,173.92,172.8,100.0,0
G0004381,A00203,S002,2024-05-25,171.49,172.8,100.0,0
G0004382,A00204,S002,2024-05-25,166.03,172.8,95.83,1
G0004383,A00205,S002,2024-05-25,173.78,172.8,100.0,0
G0004384,A00206,S002,2024-05-25,171.3,172.8,100.0,0
G0004385,A00207,S002,2024-05-25,172.67,172.8,100.0,0
G0004386,A00208,S002,2024-05-25,174.58,172.8,100.0,0
G0004387,A00209,S002,2024-05-25,171.71,172.8,100.0,0
G0004388,A00210,S002,2024-05-25,136.52,172.8,100.0,0
G0004389,A00201,S002,2024-05-26,138.51,157.23,95.83,1
G0004390,A00202,S002,2024-05-26,156.54,157.23,100.0,0
G0004391,A00203,S002,2024-05-26,157.9,157.23,100.0,0
G0004392,A00204,S002,2024-05-26,157.72,157.23,100.0,0
G0004393,A00205,S002,2024-05-26,156.17,157.23,100.0,0
G0004394,A00206,S002,2024-05-26,127.76,157.23,100.0,0
G0004395,A00207,S002,2024-05-26,145.9,157.23,91.67,2
G0004396,A00208,S002,2024-05-26,158.98,157.23,100.0,0
G0004397,A00209,S002,2024-05-26,159.12,157.23,100.0,0
G0004398,A00210,S002,2024-05-26,144.26,157.23,100.0,0
G0004399,A00201,S002,2024-05-27,154.12,154.48,100.0,0
G0004400,A00202,S002,2024-05-27,154.41,154.48,100.0,0
G0004401,A00203,S002,2024-05-27,156.34,154.48,100.0,0
G0004402,A00204,S002,2024-05-27,155.67,154.48,100.0,0
G0004403,A00205,S002,2024-05-27,153.76,154.48,100.0,0
G0004404,A00206,S002,2024-05-27,154.96,154.48,100.0,0
G0004405,A00207,S002,2024-05-27,154.45,154.48,100.0,0
G0004406,A00208,S002,2024-05-27,156.37,154.48,100.0,0
G0004407,A00209,S002,2024-05-27,155.53,154.48,100.0,0
G0004408,A00210,S002,2024-05-27,155.82,154.48,100.0,0
G0004409,A00201,S002,2024-05-28,129.19,130.43,100.0,0
G0004410,A00202,S002,2024-05-28,119.23,130.43,100.0,0
G0004411,A00203,S002,2024-05-28,131.55,130.43,100.0,0
G0004412,A00204,S002,2024-05-28,130.57,130.43,100.0,0
G0004413,A00205,S002,2024-05-28,128.69,130.43,100.0,0
G0004414,A00206,S002,2024-05-28,119.65,130.43,100.0,0
G0004415,A00207,S002,2024-05-28,130.31,130.43,100.0,0
G0004416,A00208,S002,2024-05-28,120.68,130.43,91.67,2
G0004417,A00209,S002,2024-05-28,131.06,130.43,100.0,0
G0004418,A00210,S002,2024-05-28,129.83,130.43,100.0,0
G0004419,A00201,S002,2024-05-29,172.98,172.8,100.0,0
G0004420,A00202,S002,2024-05-29,174.38,172.8,100.0,0
G0004421,A00203,S002,2024-05-29,172.37,172.8,100.0,0
G0004422,A00204,S002,2024-05-29,172.39,172.8,100.0,0
G0004423,A00205,S002,2024-05-29,171.94,172.8,100.0,0
G0004424,A00206,S002,2024-05-29,166.47,172.8,95.83,1
G0004425,A00207,S002,2024-05-29,174.74,172.8,100.0,0
G0004426,A00208,S002,2024-05-29,139.09,172.8,100.0,0
G0004427,A00209,S002,2024-05-29,173.52,172.8,100.0,0
G0004428,A00210,S002,2024-05-29,174.56,172.8,100.0,0
G0004429,A00201,S002,2024-05-30,174.69,172.8,100.0,0
G0004430,A00202,S002,2024-05-30,170.85,172.8,100.0,0
G0004431,A00203,S002,2024-05-30,171.16,172.8,100.0,0
G0004432,A00204,S002,2024-05-30,173.2,172.8,100.0,0
G0004433,A00205,S002,2024-05-30,172.47,172.8,100.0,0
G0004434,A00206,S002,2024-05-30,158.27,172.8,91.67,2
G0004435,A00207,S002,2024-05-30,160.58,172.8,100.0,0
G0004436,A00208,S002,2024-05-30,172.82,172.8,100.0,0
G0004437,A00209,S002,2024-05-30,110.49,172.8,100.0,0
G0004438,A00210,S002,2024-05-30,144.4,172.8,83.33,4
G0004439,A00201,S002,2024-05-31,140.25,141.89,100.0,0
G0004440,A00202,S002,2024-05-31,129.58,141.89,91.67,2
G0004441,A00203,S002,2024-05-31,142.13,141.89,100.0,0
G0004442,A00204,S002,2024-05-31,142.52,141.89,100.0,0
G0004443,A00205,S002,2024-05-31,143.86,141.89,100.0,0
G0004444,A00206,S002,2024-05-31,139.96,141.89,100.0,0
G0004445,A00207,S002,2024-05-31,135.88,141.89,95.83,1
G0004446,A00208,S002,2024-05-31,141.81,141.89,100.0,0
G0004447,A00209,S002,2024-05-31,131.25,141.89,100.0,0
G0004448,A00210,S002,2024-05-31,140.67,141.89,100.0,0
G0004449,A00201,S002,2024-06-01,163.82,164.74,100.0,0
G0004450,A00202,S002,2024-06-01,164.37,164.74,100.0,0
G0004451,A00203,S002,2024-06-01,165.77,164.74,100.0,0
G0004452,A00204,S002,2024-06-01,162.79,164.74,100.0,0
G0004453,A00205,S002,2024-06-01,162.8,164.74,100.0,0
G0004454,A00206,S002,2024-06-01,149.58,164.74,100.0,0
G0004455,A00207,S002,2024-06-01,166.45,164.74,100.0,0
G0004456,A00208,S002,2024-06-01,163.69,164.74,100.0,0
G0004457,A00209,S002,2024-06-01,164.86,164.74,100.0,0
G0004458,A00210,S002,2024-06-01,166.09,164.74,100.0,0
G0004459,A00201,S002,2024-06-02,152.58,151.36,100.0,0
G0004460,A00202,S002,2024-06-02,149.45,151.36,100.0,0
G0004461,A00203,S002,2024-06-02,153.13,151.36,100.0,0
G0004462,A00204,S002,2024-06-02,150.83,151.36,100.0,0
G0004463,A00205,S002,2024-06-02,141.13,151.36,100.0,0
G0004464,A00206,S002,2024-06-02,149.53,151.36,100.0,0
G0004465,A00207,S002,2024-06-02,141.04,151.36,100.0,0
G0004466,A00208,S002,2024-06-02,150.45,151.36,100.0,0
G0004467,A00209,S002,2024-06-02,125.28,151.36,83.33,4
G0004468,A00210,S002,2024-06-02,153.06,151.36,100.0,0
G0004469,A00201,S002,2024-06-03,173.32,172.8,100.0,0
G0004470,A00202,S002,2024-06-03,158.11,172.8,100.0,0
G0004471,A00203,S002,2024-06-03,113.87,172.8,66.67,8
G0004472,A00204,S002,2024-06-03,173.27,172.8,100.0,0
G0004473,A00205,S002,2024-06-03,171.74,172.8,100.0,0
G0004474,A00206,S002,2024-06-03,171.36,172.8,100.0,0
G0004475,A00207,S002,2024-06-03,172.6,172.8,100.0,0
G0004476,A00208,S002,2024-06-03,158.6,172.8,100.0,0
G0004477,A00209,S002,2024-06-03,111.78,172.8,100.0,0
G0004478,A00210,S002,2024-06-03,138.96,172.8,100.0,0
G0004479,A00201,S002,2024-06-04,171.02,172.8,100.0,0
G0004480,A00202,S002,2024-06-04,171.52,172.8,100.0,0
G0004481,A00203,S002,2024-06-04,172.03,172.8,100.0,0
G0004482,A00204,S002,2024-06-04,171.86,172.8,100.0,0
G0004483,A00205,S002,2024-06-04,172.08,172.8,100.0,0
G0004484,A00206,S002,2024-06-04,157.68,172.8,91.67,2
G0004485,A00207,S002,2024-06-04,173.83,172.8,100.0,0
G0004486,A00208,S002,2024-06-04,172.54,172.8,100.0,0
G0004487,A00209,S002,2024-06-04,173.12,172.8,100.0,0
G0004488,A00210,S002,2024-06-04,171.74,172.8,100.0,0
G0004489,A00201,S002,2024-06-05,96.15,120.82,100.0,0
G0004490,A00202,S002,2024-06-05,98.63,120.82,100.0,0
G0004491,A00203,S002,2024-06-05,119.18,120.82,100.0,0
G0004492,A00204,S002,2024-06-05,119.22,120.82,100.0,0
G0004493,A00205,S002,2024-06-05,120.78,120.82,100.0,0
G0004494,A00206,S002,2024-06-05,121.65,120.82,100.0,0
G0004495,A00207,S002,2024-06-05,119.66,120.82,100.0,0
G0004496,A00208,S002,2024-06-05,119.57,120.82,100.0,0
G0004497,A00209,S002,2024-06-05,119.48,120.82,100.0,0
G0004498,A00210,S002,2024-06-05,96.16,120.82,100.0,0
G0004499,A00201,S002,2024-06-06,134.26,135.37,100.0,0
G0004500,A00202,S002,2024-06-06,133.91,135.37,100.0,0
G0004501,A00203,S002,2024-06-06,136.12,135.37,100.0,0
G0004502,A00204,S002,2024-06-06,134.54,135.37,100.0,0
G0004503,A00205,S002,2024-06-06,135.78,135.37,100.0,0
G0004504,A00206,S002,2024-06-06,130.42,135.37,95.83,1
G0004505,A00207,S002,2024-06-06,136.74,135.37,100.0,0
G0004506,A00208,S002,2024-06-06,137.03,135.37,100.0,0
G0004507,A00209,S002,2024-06-06,135.86,135.37,100.0,0
G0004508,A00210,S002,2024-06-06,110.82,135.37,83.33,4
G0004509,A00201,S002,2024-06-07,73.28,72.78,100.0,0
G0004510,A00202,S002,2024-06-07,66.58,72.78,91.67,2
G0004511,A00203,S002,2024-06-07,67.62,72.78,91.67,2
G0004512,A00204,S002,2024-06-07,74.49,72.78,100.0,0
G0004513,A00205,S002,2024-06-07,70.79,72.78,100.0,0
G0004514,A00206,S002,2024-06-07,70.92,72.78,100.0,0
G0004515,A00207,S002,2024-06-07,72.0,72.78,100.0,0
G0004516,A00208,S002,2024-06-07,67.52,72.78,100.0,0
G0004517,A00209,S002,2024-06-07,74.37,72.78,100.0,0
G0004518,A00210,S002,2024-06-07,66.85,72.78,100.0,0
G0004519,A00201,S002,2024-06-08,128.23,152.39,91.67,2
G0004520,A00202,S002,2024-06-08,152.01,152.39,100.0,0
G0004521,A00203,S002,2024-06-08,153.78,152.39,100.0,0
G0004522,A00204,S002,2024-06-08,120.96,152.39,100.0,0
G0004523,A00205,S002,2024-06-08,151.46,152.39,100.0,0
G0004524,A00206,S002,2024-06-08,152.48,152.39,100.0,0
G0004525,A00207,S002,2024-06-08,153.11,152.39,100.0,0
G0004526,A00208,S002,2024-06-08,153.76,152.39,100.0,0
G0004527,A00209,S002,2024-06-08,153.21,152.39,100.0,0
G0004528,A00210,S002,2024-06-08,151.65,152.39,100.0,0
G0004529,A00201,S002,2024-06-09,124.5,124.75,100.0,0
G0004530,A00202,S002,2024-06-09,125.12,124.75,100.0,0
G0004531,A00203,S002,2024-06-09,125.63,124.75,100.0,0
G0004532,A00204,S002,2024-06-09,114.96,124.75,91.67,2
G0004533,A00205,S002,2024-06-09,113.51,124.75,91.67,2
G0004534,A00206,S002,2024-06-09,125.55,124.75,100.0,0
G0004535,A00207,S002,2024-06-09,126.71,124.75,100.0,0
G0004536,A00208,S002,2024-06-09,125.12,124.75,100.0,0
G0004537,A00209,S002,2024-06-09,90.69,124.75,91.67,2
G0004538,A00210,S002,2024-06-09,113.95,124.75,91.67,2
G0004539,A00201,S002,2024-06-10,139.05,152.75,100.0,0
G0004540,A00202,S002,2024-06-10,150.99,152.75,100.0,0
G0004541,A00203,S002,2024-06-10,126.85,152.75,83.33,4
G0004542,A00204,S002,2024-06-10,98.09,152.75,100.0,0
G0004543,A00205,S002,2024-06-10,151.98,152.75,100.0,0
G0004544,A00206,S002,2024-06-10,154.23,152.75,100.0,0
G0004545,A00207,S002,2024-06-10,152.82,152.75,100.0,0
G0004546,A00208,S002,2024-06-10,153.94,152.75,100.0,0
G0004547,A00209,S002,2024-06-10,150.77,152.75,100.0,0
G0004548,A00210,S002,2024-06-10,139.61,152.75,91.67,2
G0004549,A00201,S002,2024-06-11,143.47,145.07,100.0,0
G0004550,A00202,S002,2024-06-11,139.77,145.07,95.83,1
G0004551,A00203,S002,2024-06-11,146.78,145.07,100.0,0
G0004552,A00204,S002,2024-06-11,144.51,145.07,100.0,0
G0004553,A00205,S002,2024-06-11,115.08,145.07,100.0,0
G0004554,A00206,S002,2024-06-11,145.17,145.07,100.0,0
G0004555,A00207,S002,2024-06-11,145.2,145.07,100.0,0
G0004556,A00208,S002,2024-06-11,144.73,145.07,100.0,0
G0004557,A00209,S002,2024-06-11,146.64,145.07,100.0,0
G0004558,A00210,S002,2024-06-11,145.43,145.07,100.0,0
G0004559,A00201,S002,2024-06-12,157.45,168.97,100.0,0
G0004560,A00202,S002,2024-06-12,156.74,168.97,100.0,0
G0004561,A00203,S002,2024-06-12,170.81,168.97,100.0,0
G0004562,A00204,S002,2024-06-12,170.21,168.97,100.0,0
G0004563,A00205,S002,2024-06-12,154.54,168.97,91.67,2
G0004564,A00206,S002,2024-06-12,167.17,168.97,100.0,0
G0004565,A00207,S002,2024-06-12,169.41,168.97,100.0,0
G0004566,A00208,S002,2024-06-12,169.65,168.97,100.0,0
G0004567,A00209,S002,2024-06-12,170.27,168.97,100.0,0
G0004568,A00210,S002,2024-06-12,156.74,168.97,100.0,0
G0004569,A00201,S002,2024-06-13,157.67,158.11,100.0,0
G0004570,A00202,S002,2024-06-13,156.28,158.11,100.0,0
G0004571,A00203,S002,2024-06-13,158.88,158.11,100.0,0
G0004572,A00204,S002,2024-06-13,103.06,158.11,100.0,0
G0004573,A00205,S002,2024-06-13,157.12,158.11,100.0,0
G0004574,A00206,S002,2024-06-13,146.51,158.11,100.0,0
G0004575,A00207,S002,2024-06-13,156.79,158.11,100.0,0
G0004576,A00208,S002,2024-06-13,159.35,158.11,100.0,0
G0004577,A00209,S002,2024-06-13,159.76,158.11,100.0,0
G0004578,A00210,S002,2024-06-13,157.23,158.11,100.0,0
G0004579,A00201,S002,2024-06-14,156.33,155.67,100.0,0
G0004580,A00202,S002,2024-06-14,156.1,155.67,100.0,0
G0004581,A00203,S002,2024-06-14,155.72,155.67,100.0,0
G0004582,A00204,S002,2024-06-14,143.3,155.67,100.0,0
G0004583,A00205,S002,2024-06-14,156.56,155.67,100.0,0
G0004584,A00206,S002,2024-06-14,157.16,155.67,100.0,0
G0004585,A00207,S002,2024-06-14,155.95,155.67,100.0,0
G0004586,A00208,S002,2024-06-14,157.55,155.67,100.0,0
G0004587,A00209,S002,2024-06-14,155.86,155.67,100.0,0
G0004588,A00210,S002,2024-06-14,155.35,155.67,100.0,0
G0004589,A00201,S002,2024-06-15,143.7,144.97,100.0,0
G0004590,A00202,S002,2024-06-15,145.7,144.97,100.0,0
G0004591,A00203,S002,2024-06-15,98.22,144.97,66.67,8
G0004592,A00204,S002,2024-06-15,144.15,144.97,100.0,0
G0004593,A00205,S002,2024-06-15,144.33,144.97,100.0,0
G0004594,A00206,S002,2024-06-15,143.07,144.97,100.0,0
G0004595,A00207,S002,2024-06-15,145.87,144.97,100.0,0
G0004596,A00208,S002,2024-06-15,144.98,144.97,100.0,0
G0004597,A00209,S002,2024-06-15,87.83,144.97,66.67,8
G0004598,A00210,S002,2024-06-15,146.22,144.97,100.0,0
G0004599,A00201,S002,2024-06-16,173.48,172.8,100.0,0
G0004600,A00202,S002,2024-06-16,112.64,172.8,100.0,0
G0004601,A00203,S002,2024-06-16,172.48,172.8,100.0,0
G0004602,A00204,S002,2024-06-16,174.76,172.8,100.0,0
G0004603,A00205,S002,2024-06-16,170.96,172.8,100.0,0
G0004604,A00206,S002,2024-06-16,172.21,172.8,100.0,0
G0004605,A00207,S002,2024-06-16,173.12,172.8,100.0,0
G0004606,A00208,S002,2024-06-16,115.71,172.8,66.67,8
G0004607,A00209,S002,2024-06-16,171.85,172.8,100.0,0
G0004608,A00210,S002,2024-06-16,174.24,172.8,100.0,0
G0004609,A00201,S002,2024-06-17,128.67,126.93,100.0,0
G0004610,A00202,S002,2024-06-17,126.26,126.93,100.0,0
G0004611,A00203,S002,2024-06-17,120.26,126.93,95.83,1
G0004612,A00204,S002,2024-06-17,126.48,126.93,100.0,0
G0004613,A00205,S002,2024-06-17,125.46,126.93,100.0,0
G0004614,A00206,S002,2024-06-17,128.59,126.93,100.0,0
G0004615,A00207,S002,2024-06-17,99.69,126.93,100.0,0
G0004616,A00208,S002,2024-06-17,126.85,126.93,100.0,0
G0004617,A00209,S002,2024-06-17,127.35,126.93,100.0,0
G0004618,A00210,S002,2024-06-17,127.58,126.93,100.0,0
G0004619,A00201,S002,2024-06-18,120.13,120.17,100.0,0
G0004620,A00202,S002,2024-06-18,111.69,120.17,100.0,0
G0004621,A00203,S002,2024-06-18,59.5,120.17,50.0,12
G0004622,A00204,S002,2024-06-18,121.13,120.17,100.0,0
G0004623,A00205,S002,2024-06-18,121.69,120.17,100.0,0
G0004624,A00206,S002,2024-06-18,120.89,120.17,100.0,0
G0004625,A00207,S002,2024-06-18,109.98,120.17,100.0,0
G0004626,A00208,S002,2024-06-18,120.87,120.17,100.0,0
G0004627,A00209,S002,2024-06-18,119.29,120.17,100.0,0
G0004628,A00210,S002,2024-06-18,119.0,120.17,100.0,0
G0004629,A00201,S002,2024-06-19,157.01,172.8,91.67,2
G0004630,A00202,S002,2024-06-19,171.0,172.8,100.0,0
G0004631,A00203,S002,2024-06-19,115.71,172.8,66.67,8
G0004632,A00204,S002,2024-06-19,156.7,172.8,91.67,2
G0004633,A00205,S002,2024-06-19,158.78,172.8,100.0,0
G0004634,A00206,S002,2024-06-19,157.9,172.8,100.0,0
G0004635,A00207,S002,2024-06-19,172.23,172.8,100.0,0
G0004636,A00208,S002,2024-06-19,138.54,172.8,100.0,0
G0004637,A00209,S002,2024-06-19,104.24,172.8,91.67,2
G0004638,A00210,S002,2024-06-19,139.5,172.8,100.0,0
G0004639,A00201,S002,2024-06-20,170.25,168.78,100.0,0
G0004640,A00202,S002,2024-06-20,155.54,168.78,91.67,2
G0004641,A00203,S002,2024-06-20,155.36,168.78,91.67,2
G0004642,A00204,S002,2024-06-20,136.12,168.78,100.0,0
G0004643,A00205,S002,2024-06-20,167.13,168.78,100.0,0
G0004644,A00206,S002,2024-06-20,155.28,168.78,91.67,2
G0004645,A00207,S002,2024-06-20,167.14,168.78,100.0,0
G0004646,A00208,S002,2024-06-20,168.17,168.78,100.0,0
G0004647,A00209,S002,2024-06-20,169.97,168.78,100.0,0
G0004648,A00210,S002,2024-06-20,167.95,168.78,100.0,0
G0004649,A00201,S002,2024-06-21,157.79,157.61,100.0,0
G0004650,A00202,S002,2024-06-21,145.44,157.61,91.67,2
G0004651,A00203,S002,2024-06-21,157.38,157.61,100.0,0
G0004652,A00204,S002,2024-06-21,131.22,157.61,91.67,2
G0004653,A00205,S002,2024-06-21,158.19,157.61,100.0,0
G0004654,A00206,S002,2024-06-21,152.19,157.61,95.83,1
G0004655,A00207,S002,2024-06-21,158.4,157.61,100.0,0
G0004656,A00208,S002,2024-06-21,156.42,157.61,100.0,0
G0004657,A00209,S002,2024-06-21,159.59,157.61,100.0,0
G0004658,A00210,S002,2024-06-21,157.23,157.61,100.0,0
G0004659,A00201,S002,2024-06-22,122.23,152.12,100.0,0
G0004660,A00202,S002,2024-06-22,152.7,152.12,100.0,0
G0004661,A00203,S002,2024-06-22,153.68,152.12,100.0,0
G0004662,A00204,S002,2024-06-22,153.1,152.12,100.0,0
G0004663,A00205,S002,2024-06-22,119.7,152.12,100.0,0
G0004664,A00206,S002,2024-06-22,139.06,152.12,100.0,0
G0004665,A00207,S002,2024-06-22,140.84,152.12,91.67,2
G0004666,A00208,S002,2024-06-22,120.77,152.12,100.0,0
G0004667,A00209,S002,2024-06-22,138.78,152.12,100.0,0
G0004668,A00210,S002,2024-06-22,151.8,152.12,100.0,0
G0004669,A00201,S002,2024-06-23,139.95,140.84,100.0,0
G0004670,A00202,S002,2024-06-23,139.5,140.84,100.0,0
G0004671,A00203,S002,2024-06-23,140.06,140.84,100.0,0
G0004672,A00204,S002,2024-06-23,128.13,140.84,100.0,0
G0004673,A00205,S002,2024-06-23,140.38,140.84,100.0,0
G0004674,A00206,S002,2024-06-23,141.11,140.84,100.0,0
G0004675,A00207,S002,2024-06-23,129.1,140.84,100.0,0
G0004676,A00208,S002,2024-06-23,139.47,140.84,100.0,0
G0004677,A00209,S002,2024-06-23,142.37,140.84,100.0,0
G0004678,A00210,S002,2024-06-23,139.71,140.84,100.0,0
G0004679,A00201,S002,2024-06-24,100.9,102.65,100.0,0
G0004680,A00202,S002,2024-06-24,83.99,102.65,100.0,0
G0004681,A00203,S002,2024-06-24,94.29,102.65,91.67,2
G0004682,A00204,S002,2024-06-24,93.35,102.65,100.0,0
G0004683,A00205,S002,2024-06-24,95.02,102.65,91.67,2
G0004684,A00206,S002,2024-06-24,102.97,102.65,100.0,0
G0004685,A00207,S002,2024-06-24,103.43,102.65,100.0,0
G0004686,A00208,S002,2024-06-24,103.94,102.65,100.0,0
G0004687,A00209,S002,2024-06-24,101.81,102.65,100.0,0
G0004688,A00210,S002,2024-06-24,103.25,102.65,100.0,0
G0004689,A00201,S002,2024-06-25,153.57,152.78,100.0,0
G0004690,A00202,S002,2024-06-25,153.11,152.78,100.0,0
G0004691,A00203,S002,2024-06-25,139.79,152.78,91.67,2
G0004692,A00204,S002,2024-06-25,153.99,152.78,100.0,0
G0004693,A00205,S002,2024-06-25,151.17,152.78,100.0,0
G0004694,A00206,S002,2024-06-25,152.48,152.78,100.0,0
G0004695,A00207,S002,2024-06-25,140.19,152.78,100.0,0
G0004696,A00208,S002,2024-06-25,152.5,152.78,100.0,0
G0004697,A00209,S002,2024-06-25,123.11,152.78,100.0,0
G0004698,A00210,S002,2024-06-25,151.57,152.78,100.0,0
G0004699,A00201,S002,2024-06-26,123.26,159.78,95.83,1
G0004700,A00202,S002,2024-06-26,161.44,159.78,100.0,0
G0004701,A00203,S002,2024-06-26,158.94,159.78,100.0,0
G0004702,A00204,S002,2024-06-26,158.19,159.78,100.0,0
G0004703,A00205,S002,2024-06-26,158.35,159.78,100.0,0
G0004704,A00206,S002,2024-06-26,158.78,159.78,100.0,0
G0004705,A00207,S002,2024-06-26,161.19,159.78,100.0,0
G0004706,A00208,S002,2024-06-26,161.26,159.78,100.0,0
G0004707,A00209,S002,2024-06-26,159.27,159.78,100.0,0
G0004708,A00210,S002,2024-06-26,128.78,159.78,100.0,0
G0004709,A00201,S002,2024-06-27,140.93,142.16,100.0,0
G0004710,A00202,S002,2024-06-27,143.98,142.16,100.0,0
G0004711,A00203,S002,2024-06-27,142.55,142.16,100.0,0
G0004712,A00204,S002,2024-06-27,141.49,142.16,100.0,0
G0004713,A00205,S002,2024-06-27,143.25,142.16,100.0,0
G0004714,A00206,S002,2024-06-27,140.85,142.16,100.0,0
G0004715,A00207,S002,2024-06-27,140.86,142.16,100.0,0
G0004716,A00208,S002,2024-06-27,112.72,142.16,100.0,0
G0004717,A00209,S002,2024-06-27,143.78,142.16,100.0,0
G0004718,A00210,S002,2024-06-27,142.71,142.16,100.0,0
G0004719,A00201,S002,2024-06-28,118.0,116.01,100.0,0
G0004720,A00202,S002,2024-06-28,116.26,116.01,100.0,0
G0004721,A00203,S002,2024-06-28,108.57,116.01,100.0,0
G0004722,A00204,S002,2024-06-28,114.25,116.01,100.0,0
G0004723,A00205,S002,2024-06-28,115.9,116.01,100.0,0
G0004724,A00206,S002,2024-06-28,116.34,116.01,100.0,0
G0004725,A00207,S002,2024-06-28,117.98,116.01,100.0,0
G0004726,A00208,S002,2024-06-28,115.28,116.01,100.0,0
G0004727,A00209,S002,2024-06-28,116.77,116.01,100.0,0
G0004728,A00210,S002,2024-06-28,117.07,116.01,100.0,0
G0004729,A00201,S002,2024-06-29,111.84,172.11,100.0,0
G0004730,A00202,S002,2024-06-29,170.43,172.11,100.0,0
G0004731,A00203,S002,2024-06-29,164.61,172.11,95.83,1
G0004732,A00204,S002,2024-06-29,136.98,172.11,100.0,0
G0004733,A00205,S002,2024-06-29,171.42,172.11,100.0,0
G0004734,A00206,S002,2024-06-29,171.76,172.11,100.0,0
G0004735,A00207,S002,2024-06-29,172.37,172.11,100.0,0
G0004736,A00208,S002,2024-06-29,173.66,172.11,100.0,0
G0004737,A00209,S002,2024-06-29,171.52,172.11,100.0,0
G0004738,A00210,S002,2024-06-29,157.34,172.11,91.67,2
G0004739,A00201,S002,2024-06-30,115.31,116.79,100.0,0
G0004740,A00202,S002,2024-06-30,117.88,116.79,100.0,0
G0004741,A00203,S002,2024-06-30,118.05,116.79,100.0,0
G0004742,A00204,S002,2024-06-30,113.51,116.79,95.83,1
G0004743,A00205,S002,2024-06-30,115.32,116.79,100.0,0
G0004744,A00206,S002,2024-06-30,117.16,116.79,100.0,0
G0004745,A00207,S002,2024-06-30,116.08,116.79,100.0,0
G0004746,A00208,S002,2024-06-30,118.11,116.79,100.0,0
G0004747,A00209,S002,2024-06-30,117.79,116.79,100.0,0
G0004748,A00210,S002,2024-06-30,116.63,116.79,100.0,0
G0004749,A00201,S002,2024-07-01,115.89,127.01,100.0,0
G0004750,A00202,S002,2024-07-01,125.73,127.01,100.0,0
G0004751,A00203,S002,2024-07-01,116.69,127.01,91.67,2
G0004752,A00204,S002,2024-07-01,80.66,127.01,100.0,0
G0004753,A00205,S002,2024-07-01,125.89,127.01,100.0,0
G0004754,A00206,S002,2024-07-01,125.68,127.01,100.0,0
G0004755,A00207,S002,2024-07-01,128.11,127.01,100.0,0
G0004756,A00208,S002,2024-07-01,125.14,127.01,100.0,0
G0004757,A00209,S002,2024-07-01,128.89,127.01,100.0,0
G0004758,A00210,S002,2024-07-01,116.35,127.01,91.67,2
G0004759,A00201,S002,2024-07-02,148.22,147.45,100.0,0
G0004760,A00202,S002,2024-07-02,147.19,147.45,100.0,0
G0004761,A00203,S002,2024-07-02,97.48,147.45,100.0,0
G0004762,A00204,S002,2024-07-02,118.28,147.45,100.0,0
G0004763,A00205,S002,2024-07-02,145.55,147.45,100.0,0
G0004764,A00206,S002,2024-07-02,119.54,147.45,100.0,0
G0004765,A00207,S002,2024-07-02,135.33,147.45,100.0,0
G0004766,A00208,S002,2024-07-02,137.65,147.45,100.0,0
G0004767,A00209,S002,2024-07-02,145.61,147.45,100.0,0
G0004768,A00210,S002,2024-07-02,134.46,147.45,100.0,0
G0004769,A00201,S002,2024-07-03,62.74,127.89,50.0,12
G0004770,A00202,S002,2024-07-03,128.58,127.89,100.0,0
G0004771,A00203,S002,2024-07-03,116.06,127.89,91.67,2
G0004772,A00204,S002,2024-07-03,127.82,127.89,100.0,0
G0004773,A00205,S002,2024-07-03,121.03,127.89,95.83,1
G0004774,A00206,S002,2024-07-03,128.62,127.89,100.0,0
G0004775,A00207,S002,2024-07-03,82.34,127.89,100.0,0
G0004776,A00208,S002,2024-07-03,124.3,127.89,95.83,1
G0004777,A00209,S002,2024-07-03,126.37,127.89,100.0,0
G0004778,A00210,S002,2024-07-03,127.16,127.89,100.0,0
G0004779,A00201,S002,2024-07-04,136.56,149.01,100.0,0
G0004780,A00202,S002,2024-07-04,141.09,149.01,95.83,1
G0004781,A00203,S002,2024-07-04,124.72,149.01,83.33,4
G0004782,A00204,S002,2024-07-04,123.69,149.01,83.33,4
G0004783,A00205,S002,2024-07-04,75.07,149.01,50.0,12
G0004784,A00206,S002,2024-07-04,149.85,149.01,100.0,0
G0004785,A00207,S002,2024-07-04,148.65,149.01,100.0,0
G0004786,A00208,S002,2024-07-04,122.44,149.01,83.33,4
G0004787,A00209,S002,2024-07-04,151.0,149.01,100.0,0
G0004788,A00210,S002,2024-07-04,150.58,149.01,100.0,0
G0004789,A00201,S002,2024-07-05,91.03,90.93,100.0,0
G0004790,A00202,S002,2024-07-05,90.96,90.93,100.0,0
G0004791,A00203,S002,2024-07-05,57.23,90.93,100.0,0
G0004792,A00204,S002,2024-07-05,59.98,90.93,66.67,8
G0004793,A00205,S002,2024-07-05,75.52,90.93,91.67,2
G0004794,A00206,S002,2024-07-05,85.06,90.93,100.0,0
G0004795,A00207,S002,2024-07-05,89.55,90.93,100.0,0
G0004796,A00208,S002,2024-07-05,90.4,90.93,100.0,0
G0004797,A00209,S002,2024-07-05,87.79,90.93,95.83,1
G0004798,A00210,S002,2024-07-05,90.03,90.93,100.0,0
G0004799,A00201,S002,2024-07-06,153.46,155.3,100.0,0
G0004800,A00202,S002,2024-07-06,156.81,155.3,100.0,0
G0004801,A00203,S002,2024-07-06,157.19,155.3,100.0,0
G0004802,A00204,S002,2024-07-06,153.33,155.3,100.0,0
G0004803,A00205,S002,2024-07-06,153.79,155.3,100.0,0
G0004804,A00206,S002,2024-07-06,153.87,155.3,100.0,0
G0004805,A00207,S002,2024-07-06,153.35,155.3,100.0,0
G0004806,A00208,S002,2024-07-06,154.07,155.3,100.0,0
G0004807,A00209,S002,2024-07-06,153.31,155.3,100.0,0
G0004808,A00210,S002,2024-07-06,155.11,155.3,100.0,0
G0004809,A00201,S002,2024-07-07,174.1,172.8,100.0,0
G0004810,A00202,S002,2024-07-07,173.92,172.8,100.0,0
G0004811,A00203,S002,2024-07-07,172.92,172.8,100.0,0
G0004812,A00204,S002,2024-07-07,172.55,172.8,100.0,0
G0004813,A00205,S002,2024-07-07,174.63,172.8,100.0,0
G0004814,A00206,S002,2024-07-07,172.9,172.8,100.0,0
G0004815,A00207,S002,2024-07-07,156.69,172.8,91.67,2
G0004816,A00208,S002,2024-07-07,174.27,172.8,100.0,0
G0004817,A00209,S002,2024-07-07,172.13,172.8,100.0,0
G0004818,A00210,S002,2024-07-07,174.43,172.8,100.0,0
G0004819,A00201,S002,2024-07-08,173.0,172.8,100.0,0
G0004820,A00202,S002,2024-07-08,174.51,172.8,100.0,0
G0004821,A00203,S002,2024-07-08,172.79,172.8,100.0,0
G0004822,A00204,S002,2024-07-08,138.93,172.8,100.0,0
G0004823,A00205,S002,2024-07-08,173.47,172.8,100.0,0
G0004824,A00206,S002,2024-07-08,174.42,172.8,100.0,0
G0004825,A00207,S002,2024-07-08,147.02,172.8,91.67,2
G0004826,A00208,S002,2024-07-08,172.13,172.8,100.0,0
G0004827,A00209,S002,2024-07-08,172.29,172.8,100.0,0
G0004828,A00210,S002,2024-07-08,173.84,172.8,100.0,0
G0004829,A00201,S002,2024-07-09,152.15,152.96,100.0,0
G0004830,A00202,S002,2024-07-09,152.67,152.96,100.0,0
G0004831,A00203,S002,2024-07-09,152.64,152.96,100.0,0
G0004832,A00204,S002,2024-07-09,152.73,152.96,100.0,0
G0004833,A00205,S002,2024-07-09,152.61,152.96,100.0,0
G0004834,A00206,S002,2024-07-09,152.15,152.96,100.0,0
G0004835,A00207,S002,2024-07-09,153.5,152.96,100.0,0
G0004836,A00208,S002,2024-07-09,153.42,152.96,100.0,0
G0004837,A00209,S002,2024-07-09,152.03,152.96,100.0,0
G0004838,A00210,S002,2024-07-09,139.44,152.96,100.0,0
G0004839,A00201,S002,2024-07-10,119.61,120.76,100.0,0
G0004840,A00202,S002,2024-07-10,120.57,120.76,100.0,0
G0004841,A00203,S002,2024-07-10,119.74,120.76,100.0,0
G0004842,A00204,S002,2024-07-10,120.11,120.76,100.0,0
G0004843,A00205,S002,2024-07-10,118.87,120.76,100.0,0
G0004844,A00206,S002,2024-07-10,118.82,120.76,100.0,0
G0004845,A00207,S002,2024-07-10,122.74,120.76,100.0,0
G0004846,A00208,S002,2024-07-10,120.11,120.76,100.0,0
G0004847,A00209,S002,2024-07-10,98.0,120.76,100.0,0
G0004848,A00210,S002,2024-07-10,120.86,120.76,100.0,0
G0004849,A00201,S002,2024-07-11,159.44,172.8,100.0,0
G0004850,A00202,S002,2024-07-11,174.61,172.8,100.0,0
G0004851,A00203,S002,2024-07-11,171.15,172.8,100.0,0
G0004852,A00204,S002,2024-07-11,156.88,172.8,91.67,2
G0004853,A00205,S002,2024-07-11,158.51,172.8,100.0,0
G0004854,A00206,S002,2024-07-11,158.56,172.8,100.0,0
G0004855,A00207,S002,2024-07-11,174.68,172.8,100.0,0
G0004856,A00208,S002,2024-07-11,170.98,172.8,100.0,0
G0004857,A00209,S002,2024-07-11,157.14,172.8,91.67,2
G0004858,A00210,S002,2024-07-11,171.22,172.8,100.0,0
G0004859,A00201,S002,2024-07-12,171.03,172.8,100.0,0
G0004860,A00202,S002,2024-07-12,172.52,172.8,100.0,0
G0004861,A00203,S002,2024-07-12,173.66,172.8,100.0,0
G0004862,A00204,S002,2024-07-12,173.76,172.8,100.0,0
G0004863,A00205,S002,2024-07-12,172.6,172.8,100.0,0
G0004864,A00206,S002,2024-07-12,170.8,172.8,100.0,0
G0004865,A00207,S002,2024-07-12,171.67,172.8,100.0,0
G0004866,A00208,S002,2024-07-12,173.31,172.8,100.0,0
G0004867,A00209,S002,2024-07-12,171.94,172.8,100.0,0
G0004868,A00210,S002,2024-07-12,171.78,172.8,100.0,0
G0004869,A00201,S002,2024-07-13,112.31,113.89,100.0,0
G0004870,A00202,S002,2024-07-13,115.76,113.89,100.0,0
G0004871,A00203,S002,2024-07-13,114.52,113.89,100.0,0
G0004872,A00204,S002,2024-07-13,111.99,113.89,100.0,0
G0004873,A00205,S002,2024-07-13,105.37,113.89,100.0,0
G0004874,A00206,S002,2024-07-13,115.08,113.89,100.0,0
G0004875,A00207,S002,2024-07-13,114.59,113.89,100.0,0
G0004876,A00208,S002,2024-07-13,113.66,113.89,100.0,0
G0004877,A00209,S002,2024-07-13,112.71,113.89,100.0,0
G0004878,A00210,S002,2024-07-13,112.38,113.89,100.0,0
G0004879,A00201,S002,2024-07-14,172.27,172.8,100.0,0
G0004880,A00202,S002,2024-07-14,174.18,172.8,100.0,0
G0004881,A00203,S002,2024-07-14,174.56,172.8,100.0,0
G0004882,A00204,S002,2024-07-14,171.78,172.8,100.0,0
G0004883,A00205,S002,2024-07-14,174.29,172.8,100.0,0
G0004884,A00206,S002,2024-07-14,172.55,172.8,100.0,0
G0004885,A00207,S002,2024-07-14,158.5,172.8,100.0,0
G0004886,A00208,S002,2024-07-14,144.14,172.8,83.33,4
G0004887,A00209,S002,2024-07-14,174.01,172.8,100.0,0
G0004888,A00210,S002,2024-07-14,174.74,172.8,100.0,0
G0004889,A00201,S002,2024-07-15,145.49,145.94,100.0,0
G0004890,A00202,S002,2024-07-15,144.68,145.94,100.0,0
G0004891,A00203,S002,2024-07-15,147.49,145.94,100.0,0
G0004892,A00204,S002,2024-07-15,145.06,145.94,100.0,0
G0004893,A00205,S002,2024-07-15,144.93,145.94,100.0,0
G0004894,A00206,S002,2024-07-15,147.66,145.94,100.0,0
G0004895,A00207,S002,2024-07-15,146.05,145.94,100.0,0
G0004896,A00208,S002,2024-07-15,145.05,145.94,100.0,0
G0004897,A00209,S002,2024-07-15,144.42,145.94,100.0,0
G0004898,A00210,S002,2024-07-15,147.77,145.94,100.0,0
G0004899,A00201,S002,2024-07-16,148.8,148.11,100.0,0
G0004900,A00202,S002,2024-07-16,149.61,148.11,100.0,0
G0004901,A00203,S002,2024-07-16,119.44,148.11,100.0,0
G0004902,A00204,S002,2024-07-16,146.97,148.11,100.0,0
G0004903,A00205,S002,2024-07-16,146.63,148.11,100.0,0
G0004904,A00206,S002,2024-07-16,147.59,148.11,100.0,0
G0004905,A00207,S002,2024-07-16,97.03,148.11,100.0,0
G0004906,A00208,S002,2024-07-16,147.25,148.11,100.0,0
G0004907,A00209,S002,2024-07-16,149.54,148.11,100.0,0
G0004908,A00210,S002,2024-07-16,148.9,148.11,100.0,0
G0004909,A00201,S002,2024-07-17,158.12,156.76,100.0,0
G0004910,A00202,S002,2024-07-17,142.47,156.76,91.67,2
G0004911,A00203,S002,2024-07-17,151.93,156.76,95.83,1
G0004912,A00204,S002,2024-07-17,158.45,156.76,100.0,0
G0004913,A00205,S002,2024-07-17,156.34,156.76,100.0,0
G0004914,A00206,S002,2024-07-17,158.21,156.76,100.0,0
G0004915,A00207,S002,2024-07-17,155.21,156.76,100.0,0
G0004916,A00208,S002,2024-07-17,136.32,156.76,95.83,1
G0004917,A00209,S002,2024-07-17,144.92,156.76,100.0,0
G0004918,A00210,S002,2024-07-17,144.96,156.76,91.67,2
G0004919,A00201,S002,2024-07-18,138.93,139.41,100.0,0
G0004920,A00202,S002,2024-07-18,112.29,139.41,100.0,0
G0004921,A00203,S002,2024-07-18,137.75,139.41,100.0,0
G0004922,A00204,S002,2024-07-18,140.12,139.41,100.0,0
G0004923,A00205,S002,2024-07-18,141.07,139.41,100.0,0
G0004924,A00206,S002,2024-07-18,139.09,139.41,100.0,0
G0004925,A00207,S002,2024-07-18,138.16,139.41,100.0,0
G0004926,A00208,S002,2024-07-18,129.89,139.41,100.0,0
G0004927,A00209,S002,2024-07-18,130.13,139.41,100.0,0
G0004928,A00210,S002,2024-07-18,127.42,139.41,100.0,0
G0004929,A00201,S002,2024-07-19,171.0,172.8,100.0,0
G0004930,A00202,S002,2024-07-19,173.83,172.8,100.0,0
G0004931,A00203,S002,2024-07-19,171.05,172.8,100.0,0
G0004932,A00204,S002,2024-07-19,172.34,172.8,100.0,0
G0004933,A00205,S002,2024-07-19,172.12,172.8,100.0,0
G0004934,A00206,S002,2024-07-19,173.38,172.8,100.0,0
G0004935,A00207,S002,2024-07-19,171.0,172.8,100.0,0
G0004936,A00208,S002,2024-07-19,172.41,172.8,100.0,0
G0004937,A00209,S002,2024-07-19,172.75,172.8,100.0,0
G0004938,A00210,S002,2024-07-19,174.65,172.8,100.0,0
G0004939,A00201,S002,2024-07-20,165.84,172.8,95.83,1
G0004940,A00202,S002,2024-07-20,171.17,172.8,100.0,0
G0004941,A00203,S002,2024-07-20,159.6,172.8,91.67,2
G0004942,A00204,S002,2024-07-20,172.68,172.8,100.0,0
G0004943,A00205,S002,2024-07-20,173.65,172.8,100.0,0
G0004944,A00206,S002,2024-07-20,172.71,172.8,100.0,0
G0004945,A00207,S002,2024-07-20,174.68,172.8,100.0,0
G0004946,A00208,S002,2024-07-20,173.37,172.8,100.0,0
G0004947,A00209,S002,2024-07-20,173.62,172.8,100.0,0
G0004948,A00210,S002,2024-07-20,140.19,172.8,100.0,0
G0004949,A00201,S002,2024-07-21,126.52,126.65,100.0,0
G0004950,A00202,S002,2024-07-21,124.91,126.65,100.0,0
G0004951,A00203,S002,2024-07-21,101.03,126.65,100.0,0
G0004952,A00204,S002,2024-07-21,122.87,126.65,95.83,1
G0004953,A00205,S002,2024-07-21,125.47,126.65,100.0,0
G0004954,A00206,S002,2024-07-21,126.19,126.65,100.0,0
G0004955,A00207,S002,2024-07-21,125.91,126.65,100.0,0
G0004956,A00208,S002,2024-07-21,125.31,126.65,100.0,0
G0004957,A00209,S002,2024-07-21,101.02,126.65,100.0,0
G0004958,A00210,S002,2024-07-21,127.92,126.65,100.0,0
G0004959,A00201,S002,2024-07-22,156.51,156.68,100.0,0
G0004960,A00202,S002,2024-07-22,155.35,156.68,100.0,0
G0004961,A00203,S002,2024-07-22,157.67,156.68,100.0,0
G0004962,A00204,S002,2024-07-22,155.85,156.68,100.0,0
G0004963,A00205,S002,2024-07-22,156.7,156.68,100.0,0
G0004964,A00206,S002,2024-07-22,154.72,156.68,100.0,0
G0004965,A00207,S002,2024-07-22,155.25,156.68,100.0,0
G0004966,A00208,S002,2024-07-22,155.84,156.68,100.0,0
G0004967,A00209,S002,2024-07-22,157.64,156.68,100.0,0
G0004968,A00210,S002,2024-07-22,158.62,156.68,100.0,0
G0004969,A00201,S002,2024-07-23,109.2,108.67,100.0,0
G0004970,A00202,S002,2024-07-23,108.07,108.67,100.0,0
G0004971,A00203,S002,2024-07-23,106.84,108.67,100.0,0
G0004972,A00204,S002,2024-07-23,107.61,108.67,100.0,0
G0004973,A00205,S002,2024-07-23,109.53,108.67,100.0,0
G0004974,A00206,S002,2024-07-23,93.43,108.67,91.67,2
G0004975,A00207,S002,2024-07-23,107.46,108.67,100.0,0
G0004976,A00208,S002,2024-07-23,107.18,108.67,100.0,0
G0004977,A00209,S002,2024-07-23,110.61,108.67,100.0,0
G0004978,A00210,S002,2024-07-23,107.81,108.67,100.0,0
G0004979,A00201,S002,2024-07-24,174.58,172.8,100.0,0
G0004980,A00202,S002,2024-07-24,172.39,172.8,100.0,0
G0004981,A00203,S002,2024-07-24,172.82,172.8,100.0,0
G0004982,A00204,S002,2024-07-24,171.64,172.8,100.0,0
G0004983,A00205,S002,2024-07-24,172.62,172.8,100.0,0
G0004984,A00206,S002,2024-07-24,171.96,172.8,100.0,0
G0004985,A00207,S002,2024-07-24,171.16,172.8,100.0,0
G0004986,A00208,S002,2024-07-24,173.08,172.8,100.0,0
G0004987,A00209,S002,2024-07-24,139.08,172.8,100.0,0
G0004988,A00210,S002,2024-07-24,114.33,172.8,66.67,8
G0004989,A00201,S002,2024-07-25,136.81,147.86,91.67,2
G0004990,A00202,S002,2024-07-25,146.43,147.86,100.0,0
G0004991,A00203,S002,2024-07-25,136.4,147.86,100.0,0
G0004992,A00204,S002,2024-07-25,147.02,147.86,100.0,0
G0004993,A00205,S002,2024-07-25,136.74,147.86,100.0,0
G0004994,A00206,S002,2024-07-25,146.21,147.86,100.0,0
G0004995,A00207,S002,2024-07-25,146.21,147.86,100.0,0
G0004996,A00208,S002,2024-07-25,149.16,147.86,100.0,0
G0004997,A00209,S002,2024-07-25,117.1,147.86,100.0,0
G0004998,A00210,S002,2024-07-25,149.82,147.86,100.0,0
G0004999,A00201,S002,2024-07-26,160.22,172.8,100.0,0
G0005000,A00202,S002,2024-07-26,173.16,172.8,100.0,0
G0005001,A00203,S002,2024-07-26,173.01,172.8,100.0,0
G0005002,A00204,S002,2024-07-26,172.04,172.8,100.0,0
G0005003,A00205,S002,2024-07-26,144.57,172.8,83.33,4
G0005004,A00206,S002,2024-07-26,136.5,172.8,100.0,0
G0005005,A00207,S002,2024-07-26,158.9,172.8,91.67,2
G0005006,A00208,S002,2024-07-26,171.85,172.8,100.0,0
G0005007,A00209,S002,2024-07-26,171.77,172.8,100.0,0
G0005008,A00210,S002,2024-07-26,157.07,172.8,100.0,0
G0005009,A00201,S002,2024-07-27,160.44,172.8,100.0,0
G0005010,A00202,S002,2024-07-27,160.9,172.8,100.0,0
G0005011,A00203,S002,2024-07-27,160.62,172.8,100.0,0
G0005012,A00204,S002,2024-07-27,104.34,172.8,66.67,8
G0005013,A00205,S002,2024-07-27,138.94,172.8,100.0,0
G0005014,A00206,S002,2024-07-27,172.79,172.8,100.0,0
G0005015,A00207,S002,2024-07-27,174.71,172.8,100.0,0
G0005016,A00208,S002,2024-07-27,172.03,172.8,100.0,0
G0005017,A00209,S002,2024-07-27,172.43,172.8,100.0,0
G0005018,A00210,S002,2024-07-27,171.22,172.8,100.0,0
G0005019,A00201,S002,2024-07-28,159.61,172.8,100.0,0
G0005020,A00202,S002,2024-07-28,142.94,172.8,83.33,4
G0005021,A00203,S002,2024-07-28,163.7,172.8,95.83,1
G0005022,A00204,S002,2024-07-28,173.36,172.8,100.0,0
G0005023,A00205,S002,2024-07-28,171.54,172.8,100.0,0
G0005024,A00206,S002,2024-07-28,159.04,172.8,100.0,0
G0005025,A00207,S002,2024-07-28,172.39,172.8,100.0,0
G0005026,A00208,S002,2024-07-28,113.95,172.8,66.67,8
G0005027,A00209,S002,2024-07-28,159.13,172.8,100.0,0
G0005028,A00210,S002,2024-07-28,171.77,172.8,100.0,0
G0005029,A00201,S002,2024-07-29,152.06,150.16,100.0,0
G0005030,A00202,S002,2024-07-29,151.52,150.16,100.0,0
G0005031,A00203,S002,2024-07-29,148.26,150.16,100.0,0
G0005032,A00204,S002,2024-07-29,151.91,150.16,100.0,0
G0005033,A00205,S002,2024-07-29,139.27,150.16,100.0,0
G0005034,A00206,S002,2024-07-29,148.44,150.16,100.0,0
G0005035,A00207,S002,2024-07-29,119.54,150.16,100.0,0
G0005036,A00208,S002,2024-07-29,149.93,150.16,100.0,0
G0005037,A00209,S002,2024-07-29,149.88,150.16,100.0,0
G0005038,A00210,S002,2024-07-29,148.18,150.16,100.0,0
G0005039,A00201,S002,2024-07-30,158.94,172.8,100.0,0
G0005040,A00202,S002,2024-07-30,115.77,172.8,66.67,8
G0005041,A00203,S002,2024-07-30,171.21,172.8,100.0,0
G0005042,A00204,S002,2024-07-30,173.37,172.8,100.0,0
G0005043,A00205,S002,2024-07-30,171.48,172.8,100.0,0
G0005044,A00206,S002,2024-07-30,173.2,172.8,100.0,0
G0005045,A00207,S002,2024-07-30,171.56,172.8,100.0,0
G0005046,A00208,S002,2024-07-30,170.86,172.8,100.0,0
G0005047,A00209,S002,2024-07-30,172.79,172.8,100.0,0
G0005048,A00210,S002,2024-07-30,159.54,172.8,91.67,2
G0005049,A00201,S002,2024-07-31,130.79,129.01,100.0,0
G0005050,A00202,S002,2024-07-31,130.25,129.01,100.0,0
G0005051,A00203,S002,2024-07-31,129.58,129.01,100.0,0
G0005052,A00204,S002,2024-07-31,129.4,129.01,100.0,0
G0005053,A00205,S002,2024-07-31,117.71,129.01,100.0,0
G0005054,A00206,S002,2024-07-31,127.85,129.01,100.0,0
G0005055,A00207,S002,2024-07-31,128.03,129.01,100.0,0
G0005056,A00208,S002,2024-07-31,130.6,129.01,100.0,0
G0005057,A00209,S002,2024-07-31,130.72,129.01,100.0,0
G0005058,A00210,S002,2024-07-31,118.72,129.01,100.0,0
G0005059,A00201,S002,2024-08-01,106.28,132.2,100.0,0
G0005060,A00202,S002,2024-08-01,134.12,132.2,100.0,0
G0005061,A00203,S002,2024-08-01,130.32,132.2,100.0,0
G0005062,A00204,S002,2024-08-01,132.09,132.2,100.0,0
G0005063,A00205,S002,2024-08-01,125.33,132.2,95.83,1
G0005064,A00206,S002,2024-08-01,132.45,132.2,100.0,0
G0005065,A00207,S002,2024-08-01,133.69,132.2,100.0,0
G0005066,A00208,S002,2024-08-01,67.57,132.2,50.0,12
G0005067,A00209,S002,2024-08-01,131.43,132.2,100.0,0
G0005068,A00210,S002,2024-08-01,132.59,132.2,100.0,0
G0005069,A00201,S002,2024-08-02,165.64,163.69,100.0,0
G0005070,A00202,S002,2024-08-02,163.56,163.69,100.0,0
G0005071,A00203,S002,2024-08-02,151.98,163.69,100.0,0
G0005072,A00204,S002,2024-08-02,163.08,163.69,100.0,0
G0005073,A00205,S002,2024-08-02,165.4,163.69,100.0,0
G0005074,A00206,S002,2024-08-02,163.1,163.69,100.0,0
G0005075,A00207,S002,2024-08-02,164.24,163.69,100.0,0
G0005076,A00208,S002,2024-08-02,165.53,163.69,100.0,0
G0005077,A00209,S002,2024-08-02,161.95,163.69,100.0,0
G0005078,A00210,S002,2024-08-02,164.44,163.69,100.0,0
G0005079,A00201,S002,2024-08-03,111.63,110.75,100.0,0
G0005080,A00202,S002,2024-08-03,110.16,110.75,100.0,0
G0005081,A00203,S002,2024-08-03,73.26,110.75,66.67,8
G0005082,A00204,S002,2024-08-03,110.48,110.75,100.0,0
G0005083,A00205,S002,2024-08-03,105.51,110.75,95.83,1
G0005084,A00206,S002,2024-08-03,110.86,110.75,100.0,0
G0005085,A00207,S002,2024-08-03,110.12,110.75,100.0,0
G0005086,A00208,S002,2024-08-03,108.91,110.75,100.0,0
G0005087,A00209,S002,2024-08-03,105.06,110.75,95.83,1
G0005088,A00210,S002,2024-08-03,101.11,110.75,100.0,0
G0005089,A00201,S002,2024-08-04,158.3,172.8,91.67,2
G0005090,A00202,S002,2024-08-04,171.79,172.8,100.0,0
G0005091,A00203,S002,2024-08-04,160.36,172.8,100.0,0
G0005092,A00204,S002,2024-08-04,172.49,172.8,100.0,0
G0005093,A00205,S002,2024-08-04,165.3,172.8,95.83,1
G0005094,A00206,S002,2024-08-04,172.85,172.8,100.0,0
G0005095,A00207,S002,2024-08-04,172.57,172.8,100.0,0
G0005096,A00208,S002,2024-08-04,137.94,172.8,100.0,0
G0005097,A00209,S002,2024-08-04,170.88,172.8,100.0,0
G0005098,A00210,S002,2024-08-04,160.2,172.8,91.67,2
G0005099,A00201,S002,2024-08-05,141.82,153.98,100.0,0
G0005100,A00202,S002,2024-08-05,154.87,153.98,100.0,0
G0005101,A00203,S002,2024-08-05,152.67,153.98,100.0,0
G0005102,A00204,S002,2024-08-05,155.08,153.98,100.0,0
G0005103,A00205,S002,2024-08-05,153.98,153.98,100.0,0
G0005104,A00206,S002,2024-08-05,152.58,153.98,100.0,0
G0005105,A00207,S002,2024-08-05,153.17,153.98,100.0,0
G0005106,A00208,S002,2024-08-05,155.12,153.98,100.0,0
G0005107,A00209,S002,2024-08-05,153.42,153.98,100.0,0
G0005108,A00210,S002,2024-08-05,154.41,153.98,100.0,0
G0005109,A00201,S002,2024-08-06,174.2,172.8,100.0,0
G0005110,A00202,S002,2024-08-06,173.26,172.8,100.0,0
G0005111,A00203,S002,2024-08-06,159.72,172.8,100.0,0
G0005112,A00204,S002,2024-08-06,172.73,172.8,100.0,0
G0005113,A00205,S002,2024-08-06,171.39,172.8,100.0,0
G0005114,A00206,S002,2024-08-06,127.14,172.8,91.67,2
G0005115,A00207,S002,2024-08-06,171.06,172.8,100.0,0
G0005116,A00208,S002,2024-08-06,174.17,172.8,100.0,0
G0005117,A00209,S002,2024-08-06,173.72,172.8,100.0,0
G0005118,A00210,S002,2024-08-06,171.19,172.8,100.0,0
G0005119,A00201,S002,2024-08-07,172.74,172.8,100.0,0
G0005120,A00202,S002,2024-08-07,173.53,172.8,100.0,0
G0005121,A00203,S002,2024-08-07,174.2,172.8,100.0,0
G0005122,A00204,S002,2024-08-07,174.25,172.8,100.0,0
G0005123,A00205,S002,2024-08-07,174.04,172.8,100.0,0
G0005124,A00206,S002,2024-08-07,173.77,172.8,100.0,0
G0005125,A00207,S002,2024-08-07,170.94,172.8,100.0,0
G0005126,A00208,S002,2024-08-07,159.92,172.8,91.67,2
G0005127,A00209,S002,2024-08-07,173.84,172.8,100.0,0
G0005128,A00210,S002,2024-08-07,170.83,172.8,100.0,0
G0005129,A00201,S002,2024-08-08,131.42,131.27,100.0,0
G0005130,A00202,S002,2024-08-08,131.29,131.27,100.0,0
G0005131,A00203,S002,2024-08-08,116.4,131.27,95.83,1
G0005132,A00204,S002,2024-08-08,120.02,131.27,100.0,0
G0005133,A00205,S002,2024-08-08,131.45,131.27,100.0,0
G0005134,A00206,S002,2024-08-08,131.9,131.27,100.0,0
G0005135,A00207,S002,2024-08-08,132.35,131.27,100.0,0
G0005136,A00208,S002,2024-08-08,132.28,131.27,100.0,0
G0005137,A00209,S002,2024-08-08,130.92,131.27,100.0,0
G0005138,A00210,S002,2024-08-08,131.98,131.27,100.0,0
G0005139,A00201,S002,2024-08-09,117.66,117.62,100.0,0
G0005140,A00202,S002,2024-08-09,116.36,117.62,100.0,0
G0005141,A00203,S002,2024-08-09,118.42,117.62,100.0,0
G0005142,A00204,S002,2024-08-09,115.66,117.62,100.0,0
G0005143,A00205,S002,2024-08-09,119.11,117.62,100.0,0
G0005144,A00206,S002,2024-08-09,118.05,117.62,100.0,0
G0005145,A00207,S002,2024-08-09,117.11,117.62,100.0,0
G0005146,A00208,S002,2024-08-09,111.04,117.62,95.83,1
G0005147,A00209,S002,2024-08-09,119.36,117.62,100.0,0
G0005148,A00210,S002,2024-08-09,117.0,117.62,100.0,0
G0005149,A00201,S002,2024-08-10,167.05,165.81,100.0,0
G0005150,A00202,S002,2024-08-10,166.81,165.81,100.0,0
G0005151,A00203,S002,2024-08-10,164.24,165.81,100.0,0
G0005152,A00204,S002,2024-08-10,166.92,165.81,100.0,0
G0005153,A00205,S002,2024-08-10,151.97,165.81,91.67,2
G0005154,A00206,S002,2024-08-10,152.65,165.81,100.0,0
G0005155,A00207,S002,2024-08-10,166.73,165.81,100.0,0
G0005156,A00208,S002,2024-08-10,167.63,165.81,100.0,0
G0005157,A00209,S002,2024-08-10,139.33,165.81,83.33,4
G0005158,A00210,S002,2024-08-10,166.72,165.81,100.0,0
G0005159,A00201,S002,2024-08-11,160.18,160.14,100.0,0
G0005160,A00202,S002,2024-08-11,159.82,160.14,100.0,0
G0005161,A00203,S002,2024-08-11,161.5,160.14,100.0,0
G0005162,A00204,S002,2024-08-11,127.66,160.14,100.0,0
G0005163,A00205,S002,2024-08-11,159.65,160.14,100.0,0
G0005164,A00206,S002,2024-08-11,132.56,160.14,83.33,4
G0005165,A00207,S002,2024-08-11,127.02,160.14,100.0,0
G0005166,A00208,S002,2024-08-11,159.51,160.14,100.0,0
G0005167,A00209,S002,2024-08-11,161.96,160.14,100.0,0
G0005168,A00210,S002,2024-08-11,158.81,160.14,100.0,0
G0005169,A00201,S002,2024-08-12,174.55,172.8,100.0,0
G0005170,A00202,S002,2024-08-12,171.48,172.8,100.0,0
G0005171,A00203,S002,2024-08-12,171.57,172.8,100.0,0
G0005172,A00204,S002,2024-08-12,173.89,172.8,100.0,0
G0005173,A00205,S002,2024-08-12,158.9,172.8,100.0,0
G0005174,A00206,S002,2024-08-12,174.15,172.8,100.0,0
G0005175,A00207,S002,2024-08-12,174.38,172.8,100.0,0
G0005176,A00208,S002,2024-08-12,172.06,172.8,100.0,0
G0005177,A00209,S002,2024-08-12,171.24,172.8,100.0,0
G0005178,A00210,S002,2024-08-12,172.47,172.8,100.0,0
G0005179,A00201,S002,2024-08-13,163.91,172.8,95.83,1
G0005180,A00202,S002,2024-08-13,160.44,172.8,100.0,0
G0005181,A00203,S002,2024-08-13,165.23,172.8,95.83,1
G0005182,A00204,S002,2024-08-13,174.62,172.8,100.0,0
G0005183,A00205,S002,2024-08-13,174.27,172.8,100.0,0
G0005184,A00206,S002,2024-08-13,172.44,172.8,100.0,0
G0005185,A00207,S002,2024-08-13,173.1,172.8,100.0,0
G0005186,A00208,S002,2024-08-13,173.16,172.8,100.0,0
G0005187,A00209,S002,2024-08-13,174.71,172.8,100.0,0
G0005188,A00210,S002,2024-08-13,173.37,172.8,100.0,0
G0005189,A00201,S002,2024-08-14,171.69,172.8,100.0,0
G0005190,A00202,S002,2024-08-14,139.45,172.8,100.0,0
G0005191,A00203,S002,2024-08-14,158.29,172.8,100.0,0
G0005192,A00204,S002,2024-08-14,173.56,172.8,100.0,0
G0005193,A00205,S002,2024-08-14,173.21,172.8,100.0,0
G0005194,A00206,S002,2024-08-14,172.81,172.8,100.0,0
G0005195,A00207,S002,2024-08-14,139.71,172.8,100.0,0
G0005196,A00208,S002,2024-08-14,159.72,172.8,91.67,2
G0005197,A00209,S002,2024-08-14,111.19,172.8,100.0,0
G0005198,A00210,S002,2024-08-14,174.64,172.8,100.0,0
G0005199,A00201,S002,2024-08-15,163.84,162.33,100.0,0
G0005200,A00202,S002,2024-08-15,150.67,162.33,100.0,0
G0005201,A00203,S002,2024-08-15,144.74,162.33,95.83,1
G0005202,A00204,S002,2024-08-15,161.08,162.33,100.0,0
G0005203,A00205,S002,2024-08-15,161.26,162.33,100.0,0
G0005204,A00206,S002,2024-08-15,161.16,162.33,100.0,0
G0005205,A00207,S002,2024-08-15,161.58,162.33,100.0,0
G0005206,A00208,S002,2024-08-15,163.91,162.33,100.0,0
G0005207,A00209,S002,2024-08-15,163.28,162.33,100.0,0
G0005208,A00210,S002,2024-08-15,162.04,162.33,100.0,0
G0005209,A00201,S002,2024-08-16,173.05,172.8,100.0,0
G0005210,A00202,S002,2024-08-16,171.23,172.8,100.0,0
G0005211,A00203,S002,2024-08-16,173.4,172.8,100.0,0
G0005212,A00204,S002,2024-08-16,171.06,172.8,100.0,0
G0005213,A00205,S002,2024-08-16,171.57,172.8,100.0,0
G0005214,A00206,S002,2024-08-16,171.28,172.8,100.0,0
G0005215,A00207,S002,2024-08-16,139.07,172.8,100.0,0
G0005216,A00208,S002,2024-08-16,171.48,172.8,100.0,0
G0005217,A00209,S002,2024-08-16,172.9,172.8,100.0,0
G0005218,A00210,S002,2024-08-16,171.05,172.8,100.0,0
G0005219,A00201,S002,2024-08-17,157.38,172.8,100.0,0
G0005220,A00202,S002,2024-08-17,173.84,172.8,100.0,0
G0005221,A00203,S002,2024-08-17,174.74,172.8,100.0,0
G0005222,A00204,S002,2024-08-17,174.15,172.8,100.0,0
G0005223,A00205,S002,2024-08-17,172.45,172.8,100.0,0
G0005224,A00206,S002,2024-08-17,159.34,172.8,91.67,2
G0005225,A00207,S002,2024-08-17,174.76,172.8,100.0,0
G0005226,A00208,S002,2024-08-17,173.28,172.8,100.0,0
G0005227,A00209,S002,2024-08-17,172.04,172.8,100.0,0
G0005228,A00210,S002,2024-08-17,171.17,172.8,100.0,0
G0005229,A00201,S002,2024-08-18,157.26,172.8,100.0,0
G0005230,A00202,S002,2024-08-18,171.87,172.8,100.0,0
G0005231,A00203,S002,2024-08-18,173.34,172.8,100.0,0
G0005232,A00204,S002,2024-08-18,172.53,172.8,100.0,0
G0005233,A00205,S002,2024-08-18,87.5,172.8,50.0,12
G0005234,A00206,S002,2024-08-18,171.17,172.8,100.0,0
G0005235,A00207,S002,2024-08-18,172.97,172.8,100.0,0
G0005236,A00208,S002,2024-08-18,173.28,172.8,100.0,0
G0005237,A00209,S002,2024-08-18,173.41,172.8,100.0,0
G0005238,A00210,S002,2024-08-18,173.49,172.8,100.0,0
G0005239,A00201,S002,2024-08-19,174.61,172.8,100.0,0
G0005240,A00202,S002,2024-08-19,174.63,172.8,100.0,0
G0005241,A00203,S002,2024-08-19,173.73,172.8,100.0,0
G0005242,A00204,S002,2024-08-19,171.95,172.8,100.0,0
G0005243,A00205,S002,2024-08-19,174.58,172.8,100.0,0
G0005244,A00206,S002,2024-08-19,172.6,172.8,100.0,0
G0005245,A00207,S002,2024-08-19,174.25,172.8,100.0,0
G0005246,A00208,S002,2024-08-19,174.41,172.8,100.0,0
G0005247,A00209,S002,2024-08-19,171.89,172.8,100.0,0
G0005248,A00210,S002,2024-08-19,170.83,172.8,100.0,0
G0005249,A00201,S002,2024-08-20,118.16,116.81,100.0,0
G0005250,A00202,S002,2024-08-20,115.3,116.81,100.0,0
G0005251,A00203,S002,2024-08-20,117.17,116.81,100.0,0
G0005252,A00204,S002,2024-08-20,118.6,116.81,100.0,0
G0005253,A00205,S002,2024-08-20,117.72,116.81,100.0,0
G0005254,A00206,S002,2024-08-20,116.54,116.81,100.0,0
G0005255,A00207,S002,2024-08-20,116.63,116.81,100.0,0
G0005256,A00208,S002,2024-08-20,118.23,116.81,100.0,0
G0005257,A00209,S002,2024-08-20,103.32,116.81,95.83,1
G0005258,A00210,S002,2024-08-20,115.13,116.81,100.0,0
G0005259,A00201,S002,2024-08-21,80.12,102.13,100.0,0
G0005260,A00202,S002,2024-08-21,103.04,102.13,100.0,0
G0005261,A00203,S002,2024-08-21,100.52,102.13,100.0,0
G0005262,A00204,S002,2024-08-21,103.03,102.13,100.0,0
G0005263,A00205,S002,2024-08-21,104.0,102.13,100.0,0
G0005264,A00206,S002,2024-08-21,102.2,102.13,100.0,0
G0005265,A00207,S002,2024-08-21,67.39,102.13,83.33,4
G0005266,A00208,S002,2024-08-21,101.77,102.13,100.0,0
G0005267,A00209,S002,2024-08-21,101.51,102.13,100.0,0
G0005268,A00210,S002,2024-08-21,101.19,102.13,100.0,0
G0005269,A00201,S002,2024-08-22,149.22,149.43,100.0,0
G0005270,A00202,S002,2024-08-22,147.66,149.43,100.0,0
G0005271,A00203,S002,2024-08-22,150.92,149.43,100.0,0
G0005272,A00204,S002,2024-08-22,148.94,149.43,100.0,0
G0005273,A00205,S002,2024-08-22,149.95,149.43,100.0,0
G0005274,A00206,S002,2024-08-22,149.73,149.43,100.0,0
G0005275,A00207,S002,2024-08-22,147.64,149.43,100.0,0
G0005276,A00208,S002,2024-08-22,147.51,149.43,100.0,0
G0005277,A00209,S002,2024-08-22,150.49,149.43,100.0,0
G0005278,A00210,S002,2024-08-22,147.77,149.43,100.0,0
G0005279,A00201,S002,2024-08-23,153.79,152.32,100.0,0
G0005280,A00202,S002,2024-08-23,153.35,152.32,100.0,0
G0005281,A00203,S002,2024-08-23,150.9,152.32,100.0,0
G0005282,A00204,S002,2024-08-23,151.53,152.32,100.0,0
G0005283,A00205,S002,2024-08-23,152.35,152.32,100.0,0
G0005284,A00206,S002,2024-08-23,151.25,152.32,100.0,0
G0005285,A00207,S002,2024-08-23,151.21,152.32,100.0,0
G0005286,A00208,S002,2024-08-23,153.69,152.32,100.0,0
G0005287,A00209,S002,2024-08-23,150.81,152.32,100.0,0
G0005288,A00210,S002,2024-08-23,152.16,152.32,100.0,0
G0005289,A00201,S002,2024-08-24,97.79,99.63,100.0,0
G0005290,A00202,S002,2024-08-24,88.26,99.63,95.83,1
G0005291,A00203,S002,2024-08-24,100.72,99.63,100.0,0
G0005292,A00204,S002,2024-08-24,98.59,99.63,100.0,0
G0005293,A00205,S002,2024-08-24,99.98,99.63,100.0,0
G0005294,A00206,S002,2024-08-24,98.64,99.63,100.0,0
G0005295,A00207,S002,2024-08-24,98.59,99.63,100.0,0
G0005296,A00208,S002,2024-08-24,97.73,99.63,100.0,0
G0005297,A00209,S002,2024-08-24,91.34,99.63,100.0,0
G0005298,A00210,S002,2024-08-24,98.43,99.63,100.0,0
G0005299,A00201,S002,2024-08-25,173.96,172.8,100.0,0
G0005300,A00202,S002,2024-08-25,159.93,172.8,100.0,0
G0005301,A00203,S002,2024-08-25,172.82,172.8,100.0,0
G0005302,A00204,S002,2024-08-25,171.78,172.8,100.0,0
G0005303,A00205,S002,2024-08-25,172.49,172.8,100.0,0
G0005304,A00206,S002,2024-08-25,133.94,172.8,83.33,4
G0005305,A00207,S002,2024-08-25,112.85,172.8,100.0,0
G0005306,A00208,S002,2024-08-25,174.63,172.8,100.0,0
G0005307,A00209,S002,2024-08-25,113.27,172.8,100.0,0
G0005308,A00210,S002,2024-08-25,173.14,172.8,100.0,0
G0005309,A00201,S002,2024-08-26,173.74,172.8,100.0,0
G0005310,A00202,S002,2024-08-26,113.61,172.8,66.67,8
G0005311,A00203,S002,2024-08-26,172.59,172.8,100.0,0
G0005312,A00204,S002,2024-08-26,173.72,172.8,100.0,0
G0005313,A00205,S002,2024-08-26,173.37,172.8,100.0,0
G0005314,A00206,S002,2024-08-26,171.92,172.8,100.0,0
G0005315,A00207,S002,2024-08-26,173.4,172.8,100.0,0
G0005316,A00208,S002,2024-08-26,159.81,172.8,100.0,0
G0005317,A00209,S002,2024-08-26,172.42,172.8,100.0,0
G0005318,A00210,S002,2024-08-26,173.37,172.8,100.0,0
G0005319,A00201,S002,2024-08-27,109.69,109.71,100.0,0
G0005320,A00202,S002,2024-08-27,111.06,109.71,100.0,0
G0005321,A00203,S002,2024-08-27,111.37,109.71,100.0,0
G0005322,A00204,S002,2024-08-27,111.21,109.71,100.0,0
G0005323,A00205,S002,2024-08-27,108.94,109.71,100.0,0
G0005324,A00206,S002,2024-08-27,108.07,109.71,100.0,0
G0005325,A00207,S002,2024-08-27,108.75,109.71,100.0,0
G0005326,A00208,S002,2024-08-27,108.46,109.71,100.0,0
G0005327,A00209,S002,2024-08-27,111.3,109.71,100.0,0
G0005328,A00210,S002,2024-08-27,110.84,109.71,100.0,0
G0005329,A00201,S002,2024-08-28,172.43,172.8,100.0,0
G0005330,A00202,S002,2024-08-28,164.81,172.8,95.83,1
G0005331,A00203,S002,2024-08-28,130.79,172.8,83.33,4
G0005332,A00204,S002,2024-08-28,172.3,172.8,100.0,0
G0005333,A00205,S002,2024-08-28,157.67,172.8,91.67,2
G0005334,A00206,S002,2024-08-28,139.98,172.8,100.0,0
G0005335,A00207,S002,2024-08-28,171.28,172.8,100.0,0
G0005336,A00208,S002,2024-08-28,160.2,172.8,100.0,0
G0005337,A00209,S002,2024-08-28,174.34,172.8,100.0,0
G0005338,A00210,S002,2024-08-28,174.79,172.8,100.0,0
G0005339,A00201,S002,2024-08-29,173.83,172.8,100.0,0
G0005340,A00202,S002,2024-08-29,136.63,172.8,100.0,0
G0005341,A00203,S002,2024-08-29,136.61,172.8,100.0,0
G0005342,A00204,S002,2024-08-29,174.77,172.8,100.0,0
G0005343,A00205,S002,2024-08-29,172.34,172.8,100.0,0
G0005344,A00206,S002,2024-08-29,111.01,172.8,100.0,0
G0005345,A00207,S002,2024-08-29,172.28,172.8,100.0,0
G0005346,A00208,S002,2024-08-29,139.63,172.8,100.0,0
G0005347,A00209,S002,2024-08-29,171.05,172.8,100.0,0
G0005348,A00210,S002,2024-08-29,171.16,172.8,100.0,0
G0005349,A00201,S002,2024-08-30,142.79,141.4,100.0,0
G0005350,A00202,S002,2024-08-30,139.63,141.4,100.0,0
G0005351,A00203,S002,2024-08-30,139.75,141.4,100.0,0
G0005352,A00204,S002,2024-08-30,137.06,141.4,95.83,1
G0005353,A00205,S002,2024-08-30,142.47,141.4,100.0,0
G0005354,A00206,S002,2024-08-30,129.81,141.4,100.0,0
G0005355,A00207,S002,2024-08-30,91.12,141.4,100.0,0
G0005356,A00208,S002,2024-08-30,141.76,141.4,100.0,0
G0005357,A00209,S002,2024-08-30,119.64,141.4,91.67,2
G0005358,A00210,S002,2024-08-30,139.73,141.4,100.0,0
G0005359,A00201,S002,2024-08-31,140.81,140.24,100.0,0
G0005360,A00202,S002,2024-08-31,141.26,140.24,100.0,0
G0005361,A00203,S002,2024-08-31,138.77,140.24,100.0,0
G0005362,A00204,S002,2024-08-31,139.86,140.24,100.0,0
G0005363,A00205,S002,2024-08-31,110.8,140.24,100.0,0
G0005364,A00206,S002,2024-08-31,140.8,140.24,100.0,0
G0005365,A00207,S002,2024-08-31,129.3,140.24,100.0,0
G0005366,A00208,S002,2024-08-31,140.77,140.24,100.0,0
G0005367,A00209,S002,2024-08-31,141.23,140.24,100.0,0
G0005368,A00210,S002,2024-08-31,113.98,140.24,100.0,0
G0005369,A00201,S002,2024-09-01,114.96,116.77,100.0,0
G0005370,A00202,S002,2024-09-01,107.66,116.77,100.0,0
G0005371,A00203,S002,2024-09-01,115.53,116.77,100.0,0
G0005372,A00204,S002,2024-09-01,115.12,116.77,100.0,0
G0005373,A00205,S002,2024-09-01,111.23,116.77,95.83,1
G0005374,A00206,S002,2024-09-01,110.0,116.77,95.83,1
G0005375,A00207,S002,2024-09-01,85.23,116.77,91.67,2
G0005376,A00208,S002,2024-09-01,115.46,116.77,100.0,0
G0005377,A00209,S002,2024-09-01,117.9,116.77,100.0,0
G0005378,A00210,S002,2024-09-01,113.72,116.77,95.83,1
G0005379,A00201,S002,2024-09-02,96.1,96.09,100.0,0
G0005380,A00202,S002,2024-09-02,97.94,96.09,100.0,0
G0005381,A00203,S002,2024-09-02,87.72,96.09,100.0,0
G0005382,A00204,S002,2024-09-02,96.14,96.09,100.0,0
G0005383,A00205,S002,2024-09-02,97.0,96.09,100.0,0
G0005384,A00206,S002,2024-09-02,64.36,96.09,100.0,0
G0005385,A00207,S002,2024-09-02,96.72,96.09,100.0,0
G0005386,A00208,S002,2024-09-02,86.95,96.09,100.0,0
G0005387,A00209,S002,2024-09-02,61.05,96.09,95.83,1
G0005388,A00210,S002,2024-09-02,95.2,96.09,100.0,0
G0005389,A00201,S002,2024-09-03,153.12,153.08,100.0,0
G0005390,A00202,S002,2024-09-03,152.11,153.08,100.0,0
G0005391,A00203,S002,2024-09-03,98.79,153.08,100.0,0
G0005392,A00204,S002,2024-09-03,152.24,153.08,100.0,0
G0005393,A00205,S002,2024-09-03,152.92,153.08,100.0,0
G0005394,A00206,S002,2024-09-03,152.31,153.08,100.0,0
G0005395,A00207,S002,2024-09-03,151.46,153.08,100.0,0
G0005396,A00208,S002,2024-09-03,154.36,153.08,100.0,0
G0005397,A00209,S002,2024-09-03,152.66,153.08,100.0,0
G0005398,A00210,S002,2024-09-03,154.08,153.08,100.0,0
G0005399,A00201,S002,2024-09-04,80.56,78.8,100.0,0
G0005400,A00202,S002,2024-09-04,72.6,78.8,100.0,0
G0005401,A00203,S002,2024-09-04,79.86,78.8,100.0,0
G0005402,A00204,S002,2024-09-04,76.97,78.8,100.0,0
G0005403,A00205,S002,2024-09-04,79.71,78.8,100.0,0
G0005404,A00206,S002,2024-09-04,78.44,78.8,100.0,0
G0005405,A00207,S002,2024-09-04,62.15,78.8,100.0,0
G0005406,A00208,S002,2024-09-04,63.98,78.8,100.0,0
G0005407,A00209,S002,2024-09-04,77.39,78.8,100.0,0
G0005408,A00210,S002,2024-09-04,78.71,78.8,100.0,0
G0005409,A00201,S002,2024-09-05,63.31,64.21,100.0,0
G0005410,A00202,S002,2024-09-05,54.25,64.21,83.33,4
G0005411,A00203,S002,2024-09-05,64.95,64.21,100.0,0
G0005412,A00204,S002,2024-09-05,65.26,64.21,100.0,0
G0005413,A00205,S002,2024-09-05,64.69,64.21,100.0,0
G0005414,A00206,S002,2024-09-05,63.84,64.21,100.0,0
G0005415,A00207,S002,2024-09-05,64.78,64.21,100.0,0
G0005416,A00208,S002,2024-09-05,64.33,64.21,100.0,0
G0005417,A00209,S002,2024-09-05,60.1,64.21,91.67,2
G0005418,A00210,S002,2024-09-05,65.49,64.21,100.0,0
G0005419,A00201,S002,2024-09-06,138.42,137.82,100.0,0
G0005420,A00202,S002,2024-09-06,126.43,137.82,91.67,2
G0005421,A00203,S002,2024-09-06,138.9,137.82,100.0,0
G0005422,A00204,S002,2024-09-06,136.01,137.82,100.0,0
G0005423,A00205,S002,2024-09-06,138.59,137.82,100.0,0
G0005424,A00206,S002,2024-09-06,128.67,137.82,100.0,0
G0005425,A00207,S002,2024-09-06,137.02,137.82,100.0,0
G0005426,A00208,S002,2024-09-06,126.39,137.82,100.0,0
G0005427,A00209,S002,2024-09-06,109.56,137.82,100.0,0
G0005428,A00210,S002,2024-09-06,132.42,137.82,95.83,1
G0005429,A00201,S002,2024-09-07,79.18,121.0,100.0,0
G0005430,A00202,S002,2024-09-07,122.0,121.0,100.0,0
G0005431,A00203,S002,2024-09-07,121.49,121.0,100.0,0
G0005432,A00204,S002,2024-09-07,121.12,121.0,100.0,0
G0005433,A00205,S002,2024-09-07,122.7,121.0,100.0,0
G0005434,A00206,S002,2024-09-07,119.68,121.0,100.0,0
G0005435,A00207,S002,2024-09-07,115.24,121.0,95.83,1
G0005436,A00208,S002,2024-09-07,110.19,121.0,100.0,0
G0005437,A00209,S002,2024-09-07,120.36,121.0,100.0,0
G0005438,A00210,S002,2024-09-07,110.86,121.0,100.0,0
G0005439,A00201,S002,2024-09-08,142.17,144.16,100.0,0
G0005440,A00202,S002,2024-09-08,144.09,144.16,100.0,0
G0005441,A00203,S002,2024-09-08,133.42,144.16,100.0,0
G0005442,A00204,S002,2024-09-08,144.1,144.16,100.0,0
G0005443,A00205,S002,2024-09-08,143.27,144.16,100.0,0
G0005444,A00206,S002,2024-09-08,143.52,144.16,100.0,0
G0005445,A00207,S002,2024-09-08,144.33,144.16,100.0,0
G0005446,A00208,S002,2024-09-08,145.29,144.16,100.0,0
G0005447,A00209,S002,2024-09-08,143.94,144.16,100.0,0
G0005448,A00210,S002,2024-09-08,142.31,144.16,100.0,0
G0005449,A00201,S002,2024-09-09,133.85,146.7,100.0,0
G0005450,A00202,S002,2024-09-09,145.11,146.7,100.0,0
G0005451,A00203,S002,2024-09-09,145.26,146.7,100.0,0
G0005452,A00204,S002,2024-09-09,148.5,146.7,100.0,0
G0005453,A00205,S002,2024-09-09,140.03,146.7,95.83,1
G0005454,A00206,S002,2024-09-09,144.89,146.7,100.0,0
G0005455,A00207,S002,2024-09-09,146.52,146.7,100.0,0
G0005456,A00208,S002,2024-09-09,116.32,146.7,100.0,0
G0005457,A00209,S002,2024-09-09,140.73,146.7,95.83,1
G0005458,A00210,S002,2024-09-09,148.55,146.7,100.0,0
G0005459,A00201,S002,2024-09-10,125.64,126.06,100.0,0
G0005460,A00202,S002,2024-09-10,126.54,126.06,100.0,0
G0005461,A00203,S002,2024-09-10,125.53,126.06,100.0,0
G0005462,A00204,S002,2024-09-10,116.67,126.06,100.0,0
G0005463,A00205,S002,2024-09-10,106.04,126.06,83.33,4
G0005464,A00206,S002,2024-09-10,99.24,126.06,100.0,0
G0005465,A00207,S002,2024-09-10,127.7,126.06,100.0,0
G0005466,A00208,S002,2024-09-10,127.17,126.06,100.0,0
G0005467,A00209,S002,2024-09-10,126.68,126.06,100.0,0
G0005468,A00210,S002,2024-09-10,124.14,126.06,100.0,0
G0005469,A00201,S002,2024-09-11,128.18,128.21,100.0,0
G0005470,A00202,S002,2024-09-11,128.98,128.21,100.0,0
G0005471,A00203,S002,2024-09-11,127.48,128.21,100.0,0
G0005472,A00204,S002,2024-09-11,128.2,128.21,100.0,0
G0005473,A00205,S002,2024-09-11,126.7,128.21,100.0,0
G0005474,A00206,S002,2024-09-11,126.28,128.21,100.0,0
G0005475,A00207,S002,2024-09-11,129.59,128.21,100.0,0
G0005476,A00208,S002,2024-09-11,127.74,128.21,100.0,0
G0005477,A00209,S002,2024-09-11,128.16,128.21,100.0,0
G0005478,A00210,S002,2024-09-11,101.82,128.21,100.0,0
G0005479,A00201,S002,2024-09-12,133.14,132.49,100.0,0
G0005480,A00202,S002,2024-09-12,121.05,132.49,91.67,2
G0005481,A00203,S002,2024-09-12,66.19,132.49,50.0,12
G0005482,A00204,S002,2024-09-12,127.78,132.49,95.83,1
G0005483,A00205,S002,2024-09-12,131.0,132.49,100.0,0
G0005484,A00206,S002,2024-09-12,134.35,132.49,100.0,0
G0005485,A00207,S002,2024-09-12,131.26,132.49,100.0,0
G0005486,A00208,S002,2024-09-12,121.41,132.49,91.67,2
G0005487,A00209,S002,2024-09-12,133.89,132.49,100.0,0
G0005488,A00210,S002,2024-09-12,133.39,132.49,100.0,0
G0005489,A00201,S002,2024-09-13,39.55,46.18,83.33,4
G0005490,A00202,S002,2024-09-13,47.83,46.18,100.0,0
G0005491,A00203,S002,2024-09-13,46.69,46.18,100.0,0
G0005492,A00204,S002,2024-09-13,47.48,46.18,100.0,0
G0005493,A00205,S002,2024-09-13,40.28,46.18,83.33,4
G0005494,A00206,S002,2024-09-13,47.42,46.18,100.0,0
G0005495,A00207,S002,2024-09-13,44.74,46.18,100.0,0
G0005496,A00208,S002,2024-09-13,47.93,46.18,100.0,0
G0005497,A00209,S002,2024-09-13,48.01,46.18,100.0,0
G0005498,A00210,S002,2024-09-13,46.81,46.18,100.0,0
G0005499,A00201,S002,2024-09-14,130.42,129.19,100.0,0
G0005500,A00202,S002,2024-09-14,128.42,129.19,100.0,0
G0005501,A00203,S002,2024-09-14,128.25,129.19,100.0,0
G0005502,A00204,S002,2024-09-14,128.05,129.19,100.0,0
G0005503,A00205,S002,2024-09-14,130.89,129.19,100.0,0
G0005504,A00206,S002,2024-09-14,129.32,129.19,100.0,0
G0005505,A00207,S002,2024-09-14,122.66,129.19,95.83,1
G0005506,A00208,S002,2024-09-14,104.1,129.19,100.0,0
G0005507,A00209,S002,2024-09-14,119.43,129.19,100.0,0
G0005508,A00210,S002,2024-09-14,131.0,129.19,100.0,0
G0005509,A00201,S002,2024-09-15,117.66,118.13,100.0,0
G0005510,A00202,S002,2024-09-15,118.78,118.13,100.0,0
G0005511,A00203,S002,2024-09-15,116.37,118.13,100.0,0
G0005512,A00204,S002,2024-09-15,116.96,118.13,100.0,0
G0005513,A00205,S002,2024-09-15,119.64,118.13,100.0,0
G0005514,A00206,S002,2024-09-15,106.87,118.13,100.0,0
G0005515,A00207,S002,2024-09-15,78.69,118.13,66.67,8
G0005516,A00208,S002,2024-09-15,117.64,118.13,100.0,0
G0005517,A00209,S002,2024-09-15,118.75,118.13,100.0,0
G0005518,A00210,S002,2024-09-15,119.96,118.13,100.0,0
G0005519,A00201,S002,2024-09-16,114.99,114.99,100.0,0
G0005520,A00202,S002,2024-09-16,116.3,114.99,100.0,0
G0005521,A00203,S002,2024-09-16,116.17,114.99,100.0,0
G0005522,A00204,S002,2024-09-16,115.35,114.99,100.0,0
G0005523,A00205,S002,2024-09-16,115.73,114.99,100.0,0
G0005524,A00206,S002,2024-09-16,116.64,114.99,100.0,0
G0005525,A00207,S002,2024-09-16,92.87,114.99,100.0,0
G0005526,A00208,S002,2024-09-16,113.51,114.99,100.0,0
G0005527,A00209,S002,2024-09-16,57.88,114.99,50.0,12
G0005528,A00210,S002,2024-09-16,116.44,114.99,100.0,0
G0005529,A00201,S002,2024-09-17,121.72,122.61,100.0,0
G0005530,A00202,S002,2024-09-17,123.0,122.61,100.0,0
G0005531,A00203,S002,2024-09-17,124.1,122.61,100.0,0
G0005532,A00204,S002,2024-09-17,121.3,122.61,100.0,0
G0005533,A00205,S002,2024-09-17,122.81,122.61,100.0,0
G0005534,A00206,S002,2024-09-17,120.65,122.61,100.0,0
G0005535,A00207,S002,2024-09-17,113.48,122.61,91.67,2
G0005536,A00208,S002,2024-09-17,121.8,122.61,100.0,0
G0005537,A00209,S002,2024-09-17,122.24,122.61,100.0,0
G0005538,A00210,S002,2024-09-17,115.84,122.61,95.83,1
G0005539,A00201,S002,2024-09-18,90.48,91.83,100.0,0
G0005540,A00202,S002,2024-09-18,90.18,91.83,100.0,0
G0005541,A00203,S002,2024-09-18,91.15,91.83,100.0,0
G0005542,A00204,S002,2024-09-18,92.09,91.83,100.0,0
G0005543,A00205,S002,2024-09-18,93.26,91.83,100.0,0
G0005544,A00206,S002,2024-09-18,91.83,91.83,100.0,0
G0005545,A00207,S002,2024-09-18,86.52,91.83,95.83,1
G0005546,A00208,S002,2024-09-18,90.2,91.83,100.0,0
G0005547,A00209,S002,2024-09-18,92.37,91.83,100.0,0
G0005548,A00210,S002,2024-09-18,91.37,91.83,100.0,0
G0005549,A00201,S002,2024-09-19,69.12,73.96,95.83,1
G0005550,A00202,S002,2024-09-19,75.78,73.96,100.0,0
G0005551,A00203,S002,2024-09-19,67.62,73.96,91.67,2
G0005552,A00204,S002,2024-09-19,68.6,73.96,100.0,0
G0005553,A00205,S002,2024-09-19,72.67,73.96,100.0,0
G0005554,A00206,S002,2024-09-19,68.95,73.96,100.0,0
G0005555,A00207,S002,2024-09-19,75.88,73.96,100.0,0
G0005556,A00208,S002,2024-09-19,73.17,73.96,100.0,0
G0005557,A00209,S002,2024-09-19,73.18,73.96,100.0,0
G0005558,A00210,S002,2024-09-19,75.34,73.96,100.0,0
G0005559,A00201,S002,2024-09-20,104.34,103.96,100.0,0
G0005560,A00202,S002,2024-09-20,99.95,103.96,95.83,1
G0005561,A00203,S002,2024-09-20,102.43,103.96,100.0,0
G0005562,A00204,S002,2024-09-20,67.46,103.96,100.0,0
G0005563,A00205,S002,2024-09-20,104.93,103.96,100.0,0
G0005564,A00206,S002,2024-09-20,105.12,103.96,100.0,0
G0005565,A00207,S002,2024-09-20,103.14,103.96,100.0,0
G0005566,A00208,S002,2024-09-20,96.33,103.96,91.67,2
G0005567,A00209,S002,2024-09-20,104.7,103.96,100.0,0
G0005568,A00210,S002,2024-09-20,105.33,103.96,100.0,0
G0005569,A00201,S002,2024-09-21,83.63,84.75,100.0,0
G0005570,A00202,S002,2024-09-21,82.89,84.75,100.0,0
G0005571,A00203,S002,2024-09-21,84.58,84.75,100.0,0
G0005572,A00204,S002,2024-09-21,83.57,84.75,100.0,0
G0005573,A00205,S002,2024-09-21,83.65,84.75,100.0,0
G0005574,A00206,S002,2024-09-21,85.79,84.75,100.0,0
G0005575,A00207,S002,2024-09-21,86.54,84.75,100.0,0
G0005576,A00208,S002,2024-09-21,56.72,84.75,66.67,8
G0005577,A00209,S002,2024-09-21,84.38,84.75,100.0,0
G0005578,A00210,S002,2024-09-21,83.56,84.75,100.0,0
G0005579,A00201,S002,2024-09-22,46.95,59.93,100.0,0
G0005580,A00202,S002,2024-09-22,61.49,59.93,100.0,0
G0005581,A00203,S002,2024-09-22,51.88,59.93,83.33,4
G0005582,A00204,S002,2024-09-22,54.73,59.93,100.0,0
G0005583,A00205,S002,2024-09-22,60.08,59.93,100.0,0
G0005584,A00206,S002,2024-09-22,58.29,59.93,100.0,0
G0005585,A00207,S002,2024-09-22,58.13,59.93,100.0,0
G0005586,A00208,S002,2024-09-22,57.56,59.93,95.83,1
G0005587,A00209,S002,2024-09-22,61.05,59.93,100.0,0
G0005588,A00210,S002,2024-09-22,48.47,59.93,100.0,0
G0005589,A00201,S002,2024-09-23,106.29,105.09,100.0,0
G0005590,A00202,S002,2024-09-23,89.55,105.09,83.33,4
G0005591,A00203,S002,2024-09-23,105.0,105.09,100.0,0
G0005592,A00204,S002,2024-09-23,88.12,105.09,83.33,4
G0005593,A00205,S002,2024-09-23,103.25,105.09,100.0,0
G0005594,A00206,S002,2024-09-23,86.57,105.09,83.33,4
G0005595,A00207,S002,2024-09-23,95.05,105.09,100.0,0
G0005596,A00208,S002,2024-09-23,102.57,105.09,95.83,1
G0005597,A00209,S002,2024-09-23,88.22,105.09,83.33,4
G0005598,A00210,S002,2024-09-23,105.02,105.09,100.0,0
G0005599,A00201,S002,2024-09-24,103.51,103.24,100.0,0
G0005600,A00202,S002,2024-09-24,103.14,103.24,100.0,0
G0005601,A00203,S002,2024-09-24,102.95,103.24,100.0,0
G0005602,A00204,S002,2024-09-24,103.27,103.24,100.0,0
G0005603,A00205,S002,2024-09-24,101.41,103.24,100.0,0
G0005604,A00206,S002,2024-09-24,101.84,103.24,100.0,0
G0005605,A00207,S002,2024-09-24,103.87,103.24,100.0,0
G0005606,A00208,S002,2024-09-24,93.74,103.24,91.67,2
G0005607,A00209,S002,2024-09-24,93.26,103.24,100.0,0
G0005608,A00210,S002,2024-09-24,104.74,103.24,100.0,0
G0005609,A00201,S002,2024-09-25,54.7,55.59,100.0,0
G0005610,A00202,S002,2024-09-25,53.81,55.59,100.0,0
G0005611,A00203,S002,2024-09-25,55.76,55.59,100.0,0
G0005612,A00204,S002,2024-09-25,57.46,55.59,100.0,0
G0005613,A00205,S002,2024-09-25,51.9,55.59,100.0,0
G0005614,A00206,S002,2024-09-25,55.3,55.59,100.0,0
G0005615,A00207,S002,2024-09-25,55.19,55.59,95.83,1
G0005616,A00208,S002,2024-09-25,54.66,55.59,100.0,0
G0005617,A00209,S002,2024-09-25,56.08,55.59,100.0,0
G0005618,A00210,S002,2024-09-25,54.02,55.59,100.0,0
G0005619,A00201,S002,2024-09-26,70.5,70.22,100.0,0
G0005620,A00202,S002,2024-09-26,71.11,70.22,100.0,0
G0005621,A00203,S002,2024-09-26,72.09,70.22,100.0,0
G0005622,A00204,S002,2024-09-26,70.8,70.22,100.0,0
G0005623,A00205,S002,2024-09-26,68.86,70.22,100.0,0
G0005624,A00206,S002,2024-09-26,56.7,70.22,100.0,0
G0005625,A00207,S002,2024-09-26,69.93,70.22,100.0,0
G0005626,A00208,S002,2024-09-26,69.34,70.22,100.0,0
G0005627,A00209,S002,2024-09-26,69.55,70.22,100.0,0
G0005628,A00210,S002,2024-09-26,66.58,70.22,100.0,0
G0005629,A00201,S002,2024-09-27,91.73,93.21,100.0,0
G0005630,A00202,S002,2024-09-27,93.98,93.21,100.0,0
G0005631,A00203,S002,2024-09-27,76.44,93.21,100.0,0
G0005632,A00204,S002,2024-09-27,94.9,93.21,100.0,0
G0005633,A00205,S002,2024-09-27,94.74,93.21,100.0,0
G0005634,A00206,S002,2024-09-27,93.73,93.21,100.0,0
G0005635,A00207,S002,2024-09-27,85.83,93.21,100.0,0
G0005636,A00208,S002,2024-09-27,77.58,93.21,83.33,4
G0005637,A00209,S002,2024-09-27,92.44,93.21,100.0,0
G0005638,A00210,S002,2024-09-27,90.66,93.21,95.83,1
G0005639,A00201,S002,2024-09-28,82.92,84.42,100.0,0
G0005640,A00202,S002,2024-09-28,65.23,84.42,95.83,1
G0005641,A00203,S002,2024-09-28,82.68,84.42,100.0,0
G0005642,A00204,S002,2024-09-28,82.93,84.42,100.0,0
G0005643,A00205,S002,2024-09-28,86.3,84.42,100.0,0
G0005644,A00206,S002,2024-09-28,83.03,84.42,100.0,0
G0005645,A00207,S002,2024-09-28,82.63,84.42,100.0,0
G0005646,A00208,S002,2024-09-28,85.74,84.42,100.0,0
G0005647,A00209,S002,2024-09-28,75.98,84.42,91.67,2
G0005648,A00210,S002,2024-09-28,77.23,84.42,91.67,2
G0005649,A00201,S002,2024-09-29,145.3,144.15,100.0,0
G0005650,A00202,S002,2024-09-29,142.65,144.15,100.0,0
G0005651,A00203,S002,2024-09-29,115.76,144.15,100.0,0
G0005652,A00204,S002,2024-09-29,142.8,144.15,100.0,0
G0005653,A00205,S002,2024-09-29,134.47,144.15,100.0,0
G0005654,A00206,S002,2024-09-29,143.81,144.15,100.0,0
G0005655,A00207,S002,2024-09-29,142.48,144.15,100.0,0
G0005656,A00208,S002,2024-09-29,136.82,144.15,95.83,1
G0005657,A00209,S002,2024-09-29,132.0,144.15,91.67,2
G0005658,A00210,S002,2024-09-29,145.03,144.15,100.0,0
G0005659,A00201,S002,2024-09-30,83.47,91.13,100.0,0
G0005660,A00202,S002,2024-09-30,90.94,91.13,100.0,0
G0005661,A00203,S002,2024-09-30,90.4,91.13,100.0,0
G0005662,A00204,S002,2024-09-30,71.61,91.13,100.0,0
G0005663,A00205,S002,2024-09-30,89.71,91.13,100.0,0
G0005664,A00206,S002,2024-09-30,92.93,91.13,100.0,0
G0005665,A00207,S002,2024-09-30,91.62,91.13,100.0,0
G0005666,A00208,S002,2024-09-30,91.48,91.13,100.0,0
G0005667,A00209,S002,2024-09-30,91.82,91.13,100.0,0
G0005668,A00210,S002,2024-09-30,89.83,91.13,100.0,0
G0005669,A00201,S002,2024-10-01,80.1,81.21,100.0,0
G0005670,A00202,S002,2024-10-01,80.21,81.21,100.0,0
G0005671,A00203,S002,2024-10-01,83.16,81.21,100.0,0
G0005672,A00204,S002,2024-10-01,80.38,81.21,100.0,0
G0005673,A00205,S002,2024-10-01,81.37,81.21,100.0,0
G0005674,A00206,S002,2024-10-01,80.18,81.21,100.0,0
G0005675,A00207,S002,2024-10-01,79.4,81.21,100.0,0
G0005676,A00208,S002,2024-10-01,79.33,81.21,100.0,0
G0005677,A00209,S002,2024-10-01,81.35,81.21,100.0,0
G0005678,A00210,S002,2024-10-01,64.04,81.21,100.0,0
G0005679,A00201,S002,2024-10-02,88.32,110.94,100.0,0
G0005680,A00202,S002,2024-10-02,112.19,110.94,100.0,0
G0005681,A00203,S002,2024-10-02,112.14,110.94,100.0,0
G0005682,A00204,S002,2024-10-02,111.28,110.94,100.0,0
G0005683,A00205,S002,2024-10-02,112.48,110.94,100.0,0
G0005684,A00206,S002,2024-10-02,111.85,110.94,100.0,0
G0005685,A00207,S002,2024-10-02,75.85,110.94,83.33,4
G0005686,A00208,S002,2024-10-02,107.08,110.94,95.83,1
G0005687,A00209,S002,2024-10-02,109.42,110.94,100.0,0
G0005688,A00210,S002,2024-10-02,112.77,110.94,100.0,0
G0005689,A00201,S002,2024-10-03,121.21,122.68,100.0,0
G0005690,A00202,S002,2024-10-03,113.49,122.68,100.0,0
G0005691,A00203,S002,2024-10-03,121.2,122.68,100.0,0
G0005692,A00204,S002,2024-10-03,120.97,122.68,100.0,0
G0005693,A00205,S002,2024-10-03,122.93,122.68,100.0,0
G0005694,A00206,S002,2024-10-03,122.36,122.68,100.0,0
G0005695,A00207,S002,2024-10-03,118.31,122.68,95.83,1
G0005696,A00208,S002,2024-10-03,112.88,122.68,100.0,0
G0005697,A00209,S002,2024-10-03,120.99,122.68,100.0,0
G0005698,A00210,S002,2024-10-03,124.08,122.68,100.0,0
G0005699,A00201,S002,2024-10-04,84.25,86.1,100.0,0
G0005700,A00202,S002,2024-10-04,82.05,86.1,95.83,1
G0005701,A00203,S002,2024-10-04,86.13,86.1,100.0,0
G0005702,A00204,S002,2024-10-04,87.37,86.1,100.0,0
G0005703,A00205,S002,2024-10-04,88.07,86.1,100.0,0
G0005704,A00206,S002,2024-10-04,88.07,86.1,100.0,0
G0005705,A00207,S002,2024-10-04,86.01,86.1,100.0,0
G0005706,A00208,S002,2024-10-04,69.74,86.1,100.0,0
G0005707,A00209,S002,2024-10-04,86.31,86.1,100.0,0
G0005708,A00210,S002,2024-10-04,77.54,86.1,91.67,2
G0005709,A00201,S002,2024-10-05,132.87,134.75,100.0,0
G0005710,A00202,S002,2024-10-05,134.52,134.75,100.0,0
G0005711,A00203,S002,2024-10-05,136.71,134.75,100.0,0
G0005712,A00204,S002,2024-10-05,133.89,134.75,100.0,0
G0005713,A00205,S002,2024-10-05,123.01,134.75,100.0,0
G0005714,A00206,S002,2024-10-05,107.32,134.75,100.0,0
G0005715,A00207,S002,2024-10-05,136.22,134.75,100.0,0
G0005716,A00208,S002,2024-10-05,134.45,134.75,100.0,0
G0005717,A00209,S002,2024-10-05,135.93,134.75,100.0,0
G0005718,A00210,S002,2024-10-05,136.46,134.75,100.0,0
G0005719,A00201,S002,2024-10-06,116.33,117.79,100.0,0
G0005720,A00202,S002,2024-10-06,99.19,117.79,83.33,4
G0005721,A00203,S002,2024-10-06,117.72,117.79,100.0,0
G0005722,A00204,S002,2024-10-06,117.77,117.79,100.0,0
G0005723,A00205,S002,2024-10-06,119.15,117.79,100.0,0
G0005724,A00206,S002,2024-10-06,116.41,117.79,100.0,0
G0005725,A00207,S002,2024-10-06,116.35,117.79,100.0,0
G0005726,A00208,S002,2024-10-06,115.89,117.79,100.0,0
G0005727,A00209,S002,2024-10-06,115.92,117.79,100.0,0
G0005728,A00210,S002,2024-10-06,118.14,117.79,100.0,0
G0005729,A00201,S002,2024-10-07,158.75,159.51,100.0,0
G0005730,A00202,S002,2024-10-07,160.68,159.51,100.0,0
G0005731,A00203,S002,2024-10-07,157.75,159.51,100.0,0
G0005732,A00204,S002,2024-10-07,158.14,159.51,100.0,0
G0005733,A00205,S002,2024-10-07,95.01,159.51,91.67,2
G0005734,A00206,S002,2024-10-07,159.78,159.51,100.0,0
G0005735,A00207,S002,2024-10-07,103.33,159.51,100.0,0
G0005736,A00208,S002,2024-10-07,158.29,159.51,100.0,0
G0005737,A00209,S002,2024-10-07,158.09,159.51,100.0,0
G0005738,A00210,S002,2024-10-07,157.73,159.51,100.0,0
G0005739,A00201,S002,2024-10-08,120.58,120.78,100.0,0
G0005740,A00202,S002,2024-10-08,98.96,120.78,83.33,4
G0005741,A00203,S002,2024-10-08,119.83,120.78,100.0,0
G0005742,A00204,S002,2024-10-08,122.22,120.78,100.0,0
G0005743,A00205,S002,2024-10-08,120.39,120.78,100.0,0
G0005744,A00206,S002,2024-10-08,119.5,120.78,100.0,0
G0005745,A00207,S002,2024-10-08,121.86,120.78,100.0,0
G0005746,A00208,S002,2024-10-08,120.3,120.78,100.0,0
G0005747,A00209,S002,2024-10-08,120.34,120.78,100.0,0
G0005748,A00210,S002,2024-10-08,122.21,120.78,100.0,0
G0005749,A00201,S002,2024-10-09,119.11,118.94,100.0,0
G0005750,A00202,S002,2024-10-09,118.78,118.94,100.0,0
G0005751,A00203,S002,2024-10-09,120.71,118.94,100.0,0
G0005752,A00204,S002,2024-10-09,102.99,118.94,95.83,1
G0005753,A00205,S002,2024-10-09,120.19,118.94,100.0,0
G0005754,A00206,S002,2024-10-09,117.93,118.94,100.0,0
G0005755,A00207,S002,2024-10-09,117.99,118.94,100.0,0
G0005756,A00208,S002,2024-10-09,109.69,118.94,100.0,0
G0005757,A00209,S002,2024-10-09,120.15,118.94,100.0,0
G0005758,A00210,S002,2024-10-09,108.94,118.94,100.0,0
G0005759,A00201,S002,2024-10-10,69.54,70.38,100.0,0
G0005760,A00202,S002,2024-10-10,68.75,70.38,100.0,0
G0005761,A00203,S002,2024-10-10,71.81,70.38,100.0,0
G0005762,A00204,S002,2024-10-10,72.18,70.38,100.0,0
G0005763,A00205,S002,2024-10-10,69.01,70.38,100.0,0
G0005764,A00206,S002,2024-10-10,68.39,70.38,100.0,0
G0005765,A00207,S002,2024-10-10,68.39,70.38,100.0,0
G0005766,A00208,S002,2024-10-10,71.99,70.38,100.0,0
G0005767,A00209,S002,2024-10-10,70.22,70.38,100.0,0
G0005768,A00210,S002,2024-10-10,71.62,70.38,100.0,0
G0005769,A00201,S002,2024-10-11,95.27,93.36,100.0,0
G0005770,A00202,S002,2024-10-11,92.43,93.36,100.0,0
G0005771,A00203,S002,2024-10-11,73.75,93.36,100.0,0
G0005772,A00204,S002,2024-10-11,74.79,93.36,100.0,0
G0005773,A00205,S002,2024-10-11,95.36,93.36,100.0,0
G0005774,A00206,S002,2024-10-11,95.22,93.36,100.0,0
G0005775,A00207,S002,2024-10-11,92.03,93.36,100.0,0
G0005776,A00208,S002,2024-10-11,91.62,93.36,100.0,0
G0005777,A00209,S002,2024-10-11,95.15,93.36,100.0,0
G0005778,A00210,S002,2024-10-11,91.47,93.36,100.0,0
G0005779,A00201,S002,2024-10-12,119.56,120.01,100.0,0
G0005780,A00202,S002,2024-10-12,121.81,120.01,100.0,0
G0005781,A00203,S002,2024-10-12,109.92,120.01,100.0,0
G0005782,A00204,S002,2024-10-12,119.09,120.01,100.0,0
G0005783,A00205,S002,2024-10-12,120.61,120.01,100.0,0
G0005784,A00206,S002,2024-10-12,79.69,120.01,100.0,0
G0005785,A00207,S002,2024-10-12,119.79,120.01,100.0,0
G0005786,A00208,S002,2024-10-12,119.93,120.01,100.0,0
G0005787,A00209,S002,2024-10-12,118.82,120.01,100.0,0
G0005788,A00210,S002,2024-10-12,118.45,120.01,100.0,0
G0005789,A00201,S002,2024-10-13,77.38,118.93,66.67,8
G0005790,A00202,S002,2024-10-13,120.71,118.93,100.0,0
G0005791,A00203,S002,2024-10-13,118.72,118.93,100.0,0
G0005792,A00204,S002,2024-10-13,118.14,118.93,100.0,0
G0005793,A00205,S002,2024-10-13,118.3,118.93,100.0,0
G0005794,A00206,S002,2024-10-13,77.22,118.93,100.0,0
G0005795,A00207,S002,2024-10-13,118.37,118.93,100.0,0
G0005796,A00208,S002,2024-10-13,113.22,118.93,95.83,1
G0005797,A00209,S002,2024-10-13,119.43,118.93,100.0,0
G0005798,A00210,S002,2024-10-13,117.37,118.93,100.0,0
G0005799,A00201,S002,2024-10-14,112.43,113.22,100.0,0
G0005800,A00202,S002,2024-10-14,103.76,113.22,91.67,2
G0005801,A00203,S002,2024-10-14,104.77,113.22,91.67,2
G0005802,A00204,S002,2024-10-14,114.65,113.22,100.0,0
G0005803,A00205,S002,2024-10-14,114.68,113.22,100.0,0
G0005804,A00206,S002,2024-10-14,111.59,113.22,100.0,0
G0005805,A00207,S002,2024-10-14,59.48,113.22,66.67,8
G0005806,A00208,S002,2024-10-14,114.89,113.22,100.0,0
G0005807,A00209,S002,2024-10-14,103.24,113.22,91.67,2
G0005808,A00210,S002,2024-10-14,105.46,113.22,100.0,0
G0005809,A00201,S002,2024-10-15,148.03,147.68,100.0,0
G0005810,A00202,S002,2024-10-15,134.43,147.68,91.67,2
G0005811,A00203,S002,2024-10-15,148.46,147.68,100.0,0
G0005812,A00204,S002,2024-10-15,149.59,147.68,100.0,0
G0005813,A00205,S002,2024-10-15,149.18,147.68,100.0,0
G0005814,A00206,S002,2024-10-15,147.58,147.68,100.0,0
G0005815,A00207,S002,2024-10-15,147.26,147.68,100.0,0
G0005816,A00208,S002,2024-10-15,146.97,147.68,100.0,0
G0005817,A00209,S002,2024-10-15,145.78,147.68,100.0,0
G0005818,A00210,S002,2024-10-15,145.87,147.68,100.0,0
G0005819,A00201,S002,2024-10-16,90.14,91.85,100.0,0
G0005820,A00202,S002,2024-10-16,90.88,91.85,100.0,0
G0005821,A00203,S002,2024-10-16,91.9,91.85,100.0,0
G0005822,A00204,S002,2024-10-16,90.03,91.85,100.0,0
G0005823,A00205,S002,2024-10-16,90.62,91.85,100.0,0
G0005824,A00206,S002,2024-10-16,92.14,91.85,100.0,0
G0005825,A00207,S002,2024-10-16,75.13,91.85,100.0,0
G0005826,A00208,S002,2024-10-16,90.63,91.85,100.0,0
G0005827,A00209,S002,2024-10-16,90.9,91.85,100.0,0
G0005828,A00210,S002,2024-10-16,73.34,91.85,100.0,0
G0005829,A00201,S002,2024-10-17,84.6,84.18,100.0,0
G0005830,A00202,S002,2024-10-17,54.91,84.18,100.0,0
G0005831,A00203,S002,2024-10-17,82.51,84.18,100.0,0
G0005832,A00204,S002,2024-10-17,84.1,84.18,100.0,0
G0005833,A00205,S002,2024-10-17,66.24,84.18,100.0,0
G0005834,A00206,S002,2024-10-17,82.65,84.18,100.0,0
G0005835,A00207,S002,2024-10-17,82.94,84.18,100.0,0
G0005836,A00208,S002,2024-10-17,85.57,84.18,100.0,0
G0005837,A00209,S002,2024-10-17,83.08,84.18,100.0,0
G0005838,A00210,S002,2024-10-17,83.09,84.18,100.0,0
G0005839,A00201,S002,2024-10-18,147.7,147.88,100.0,0
G0005840,A00202,S002,2024-10-18,147.73,147.88,100.0,0
G0005841,A00203,S002,2024-10-18,149.27,147.88,100.0,0
G0005842,A00204,S002,2024-10-18,148.34,147.88,100.0,0
G0005843,A00205,S002,2024-10-18,147.0,147.88,100.0,0
G0005844,A00206,S002,2024-10-18,147.6,147.88,100.0,0
G0005845,A00207,S002,2024-10-18,149.37,147.88,100.0,0
G0005846,A00208,S002,2024-10-18,146.77,147.88,100.0,0
G0005847,A00209,S002,2024-10-18,147.96,147.88,100.0,0
G0005848,A00210,S002,2024-10-18,147.22,147.88,100.0,0
G0005849,A00201,S002,2024-10-19,77.33,82.08,95.83,1
G0005850,A00202,S002,2024-10-19,80.77,82.08,100.0,0
G0005851,A00203,S002,2024-10-19,82.93,82.08,100.0,0
G0005852,A00204,S002,2024-10-19,80.75,82.08,100.0,0
G0005853,A00205,S002,2024-10-19,62.51,82.08,95.83,1
G0005854,A00206,S002,2024-10-19,81.27,82.08,100.0,0
G0005855,A00207,S002,2024-10-19,81.46,82.08,100.0,0
G0005856,A00208,S002,2024-10-19,83.16,82.08,100.0,0
G0005857,A00209,S002,2024-10-19,67.18,82.08,83.33,4
G0005858,A00210,S002,2024-10-19,62.19,82.08,83.33,4
G0005859,A00201,S002,2024-10-20,87.59,89.33,100.0,0
G0005860,A00202,S002,2024-10-20,47.47,89.33,66.67,8
G0005861,A00203,S002,2024-10-20,88.75,89.33,100.0,0
G0005862,A00204,S002,2024-10-20,87.75,89.33,100.0,0
G0005863,A00205,S002,2024-10-20,87.97,89.33,100.0,0
G0005864,A00206,S002,2024-10-20,88.78,89.33,100.0,0
G0005865,A00207,S002,2024-10-20,72.26,89.33,100.0,0
G0005866,A00208,S002,2024-10-20,89.88,89.33,100.0,0
G0005867,A00209,S002,2024-10-20,72.82,89.33,100.0,0
G0005868,A00210,S002,2024-10-20,82.92,89.33,100.0,0
G0005869,A00201,S002,2024-10-21,80.83,122.51,66.67,8
G0005870,A00202,S002,2024-10-21,120.53,122.51,100.0,0
G0005871,A00203,S002,2024-10-21,121.06,122.51,100.0,0
G0005872,A00204,S002,2024-10-21,123.23,122.51,100.0,0
G0005873,A00205,S002,2024-10-21,124.06,122.51,100.0,0
G0005874,A00206,S002,2024-10-21,123.43,122.51,100.0,0
G0005875,A00207,S002,2024-10-21,120.58,122.51,100.0,0
G0005876,A00208,S002,2024-10-21,115.86,122.51,95.83,1
G0005877,A00209,S002,2024-10-21,121.02,122.51,100.0,0
G0005878,A00210,S002,2024-10-21,120.56,122.51,100.0,0
G0005879,A00201,S002,2024-10-22,103.23,105.21,100.0,0
G0005880,A00202,S002,2024-10-22,106.72,105.21,100.0,0
G0005881,A00203,S002,2024-10-22,106.44,105.21,100.0,0
G0005882,A00204,S002,2024-10-22,68.71,105.21,66.67,8
G0005883,A00205,S002,2024-10-22,106.7,105.21,100.0,0
G0005884,A00206,S002,2024-10-22,106.81,105.21,100.0,0
G0005885,A00207,S002,2024-10-22,106.12,105.21,100.0,0
G0005886,A00208,S002,2024-10-22,95.81,105.21,100.0,0
G0005887,A00209,S002,2024-10-22,83.73,105.21,100.0,0
G0005888,A00210,S002,2024-10-22,103.34,105.21,100.0,0
G0005889,A00201,S002,2024-10-23,150.64,151.01,100.0,0
G0005890,A00202,S002,2024-10-23,126.03,151.01,91.67,2
G0005891,A00203,S002,2024-10-23,151.63,151.01,100.0,0
G0005892,A00204,S002,2024-10-23,151.83,151.01,100.0,0
G0005893,A00205,S002,2024-10-23,150.33,151.01,100.0,0
G0005894,A00206,S002,2024-10-23,149.99,151.01,100.0,0
G0005895,A00207,S002,2024-10-23,122.55,151.01,100.0,0
G0005896,A00208,S002,2024-10-23,150.84,151.01,100.0,0
G0005897,A00209,S002,2024-10-23,150.09,151.01,100.0,0
G0005898,A00210,S002,2024-10-23,151.0,151.01,100.0,0
G0005899,A00201,S002,2024-10-24,86.07,87.6,100.0,0
G0005900,A00202,S002,2024-10-24,87.63,87.6,100.0,0
G0005901,A00203,S002,2024-10-24,87.78,87.6,100.0,0
G0005902,A00204,S002,2024-10-24,89.54,87.6,100.0,0
G0005903,A00205,S002,2024-10-24,68.16,87.6,100.0,0
G0005904,A00206,S002,2024-10-24,82.16,87.6,100.0,0
G0005905,A00207,S002,2024-10-24,86.08,87.6,100.0,0
G0005906,A00208,S002,2024-10-24,81.97,87.6,100.0,0
G0005907,A00209,S002,2024-10-24,89.18,87.6,100.0,0
G0005908,A00210,S002,2024-10-24,71.16,87.6,100.0,0
G0005909,A00201,S002,2024-10-25,149.44,150.16,100.0,0
G0005910,A00202,S002,2024-10-25,136.57,150.16,100.0,0
G0005911,A00203,S002,2024-10-25,150.35,150.16,100.0,0
G0005912,A00204,S002,2024-10-25,149.8,150.16,100.0,0
G0005913,A00205,S002,2024-10-25,145.37,150.16,95.83,1
G0005914,A00206,S002,2024-10-25,75.36,150.16,50.0,12
G0005915,A00207,S002,2024-10-25,150.01,150.16,100.0,0
G0005916,A00208,S002,2024-10-25,149.55,150.16,100.0,0
G0005917,A00209,S002,2024-10-25,148.98,150.16,100.0,0
G0005918,A00210,S002,2024-10-25,148.4,150.16,100.0,0
G0005919,A00201,S002,2024-10-26,137.22,135.66,100.0,0
G0005920,A00202,S002,2024-10-26,137.62,135.66,100.0,0
G0005921,A00203,S002,2024-10-26,134.13,135.66,100.0,0
G0005922,A00204,S002,2024-10-26,136.22,135.66,100.0,0
G0005923,A00205,S002,2024-10-26,129.88,135.66,95.83,1
G0005924,A00206,S002,2024-10-26,126.1,135.66,91.67,2
G0005925,A00207,S002,2024-10-26,135.75,135.66,100.0,0
G0005926,A00208,S002,2024-10-26,135.08,135.66,100.0,0
G0005927,A00209,S002,2024-10-26,137.52,135.66,100.0,0
G0005928,A00210,S002,2024-10-26,136.27,135.66,100.0,0
G0005929,A00201,S002,2024-10-27,57.71,56.07,100.0,0
G0005930,A00202,S002,2024-10-27,56.06,56.07,100.0,0
G0005931,A00203,S002,2024-10-27,57.2,56.07,100.0,0
G0005932,A00204,S002,2024-10-27,55.32,56.07,100.0,0
G0005933,A00205,S002,2024-10-27,57.27,56.07,100.0,0
G0005934,A00206,S002,2024-10-27,55.68,56.07,100.0,0
G0005935,A00207,S002,2024-10-27,55.61,56.07,100.0,0
G0005936,A00208,S002,2024-10-27,55.26,56.07,100.0,0
G0005937,A00209,S002,2024-10-27,56.83,56.07,100.0,0
G0005938,A00210,S002,2024-10-27,55.43,56.07,100.0,0
G0005939,A00201,S002,2024-10-28,92.35,99.34,100.0,0
G0005940,A00202,S002,2024-10-28,101.2,99.34,100.0,0
G0005941,A00203,S002,2024-10-28,100.36,99.34,100.0,0
G0005942,A00204,S002,2024-10-28,101.28,99.34,100.0,0
G0005943,A00205,S002,2024-10-28,101.32,99.34,100.0,0
G0005944,A00206,S002,2024-10-28,100.7,99.34,100.0,0
G0005945,A00207,S002,2024-10-28,100.02,99.34,100.0,0
G0005946,A00208,S002,2024-10-28,98.89,99.34,100.0,0
G0005947,A00209,S002,2024-10-28,90.65,99.34,100.0,0
G0005948,A00210,S002,2024-10-28,99.47,99.34,100.0,0
G0005949,A00201,S002,2024-10-29,119.97,121.21,100.0,0
G0005950,A00202,S002,2024-10-29,121.43,121.21,100.0,0
G0005951,A00203,S002,2024-10-29,119.56,121.21,100.0,0
G0005952,A00204,S002,2024-10-29,112.72,121.21,100.0,0
G0005953,A00205,S002,2024-10-29,121.99,121.21,100.0,0
G0005954,A00206,S002,2024-10-29,121.01,121.21,100.0,0
G0005955,A00207,S002,2024-10-29,123.08,121.21,100.0,0
G0005956,A00208,S002,2024-10-29,120.91,121.21,100.0,0
G0005957,A00209,S002,2024-10-29,117.0,121.21,95.83,1
G0005958,A00210,S002,2024-10-29,123.16,121.21,100.0,0
G0005959,A00201,S002,2024-10-30,88.9,112.3,100.0,0
G0005960,A00202,S002,2024-10-30,112.18,112.3,100.0,0
G0005961,A00203,S002,2024-10-30,112.56,112.3,100.0,0
G0005962,A00204,S002,2024-10-30,88.43,112.3,100.0,0
G0005963,A00205,S002,2024-10-30,111.97,112.3,100.0,0
G0005964,A00206,S002,2024-10-30,110.92,112.3,100.0,0
G0005965,A00207,S002,2024-10-30,106.57,112.3,95.83,1
G0005966,A00208,S002,2024-10-30,111.43,112.3,100.0,0
G0005967,A00209,S002,2024-10-30,114.05,112.3,100.0,0
G0005968,A00210,S002,2024-10-30,90.16,112.3,100.0,0
G0005969,A00201,S002,2024-10-31,102.24,101.81,100.0,0
G0005970,A00202,S002,2024-10-31,93.91,101.81,91.67,2
G0005971,A00203,S002,2024-10-31,102.71,101.81,100.0,0
G0005972,A00204,S002,2024-10-31,99.93,101.81,100.0,0
G0005973,A00205,S002,2024-10-31,102.08,101.81,100.0,0
G0005974,A00206,S002,2024-10-31,64.24,101.81,66.67,8
G0005975,A00207,S002,2024-10-31,95.12,101.81,91.67,2
G0005976,A00208,S002,2024-10-31,103.61,101.81,100.0,0
G0005977,A00209,S002,2024-10-31,102.24,101.81,100.0,0
G0005978,A00210,S002,2024-10-31,95.0,101.81,91.67,2
G0005979,A00201,S002,2024-11-01,76.03,75.58,100.0,0
G0005980,A00202,S002,2024-11-01,71.18,75.58,100.0,0
G0005981,A00203,S002,2024-11-01,74.35,75.58,100.0,0
G0005982,A00204,S002,2024-11-01,76.52,75.58,100.0,0
G0005983,A00205,S002,2024-11-01,75.89,75.58,100.0,0
G0005984,A00206,S002,2024-11-01,73.59,75.58,100.0,0
G0005985,A00207,S002,2024-11-01,74.27,75.58,100.0,0
G0005986,A00208,S002,2024-11-01,65.14,75.58,95.83,1
G0005987,A00209,S002,2024-11-01,76.57,75.58,100.0,0
G0005988,A00210,S002,2024-11-01,76.06,75.58,100.0,0
G0005989,A00201,S002,2024-11-02,28.09,28.49,100.0,0
G0005990,A00202,S002,2024-11-02,29.26,28.49,100.0,0
G0005991,A00203,S002,2024-11-02,14.1,28.49,83.33,4
G0005992,A00204,S002,2024-11-02,25.24,28.49,100.0,0
G0005993,A00205,S002,2024-11-02,27.04,28.49,100.0,0
G0005994,A00206,S002,2024-11-02,28.76,28.49,100.0,0
G0005995,A00207,S002,2024-11-02,30.03,28.49,100.0,0
G0005996,A00208,S002,2024-11-02,27.52,28.49,100.0,0
G0005997,A00209,S002,2024-11-02,27.36,28.49,100.0,0
G0005998,A00210,S002,2024-11-02,28.68,28.49,100.0,0
G0005999,A00201,S002,2024-11-03,64.05,64.22,100.0,0
G0006000,A00202,S002,2024-11-03,44.43,64.22,66.67,8
G0006001,A00203,S002,2024-11-03,49.99,64.22,100.0,0
G0006002,A00204,S002,2024-11-03,64.61,64.22,100.0,0
G0006003,A00205,S002,2024-11-03,40.13,64.22,66.67,8
G0006004,A00206,S002,2024-11-03,62.69,64.22,100.0,0
G0006005,A00207,S002,2024-11-03,57.38,64.22,100.0,0
G0006006,A00208,S002,2024-11-03,65.13,64.22,100.0,0
G0006007,A00209,S002,2024-11-03,62.51,64.22,100.0,0
G0006008,A00210,S002,2024-11-03,66.21,64.22,100.0,0
G0006009,A00201,S002,2024-11-04,48.57,51.14,100.0,0
G0006010,A00202,S002,2024-11-04,26.31,51.14,50.0,12
G0006011,A00203,S002,2024-11-04,49.47,51.14,100.0,0
G0006012,A00204,S002,2024-11-04,49.48,51.14,100.0,0
G0006013,A00205,S002,2024-11-04,51.23,51.14,100.0,0
G0006014,A00206,S002,2024-11-04,50.74,51.14,100.0,0
G0006015,A00207,S002,2024-11-04,51.06,51.14,100.0,0
G0006016,A00208,S002,2024-11-04,52.45,51.14,100.0,0
G0006017,A00209,S002,2024-11-04,51.33,51.14,100.0,0
G0006018,A00210,S002,2024-11-04,51.94,51.14,100.0,0
G0006019,A00201,S002,2024-11-05,60.73,75.56,100.0,0
G0006020,A00202,S002,2024-11-05,73.67,75.56,100.0,0
G0006021,A00203,S002,2024-11-05,76.22,75.56,100.0,0
G0006022,A00204,S002,2024-11-05,76.06,75.56,100.0,0
G0006023,A00205,S002,2024-11-05,73.61,75.56,100.0,0
G0006024,A00206,S002,2024-11-05,68.97,75.56,100.0,0
G0006025,A00207,S002,2024-11-05,75.4,75.56,100.0,0
G0006026,A00208,S002,2024-11-05,61.01,75.56,100.0,0
G0006027,A00209,S002,2024-11-05,76.55,75.56,100.0,0
G0006028,A00210,S002,2024-11-05,68.18,75.56,100.0,0
G0006029,A00201,S002,2024-11-06,25.15,26.82,100.0,0
G0006030,A00202,S002,2024-11-06,26.58,26.82,100.0,0
G0006031,A00203,S002,2024-11-06,26.29,26.82,100.0,0
G0006032,A00204,S002,2024-11-06,15.16,26.82,50.0,12
G0006033,A00205,S002,2024-11-06,25.83,26.82,100.0,0
G0006034,A00206,S002,2024-11-06,27.95,26.82,100.0,0
G0006035,A00207,S002,2024-11-06,27.53,26.82,100.0,0
G0006036,A00208,S002,2024-11-06,21.9,26.82,91.67,2
G0006037,A00209,S002,2024-11-06,26.03,26.82,100.0,0
G0006038,A00210,S002,2024-11-06,27.28,26.82,100.0,0
G0006039,A00201,S002,2024-11-07,51.33,62.67,100.0,0
G0006040,A00202,S002,2024-11-07,63.37,62.67,100.0,0
G0006041,A00203,S002,2024-11-07,63.14,62.67,100.0,0
G0006042,A00204,S002,2024-11-07,63.73,62.67,100.0,0
G0006043,A00205,S002,2024-11-07,50.67,62.67,83.33,4
G0006044,A00206,S002,2024-11-07,51.78,62.67,100.0,0
G0006045,A00207,S002,2024-11-07,59.51,62.67,100.0,0
G0006046,A00208,S002,2024-11-07,58.1,62.67,100.0,0
G0006047,A00209,S002,2024-11-07,63.95,62.67,100.0,0
G0006048,A00210,S002,2024-11-07,61.15,62.67,100.0,0
G0006049,A00201,S002,2024-11-08,62.24,77.64,100.0,0
G0006050,A00202,S002,2024-11-08,78.27,77.64,100.0,0
G0006051,A00203,S002,2024-11-08,79.43,77.64,100.0,0
G0006052,A00204,S002,2024-11-08,76.97,77.64,100.0,0
G0006053,A00205,S002,2024-11-08,79.12,77.64,100.0,0
G0006054,A00206,S002,2024-11-08,69.58,77.64,91.67,2
G0006055,A00207,S002,2024-11-08,60.74,77.64,83.33,4
G0006056,A00208,S002,2024-11-08,77.8,77.64,100.0,0
G0006057,A00209,S002,2024-11-08,77.97,77.64,100.0,0
G0006058,A00210,S002,2024-11-08,64.89,77.64,83.33,4
G0006059,A00201,S002,2024-11-09,71.54,72.19,100.0,0
G0006060,A00202,S002,2024-11-09,72.68,72.19,100.0,0
G0006061,A00203,S002,2024-11-09,67.77,72.19,100.0,0
G0006062,A00204,S002,2024-11-09,72.01,72.19,100.0,0
G0006063,A00205,S002,2024-11-09,57.08,72.19,100.0,0
G0006064,A00206,S002,2024-11-09,67.45,72.19,100.0,0
G0006065,A00207,S002,2024-11-09,73.86,72.19,100.0,0
G0006066,A00208,S002,2024-11-09,59.72,72.19,100.0,0
G0006067,A00209,S002,2024-11-09,64.43,72.19,100.0,0
G0006068,A00210,S002,2024-11-09,72.01,72.19,100.0,0
G0006069,A00201,S002,2024-11-10,79.89,81.45,100.0,0
G0006070,A00202,S002,2024-11-10,82.6,81.45,100.0,0
G0006071,A00203,S002,2024-11-10,82.13,81.45,100.0,0
G0006072,A00204,S002,2024-11-10,74.1,81.45,91.67,2
G0006073,A00205,S002,2024-11-10,82.26,81.45,100.0,0
G0006074,A00206,S002,2024-11-10,63.69,81.45,95.83,1
G0006075,A00207,S002,2024-11-10,81.52,81.45,100.0,0
G0006076,A00208,S002,2024-11-10,66.02,81.45,83.33,4
G0006077,A00209,S002,2024-11-10,64.13,81.45,100.0,0
G0006078,A00210,S002,2024-11-10,63.87,81.45,100.0,0
G0006079,A00201,S002,2024-11-11,24.27,25.08,100.0,0
G0006080,A00202,S002,2024-11-11,23.33,25.08,100.0,0
G0006081,A00203,S002,2024-11-11,25.25,25.08,100.0,0
G0006082,A00204,S002,2024-11-11,26.69,25.08,100.0,0
G0006083,A00205,S002,2024-11-11,22.74,25.08,100.0,0
G0006084,A00206,S002,2024-11-11,25.48,25.08,95.83,1
G0006085,A00207,S002,2024-11-11,24.81,25.08,100.0,0
G0006086,A00208,S002,2024-11-11,23.19,25.08,100.0,0
G0006087,A00209,S002,2024-11-11,24.43,25.08,100.0,0
G0006088,A00210,S002,2024-11-11,25.9,25.08,100.0,0
G0006089,A00201,S002,2024-11-12,32.93,32.07,100.0,0
G0006090,A00202,S002,2024-11-12,33.63,32.07,100.0,0
G0006091,A00203,S002,2024-11-12,20.64,32.07,100.0,0
G0006092,A00204,S002,2024-11-12,32.75,32.07,100.0,0
G0006093,A00205,S002,2024-11-12,32.29,32.07,100.0,0
G0006094,A00206,S002,2024-11-12,33.53,32.07,100.0,0
G0006095,A00207,S002,2024-11-12,33.54,32.07,100.0,0
G0006096,A00208,S002,2024-11-12,19.35,32.07,100.0,0
G0006097,A00209,S002,2024-11-12,30.29,32.07,95.83,1
G0006098,A00210,S002,2024-11-12,31.42,32.07,100.0,0
G0006099,A00201,S002,2024-11-13,57.05,55.4,100.0,0
G0006100,A00202,S002,2024-11-13,57.28,55.4,100.0,0
G0006101,A00203,S002,2024-11-13,55.54,55.4,100.0,0
G0006102,A00204,S002,2024-11-13,56.65,55.4,100.0,0
G0006103,A00205,S002,2024-11-13,45.64,55.4,83.33,4
G0006104,A00206,S002,2024-11-13,54.9,55.4,95.83,1
G0006105,A00207,S002,2024-11-13,50.96,55.4,100.0,0
G0006106,A00208,S002,2024-11-13,54.25,55.4,100.0,0
G0006107,A00209,S002,2024-11-13,53.64,55.4,100.0,0
G0006108,A00210,S002,2024-11-13,56.07,55.4,100.0,0
G0006109,A00201,S002,2024-11-14,48.55,47.39,100.0,0
G0006110,A00202,S002,2024-11-14,46.76,47.39,100.0,0
G0006111,A00203,S002,2024-11-14,48.55,47.39,100.0,0
G0006112,A00204,S002,2024-11-14,33.16,47.39,66.67,8
G0006113,A00205,S002,2024-11-14,45.81,47.39,100.0,0
G0006114,A00206,S002,2024-11-14,41.88,47.39,100.0,0
G0006115,A00207,S002,2024-11-14,46.53,47.39,100.0,0
G0006116,A00208,S002,2024-11-14,48.76,47.39,100.0,0
G0006117,A00209,S002,2024-11-14,46.58,47.39,100.0,0
G0006118,A00210,S002,2024-11-14,36.97,47.39,100.0,0
G0006119,A00201,S002,2024-11-15,49.91,64.07,100.0,0
G0006120,A00202,S002,2024-11-15,65.74,64.07,100.0,0
G0006121,A00203,S002,2024-11-15,60.51,64.07,100.0,0
G0006122,A00204,S002,2024-11-15,51.59,64.07,100.0,0
G0006123,A00205,S002,2024-11-15,50.94,64.07,100.0,0
G0006124,A00206,S002,2024-11-15,64.45,64.07,100.0,0
G0006125,A00207,S002,2024-11-15,49.44,64.07,100.0,0
G0006126,A00208,S002,2024-11-15,64.85,64.07,100.0,0
G0006127,A00209,S002,2024-11-15,60.2,64.07,91.67,2
G0006128,A00210,S002,2024-11-15,63.77,64.07,100.0,0
G0006129,A00201,S002,2024-11-16,116.88,118.41,100.0,0
G0006130,A00202,S002,2024-11-16,119.64,118.41,100.0,0
G0006131,A00203,S002,2024-11-16,119.03,118.41,100.0,0
G0006132,A00204,S002,2024-11-16,120.4,118.41,100.0,0
G0006133,A00205,S002,2024-11-16,118.89,118.41,100.0,0
G0006134,A00206,S002,2024-11-16,107.73,118.41,91.67,2
G0006135,A00207,S002,2024-11-16,118.69,118.41,100.0,0
G0006136,A00208,S002,2024-11-16,120.0,118.41,100.0,0
G0006137,A00209,S002,2024-11-16,119.25,118.41,100.0,0
G0006138,A00210,S002,2024-11-16,119.91,118.41,100.0,0
G0006139,A00201,S002,2024-11-17,75.98,75.03,100.0,0
G0006140,A00202,S002,2024-11-17,73.27,75.03,100.0,0
G0006141,A00203,S002,2024-11-17,76.93,75.03,100.0,0
G0006142,A00204,S002,2024-11-17,74.28,75.03,100.0,0
G0006143,A00205,S002,2024-11-17,73.4,75.03,100.0,0
G0006144,A00206,S002,2024-11-17,74.21,75.03,100.0,0
G0006145,A00207,S002,2024-11-17,76.25,75.03,100.0,0
G0006146,A00208,S002,2024-11-17,76.55,75.03,100.0,0
G0006147,A00209,S002,2024-11-17,75.21,75.03,100.0,0
G0006148,A00210,S002,2024-11-17,68.47,75.03,100.0,0
G0006149,A00201,S002,2024-11-18,78.54,123.84,100.0,0
G0006150,A00202,S002,2024-11-18,80.24,123.84,100.0,0
G0006151,A00203,S002,2024-11-18,124.15,123.84,100.0,0
G0006152,A00204,S002,2024-11-18,124.05,123.84,100.0,0
G0006153,A00205,S002,2024-11-18,123.26,123.84,100.0,0
G0006154,A00206,S002,2024-11-18,121.95,123.84,100.0,0
G0006155,A00207,S002,2024-11-18,112.29,123.84,100.0,0
G0006156,A00208,S002,2024-11-18,113.24,123.84,100.0,0
G0006157,A00209,S002,2024-11-18,112.28,123.84,100.0,0
G0006158,A00210,S002,2024-11-18,124.81,123.84,100.0,0
G0006159,A00201,S002,2024-11-19,116.21,115.47,100.0,0
G0006160,A00202,S002,2024-11-19,115.65,115.47,100.0,0
G0006161,A00203,S002,2024-11-19,113.98,115.47,100.0,0
G0006162,A00204,S002,2024-11-19,115.94,115.47,100.0,0
G0006163,A00205,S002,2024-11-19,117.44,115.47,100.0,0
G0006164,A00206,S002,2024-11-19,106.47,115.47,100.0,0
G0006165,A00207,S002,2024-11-19,115.69,115.47,100.0,0
G0006166,A00208,S002,2024-11-19,116.18,115.47,100.0,0
G0006167,A00209,S002,2024-11-19,116.77,115.47,100.0,0
G0006168,A00210,S002,2024-11-19,115.52,115.47,100.0,0
G0006169,A00201,S002,2024-11-20,90.63,88.79,100.0,0
G0006170,A00202,S002,2024-11-20,81.29,88.79,100.0,0
G0006171,A00203,S002,2024-11-20,72.56,88.79,100.0,0
G0006172,A00204,S002,2024-11-20,82.83,88.79,91.67,2
G0006173,A00205,S002,2024-11-20,89.27,88.79,100.0,0
G0006174,A00206,S002,2024-11-20,86.94,88.79,100.0,0
G0006175,A00207,S002,2024-11-20,87.62,88.79,100.0,0
G0006176,A00208,S002,2024-11-20,56.81,88.79,100.0,0
G0006177,A00209,S002,2024-11-20,90.63,88.79,100.0,0
G0006178,A00210,S002,2024-11-20,84.66,88.79,95.83,1
G0006179,A00201,S002,2024-11-21,31.67,33.07,100.0,0
G0006180,A00202,S002,2024-11-21,31.54,33.07,100.0,0
G0006181,A00203,S002,2024-11-21,33.64,33.07,100.0,0
G0006182,A00204,S002,2024-11-21,27.14,33.07,100.0,0
G0006183,A00205,S002,2024-11-21,33.83,33.07,100.0,0
G0006184,A00206,S002,2024-11-21,31.82,33.07,100.0,0
G0006185,A00207,S002,2024-11-21,29.24,33.07,100.0,0
G0006186,A00208,S002,2024-11-21,31.07,33.07,95.83,1
G0006187,A00209,S002,2024-11-21,34.41,33.07,100.0,0
G0006188,A00210,S002,2024-11-21,33.93,33.07,100.0,0
G0006189,A00201,S002,2024-11-22,109.35,108.07,100.0,0
G0006190,A00202,S002,2024-11-22,97.69,108.07,100.0,0
G0006191,A00203,S002,2024-11-22,106.81,108.07,100.0,0
G0006192,A00204,S002,2024-11-22,107.7,108.07,100.0,0
G0006193,A00205,S002,2024-11-22,109.6,108.07,100.0,0
G0006194,A00206,S002,2024-11-22,109.58,108.07,100.0,0
G0006195,A00207,S002,2024-11-22,106.1,108.07,100.0,0
G0006196,A00208,S002,2024-11-22,109.63,108.07,100.0,0
G0006197,A00209,S002,2024-11-22,107.57,108.07,100.0,0
G0006198,A00210,S002,2024-11-22,110.07,108.07,100.0,0
G0006199,A00201,S002,2024-11-23,53.52,54.27,100.0,0
G0006200,A00202,S002,2024-11-23,54.25,54.27,100.0,0
G0006201,A00203,S002,2024-11-23,53.05,54.27,100.0,0
G0006202,A00204,S002,2024-11-23,56.08,54.27,100.0,0
G0006203,A00205,S002,2024-11-23,53.92,54.27,100.0,0
G0006204,A00206,S002,2024-11-23,55.87,54.27,100.0,0
G0006205,A00207,S002,2024-11-23,55.12,54.27,100.0,0
G0006206,A00208,S002,2024-11-23,52.79,54.27,100.0,0
G0006207,A00209,S002,2024-11-23,55.83,54.27,100.0,0
G0006208,A00210,S002,2024-11-23,53.31,54.27,100.0,0
G0006209,A00201,S002,2024-11-24,63.12,64.41,100.0,0
G0006210,A00202,S002,2024-11-24,63.93,64.41,100.0,0
G0006211,A00203,S002,2024-11-24,62.82,64.41,100.0,0
G0006212,A00204,S002,2024-11-24,63.91,64.41,100.0,0
G0006213,A00205,S002,2024-11-24,65.41,64.41,100.0,0
G0006214,A00206,S002,2024-11-24,63.49,64.41,100.0,0
G0006215,A00207,S002,2024-11-24,61.32,64.41,95.83,1
G0006216,A00208,S002,2024-11-24,66.11,64.41,100.0,0
G0006217,A00209,S002,2024-11-24,34.89,64.41,83.33,4
G0006218,A00210,S002,2024-11-24,63.57,64.41,100.0,0
G0006219,A00201,S002,2024-11-25,108.54,107.39,100.0,0
G0006220,A00202,S002,2024-11-25,105.74,107.39,100.0,0
G0006221,A00203,S002,2024-11-25,84.52,107.39,100.0,0
G0006222,A00204,S002,2024-11-25,71.1,107.39,83.33,4
G0006223,A00205,S002,2024-11-25,103.68,107.39,95.83,1
G0006224,A00206,S002,2024-11-25,108.37,107.39,100.0,0
G0006225,A00207,S002,2024-11-25,107.53,107.39,100.0,0
G0006226,A00208,S002,2024-11-25,81.63,107.39,95.83,1
G0006227,A00209,S002,2024-11-25,86.25,107.39,100.0,0
G0006228,A00210,S002,2024-11-25,105.73,107.39,100.0,0
G0006229,A00201,S002,2024-11-26,61.29,59.87,100.0,0
G0006230,A00202,S002,2024-11-26,56.15,59.87,91.67,2
G0006231,A00203,S002,2024-11-26,60.85,59.87,100.0,0
G0006232,A00204,S002,2024-11-26,59.55,59.87,100.0,0
G0006233,A00205,S002,2024-11-26,55.52,59.87,91.67,2
G0006234,A00206,S002,2024-11-26,58.6,59.87,100.0,0
G0006235,A00207,S002,2024-11-26,59.42,59.87,100.0,0
G0006236,A00208,S002,2024-11-26,57.0,59.87,100.0,0
G0006237,A00209,S002,2024-11-26,61.75,59.87,100.0,0
G0006238,A00210,S002,2024-11-26,59.87,59.87,100.0,0
G0006239,A00201,S002,2024-11-27,95.66,112.73,91.67,2
G0006240,A00202,S002,2024-11-27,113.38,112.73,100.0,0
G0006241,A00203,S002,2024-11-27,111.67,112.73,100.0,0
G0006242,A00204,S002,2024-11-27,112.93,112.73,100.0,0
G0006243,A00205,S002,2024-11-27,103.77,112.73,100.0,0
G0006244,A00206,S002,2024-11-27,91.59,112.73,100.0,0
G0006245,A00207,S002,2024-11-27,114.59,112.73,100.0,0
G0006246,A00208,S002,2024-11-27,113.27,112.73,100.0,0
G0006247,A00209,S002,2024-11-27,113.68,112.73,100.0,0
G0006248,A00210,S002,2024-11-27,75.06,112.73,100.0,0
G0006249,A00201,S002,2024-11-28,56.08,59.44,100.0,0
G0006250,A00202,S002,2024-11-28,58.04,59.44,100.0,0
G0006251,A00203,S002,2024-11-28,60.0,59.44,100.0,0
G0006252,A00204,S002,2024-11-28,60.29,59.44,100.0,0
G0006253,A00205,S002,2024-11-28,59.66,59.44,100.0,0
G0006254,A00206,S002,2024-11-28,60.98,59.44,100.0,0
G0006255,A00207,S002,2024-11-28,47.44,59.44,100.0,0
G0006256,A00208,S002,2024-11-28,60.97,59.44,100.0,0
G0006257,A00209,S002,2024-11-28,61.39,59.44,100.0,0
G0006258,A00210,S002,2024-11-28,55.85,59.44,100.0,0
G0006259,A00201,S002,2024-11-29,34.46,36.16,100.0,0
G0006260,A00202,S002,2024-11-29,36.75,36.16,100.0,0
G0006261,A00203,S002,2024-11-29,15.6,36.16,50.0,12
G0006262,A00204,S002,2024-11-29,34.85,36.16,100.0,0
G0006263,A00205,S002,2024-11-29,36.49,36.16,95.83,1
G0006264,A00206,S002,2024-11-29,34.7,36.16,100.0,0
G0006265,A00207,S002,2024-11-29,30.12,36.16,83.33,4
G0006266,A00208,S002,2024-11-29,36.86,36.16,100.0,0
G0006267,A00209,S002,2024-11-29,36.03,36.16,100.0,0
G0006268,A00210,S002,2024-11-29,35.13,36.16,100.0,0
G0006269,A00201,S002,2024-11-30,69.53,70.88,100.0,0
G0006270,A00202,S002,2024-11-30,54.94,70.88,100.0,0
G0006271,A00203,S002,2024-11-30,69.47,70.88,100.0,0
G0006272,A00204,S002,2024-11-30,59.97,70.88,91.67,2
G0006273,A00205,S002,2024-11-30,45.91,70.88,100.0,0
G0006274,A00206,S002,2024-11-30,65.32,70.88,100.0,0
G0006275,A00207,S002,2024-11-30,68.93,70.88,100.0,0
G0006276,A00208,S002,2024-11-30,71.9,70.88,100.0,0
G0006277,A00209,S002,2024-11-30,48.49,70.88,66.67,8
G0006278,A00210,S002,2024-11-30,70.92,70.88,100.0,0
G0006279,A00201,S002,2024-12-01,42.08,42.08,100.0,0
G0006280,A00202,S002,2024-12-01,43.94,42.08,100.0,0
G0006281,A00203,S002,2024-12-01,42.46,42.08,100.0,0
G0006282,A00204,S002,2024-12-01,41.3,42.08,100.0,0
G0006283,A00205,S002,2024-12-01,42.55,42.08,100.0,0
G0006284,A00206,S002,2024-12-01,42.78,42.08,100.0,0
G0006285,A00207,S002,2024-12-01,40.62,42.08,100.0,0
G0006286,A00208,S002,2024-12-01,43.18,42.08,100.0,0
G0006287,A00209,S002,2024-12-01,42.43,42.08,100.0,0
G0006288,A00210,S002,2024-12-01,43.76,42.08,100.0,0
G0006289,A00201,S002,2024-12-02,110.29,109.85,100.0,0
G0006290,A00202,S002,2024-12-02,110.82,109.85,100.0,0
G0006291,A00203,S002,2024-12-02,107.08,109.85,95.83,1
G0006292,A00204,S002,2024-12-02,110.3,109.85,100.0,0
G0006293,A00205,S002,2024-12-02,72.42,109.85,100.0,0
G0006294,A00206,S002,2024-12-02,109.37,109.85,100.0,0
G0006295,A00207,S002,2024-12-02,110.44,109.85,100.0,0
G0006296,A00208,S002,2024-12-02,108.34,109.85,100.0,0
G0006297,A00209,S002,2024-12-02,110.38,109.85,100.0,0
G0006298,A00210,S002,2024-12-02,109.28,109.85,100.0,0
G0006299,A00201,S002,2024-12-03,108.45,108.71,100.0,0
G0006300,A00202,S002,2024-12-03,110.49,108.71,100.0,0
G0006301,A00203,S002,2024-12-03,87.05,108.71,100.0,0
G0006302,A00204,S002,2024-12-03,97.1,108.71,95.83,1
G0006303,A00205,S002,2024-12-03,109.03,108.71,100.0,0
G0006304,A00206,S002,2024-12-03,108.6,108.71,100.0,0
G0006305,A00207,S002,2024-12-03,98.04,108.71,100.0,0
G0006306,A00208,S002,2024-12-03,107.72,108.71,100.0,0
G0006307,A00209,S002,2024-12-03,107.78,108.71,100.0,0
G0006308,A00210,S002,2024-12-03,102.68,108.71,95.83,1
G0006309,A00201,S002,2024-12-04,31.69,41.47,100.0,0
G0006310,A00202,S002,2024-12-04,37.79,41.47,95.83,1
G0006311,A00203,S002,2024-12-04,42.67,41.47,100.0,0
G0006312,A00204,S002,2024-12-04,33.88,41.47,100.0,0
G0006313,A00205,S002,2024-12-04,41.63,41.47,100.0,0
G0006314,A00206,S002,2024-12-04,40.95,41.47,100.0,0
G0006315,A00207,S002,2024-12-04,42.23,41.47,100.0,0
G0006316,A00208,S002,2024-12-04,42.63,41.47,100.0,0
G0006317,A00209,S002,2024-12-04,39.59,41.47,100.0,0
G0006318,A00210,S002,2024-12-04,36.94,41.47,100.0,0
G0006319,A00201,S002,2024-12-05,46.48,57.97,100.0,0
G0006320,A00202,S002,2024-12-05,56.85,57.97,100.0,0
G0006321,A00203,S002,2024-12-05,54.8,57.97,91.67,2
G0006322,A00204,S002,2024-12-05,53.87,57.97,95.83,1
G0006323,A00205,S002,2024-12-05,58.01,57.97,100.0,0
G0006324,A00206,S002,2024-12-05,57.35,57.97,100.0,0
G0006325,A00207,S002,2024-12-05,56.09,57.97,100.0,0
G0006326,A00208,S002,2024-12-05,59.61,57.97,100.0,0
G0006327,A00209,S002,2024-12-05,56.12,57.97,100.0,0
G0006328,A00210,S002,2024-12-05,57.64,57.97,100.0,0
G0006329,A00201,S002,2024-12-06,100.55,99.65,100.0,0
G0006330,A00202,S002,2024-12-06,98.99,99.65,100.0,0
G0006331,A00203,S002,2024-12-06,98.26,99.65,100.0,0
G0006332,A00204,S002,2024-12-06,101.28,99.65,100.0,0
G0006333,A00205,S002,2024-12-06,99.31,99.65,100.0,0
G0006334,A00206,S002,2024-12-06,100.04,99.65,100.0,0
G0006335,A00207,S002,2024-12-06,99.39,99.65,100.0,0
G0006336,A00208,S002,2024-12-06,97.89,99.65,100.0,0
G0006337,A00209,S002,2024-12-06,101.06,99.65,100.0,0
G0006338,A00210,S002,2024-12-06,99.52,99.65,100.0,0
G0006339,A00201,S002,2024-12-07,45.9,46.05,100.0,0
G0006340,A00202,S002,2024-12-07,46.97,46.05,100.0,0
G0006341,A00203,S002,2024-12-07,44.91,46.05,100.0,0
G0006342,A00204,S002,2024-12-07,47.24,46.05,100.0,0
G0006343,A00205,S002,2024-12-07,46.25,46.05,100.0,0
G0006344,A00206,S002,2024-12-07,47.04,46.05,100.0,0
G0006345,A00207,S002,2024-12-07,45.29,46.05,100.0,0
G0006346,A00208,S002,2024-12-07,47.6,46.05,100.0,0
G0006347,A00209,S002,2024-12-07,45.48,46.05,100.0,0
G0006348,A00210,S002,2024-12-07,44.18,46.05,91.67,2
G0006349,A00201,S002,2024-12-08,26.86,25.2,100.0,0
G0006350,A00202,S002,2024-12-08,27.0,25.2,100.0,0
G0006351,A00203,S002,2024-12-08,26.46,25.2,100.0,0
G0006352,A00204,S002,2024-12-08,21.5,25.2,100.0,0
G0006353,A00205,S002,2024-12-08,27.04,25.2,100.0,0
G0006354,A00206,S002,2024-12-08,23.43,25.2,100.0,0
G0006355,A00207,S002,2024-12-08,22.67,25.2,95.83,1
G0006356,A00208,S002,2024-12-08,24.95,25.2,100.0,0
G0006357,A00209,S002,2024-12-08,25.37,25.2,100.0,0
G0006358,A00210,S002,2024-12-08,25.57,25.2,100.0,0
G0006359,A00201,S002,2024-12-09,60.05,58.77,100.0,0
G0006360,A00202,S002,2024-12-09,58.35,58.77,100.0,0
G0006361,A00203,S002,2024-12-09,58.82,58.77,100.0,0
G0006362,A00204,S002,2024-12-09,57.89,58.77,100.0,0
G0006363,A00205,S002,2024-12-09,50.7,58.77,83.33,4
G0006364,A00206,S002,2024-12-09,56.44,58.77,95.83,1
G0006365,A00207,S002,2024-12-09,60.05,58.77,100.0,0
G0006366,A00208,S002,2024-12-09,54.09,58.77,100.0,0
G0006367,A00209,S002,2024-12-09,58.09,58.77,100.0,0
G0006368,A00210,S002,2024-12-09,56.78,58.77,100.0,0
G0006369,A00201,S002,2024-12-10,45.52,45.19,100.0,0
G0006370,A00202,S002,2024-12-10,42.05,45.19,95.83,1
G0006371,A00203,S002,2024-12-10,28.32,45.19,100.0,0
G0006372,A00204,S002,2024-12-10,47.11,45.19,100.0,0
G0006373,A00205,S002,2024-12-10,46.89,45.19,100.0,0
G0006374,A00206,S002,2024-12-10,43.36,45.19,100.0,0
G0006375,A00207,S002,2024-12-10,44.08,45.19,100.0,0
G0006376,A00208,S002,2024-12-10,46.05,45.19,100.0,0
G0006377,A00209,S002,2024-12-10,45.25,45.19,100.0,0
G0006378,A00210,S002,2024-12-10,40.24,45.19,100.0,0
G0006379,A00201,S002,2024-12-11,45.76,49.07,95.83,1
G0006380,A00202,S002,2024-12-11,50.92,49.07,100.0,0
G0006381,A00203,S002,2024-12-11,50.06,49.07,100.0,0
G0006382,A00204,S002,2024-12-11,49.34,49.07,100.0,0
G0006383,A00205,S002,2024-12-11,50.2,49.07,100.0,0
G0006384,A00206,S002,2024-12-11,47.32,49.07,95.83,1
G0006385,A00207,S002,2024-12-11,50.4,49.07,100.0,0
G0006386,A00208,S002,2024-12-11,48.8,49.07,100.0,0
G0006387,A00209,S002,2024-12-11,47.11,49.07,100.0,0
G0006388,A00210,S002,2024-12-11,43.79,49.07,91.67,2
G0006389,A00201,S002,2024-12-12,7.14,9.6,100.0,0
G0006390,A00202,S002,2024-12-12,8.49,9.6,91.67,2
G0006391,A00203,S002,2024-12-12,8.16,9.6,100.0,0
G0006392,A00204,S002,2024-12-12,11.45,9.6,100.0,0
G0006393,A00205,S002,2024-12-12,9.7,9.6,95.83,1
G0006394,A00206,S002,2024-12-12,5.09,9.6,100.0,0
G0006395,A00207,S002,2024-12-12,7.66,9.6,100.0,0
G0006396,A00208,S002,2024-12-12,9.4,9.6,100.0,0
G0006397,A00209,S002,2024-12-12,10.36,9.6,100.0,0
G0006398,A00210,S002,2024-12-12,7.04,9.6,66.67,8
G0006399,A00201,S002,2024-12-13,22.92,22.99,100.0,0
G0006400,A00202,S002,2024-12-13,21.43,22.99,100.0,0
G0006401,A00203,S002,2024-12-13,23.15,22.99,100.0,0
G0006402,A00204,S002,2024-12-13,23.66,22.99,100.0,0
G0006403,A00205,S002,2024-12-13,24.36,22.99,100.0,0
G0006404,A00206,S002,2024-12-13,22.42,22.99,100.0,0
G0006405,A00207,S002,2024-12-13,23.87,22.99,100.0,0
G0006406,A00208,S002,2024-12-13,21.45,22.99,100.0,0
G0006407,A00209,S002,2024-12-13,23.21,22.99,100.0,0
G0006408,A00210,S002,2024-12-13,16.2,22.99,100.0,0
G0006409,A00201,S002,2024-12-14,35.41,33.55,100.0,0
G0006410,A00202,S002,2024-12-14,32.11,33.55,100.0,0
G0006411,A00203,S002,2024-12-14,33.62,33.55,100.0,0
G0006412,A00204,S002,2024-12-14,34.3,33.55,100.0,0
G0006413,A00205,S002,2024-12-14,34.73,33.55,100.0,0
G0006414,A00206,S002,2024-12-14,31.85,33.55,100.0,0
G0006415,A00207,S002,2024-12-14,33.37,33.55,95.83,1
G0006416,A00208,S002,2024-12-14,32.85,33.55,100.0,0
G0006417,A00209,S002,2024-12-14,31.76,33.55,95.83,1
G0006418,A00210,S002,2024-12-14,34.86,33.55,100.0,0
G0006419,A00201,S002,2024-12-15,75.92,75.69,100.0,0
G0006420,A00202,S002,2024-12-15,69.03,75.69,100.0,0
G0006421,A00203,S002,2024-12-15,77.62,75.69,100.0,0
G0006422,A00204,S002,2024-12-15,73.76,75.69,100.0,0
G0006423,A00205,S002,2024-12-15,70.24,75.69,100.0,0
G0006424,A00206,S002,2024-12-15,70.34,75.69,100.0,0
G0006425,A00207,S002,2024-12-15,75.26,75.69,100.0,0
G0006426,A00208,S002,2024-12-15,73.87,75.69,100.0,0
G0006427,A00209,S002,2024-12-15,74.25,75.69,100.0,0
G0006428,A00210,S002,2024-12-15,74.87,75.69,100.0,0
G0006429,A00201,S002,2024-12-16,46.41,47.89,100.0,0
G0006430,A00202,S002,2024-12-16,40.94,47.89,83.33,4
G0006431,A00203,S002,2024-12-16,47.63,47.89,100.0,0
G0006432,A00204,S002,2024-12-16,46.97,47.89,100.0,0
G0006433,A00205,S002,2024-12-16,46.42,47.89,95.83,1
G0006434,A00206,S002,2024-12-16,46.39,47.89,100.0,0
G0006435,A00207,S002,2024-12-16,47.85,47.89,100.0,0
G0006436,A00208,S002,2024-12-16,47.34,47.89,100.0,0
G0006437,A00209,S002,2024-12-16,40.77,47.89,83.33,4
G0006438,A00210,S002,2024-12-16,46.7,47.89,100.0,0
G0006439,A00201,S002,2024-12-17,39.18,38.71,100.0,0
G0006440,A00202,S002,2024-12-17,35.53,38.71,95.83,1
G0006441,A00203,S002,2024-12-17,36.74,38.71,100.0,0
G0006442,A00204,S002,2024-12-17,37.5,38.71,100.0,0
G0006443,A00205,S002,2024-12-17,38.19,38.71,100.0,0
G0006444,A00206,S002,2024-12-17,31.46,38.71,100.0,0
G0006445,A00207,S002,2024-12-17,39.61,38.71,100.0,0
G0006446,A00208,S002,2024-12-17,37.29,38.71,100.0,0
G0006447,A00209,S002,2024-12-17,39.68,38.71,100.0,0
G0006448,A00210,S002,2024-12-17,39.5,38.71,100.0,0
G0006449,A00201,S002,2024-12-18,71.87,71.09,100.0,0
G0006450,A00202,S002,2024-12-18,65.26,71.09,100.0,0
G0006451,A00203,S002,2024-12-18,71.84,71.09,100.0,0
G0006452,A00204,S002,2024-12-18,69.55,71.09,100.0,0
G0006453,A00205,S002,2024-12-18,71.06,71.09,100.0,0
G0006454,A00206,S002,2024-12-18,62.74,71.09,95.83,1
G0006455,A00207,S002,2024-12-18,58.09,71.09,100.0,0
G0006456,A00208,S002,2024-12-18,72.98,71.09,100.0,0
G0006457,A00209,S002,2024-12-18,72.11,71.09,100.0,0
G0006458,A00210,S002,2024-12-18,71.1,71.09,100.0,0
G0006459,A00201,S002,2024-12-19,131.78,131.77,100.0,0
G0006460,A00202,S002,2024-12-19,133.74,131.77,100.0,0
G0006461,A00203,S002,2024-12-19,132.76,131.77,100.0,0
G0006462,A00204,S002,2024-12-19,130.04,131.77,100.0,0
G0006463,A00205,S002,2024-12-19,130.51,131.77,100.0,0
G0006464,A00206,S002,2024-12-19,131.11,131.77,100.0,0
G0006465,A00207,S002,2024-12-19,133.62,131.77,100.0,0
G0006466,A00208,S002,2024-12-19,87.74,131.77,66.67,8
G0006467,A00209,S002,2024-12-19,130.28,131.77,100.0,0
G0006468,A00210,S002,2024-12-19,132.55,131.77,100.0,0
G0006469,A00201,S002,2024-12-20,85.58,84.3,100.0,0
G0006470,A00202,S002,2024-12-20,83.05,84.3,100.0,0
G0006471,A00203,S002,2024-12-20,82.81,84.3,100.0,0
G0006472,A00204,S002,2024-12-20,78.4,84.3,100.0,0
G0006473,A00205,S002,2024-12-20,66.32,84.3,100.0,0
G0006474,A00206,S002,2024-12-20,82.62,84.3,100.0,0
G0006475,A00207,S002,2024-12-20,85.76,84.3,100.0,0
G0006476,A00208,S002,2024-12-20,83.54,84.3,100.0,0
G0006477,A00209,S002,2024-12-20,84.74,84.3,100.0,0
G0006478,A00210,S002,2024-12-20,83.74,84.3,100.0,0
G0006479,A00201,S002,2024-12-21,80.05,87.16,100.0,0
G0006480,A00202,S002,2024-12-21,88.32,87.16,100.0,0
G0006481,A00203,S002,2024-12-21,87.14,87.16,100.0,0
G0006482,A00204,S002,2024-12-21,87.36,87.16,100.0,0
G0006483,A00205,S002,2024-12-21,87.18,87.16,100.0,0
G0006484,A00206,S002,2024-12-21,88.95,87.16,100.0,0
G0006485,A00207,S002,2024-12-21,86.62,87.16,100.0,0
G0006486,A00208,S002,2024-12-21,86.98,87.16,100.0,0
G0006487,A00209,S002,2024-12-21,88.77,87.16,100.0,0
G0006488,A00210,S002,2024-12-21,79.04,87.16,100.0,0
G0006489,A00201,S002,2024-12-22,107.02,117.66,91.67,2
G0006490,A00202,S002,2024-12-22,119.43,117.66,100.0,0
G0006491,A00203,S002,2024-12-22,112.34,117.66,95.83,1
G0006492,A00204,S002,2024-12-22,117.65,117.66,100.0,0
G0006493,A00205,S002,2024-12-22,75.89,117.66,100.0,0
G0006494,A00206,S002,2024-12-22,119.51,117.66,100.0,0
G0006495,A00207,S002,2024-12-22,116.28,117.66,100.0,0
G0006496,A00208,S002,2024-12-22,117.82,117.66,100.0,0
G0006497,A00209,S002,2024-12-22,119.09,117.66,100.0,0
G0006498,A00210,S002,2024-12-22,98.27,117.66,83.33,4
G0006499,A00201,S002,2024-12-23,70.73,75.12,100.0,0
G0006500,A00202,S002,2024-12-23,76.47,75.12,100.0,0
G0006501,A00203,S002,2024-12-23,74.73,75.12,100.0,0
G0006502,A00204,S002,2024-12-23,69.28,75.12,100.0,0
G0006503,A00205,S002,2024-12-23,75.73,75.12,100.0,0
G0006504,A00206,S002,2024-12-23,38.47,75.12,50.0,12
G0006505,A00207,S002,2024-12-23,39.43,75.12,50.0,12
G0006506,A00208,S002,2024-12-23,49.48,75.12,66.67,8
G0006507,A00209,S002,2024-12-23,76.61,75.12,100.0,0
G0006508,A00210,S002,2024-12-23,75.01,75.12,100.0,0
G0006509,A00201,S002,2024-12-24,83.55,106.47,100.0,0
G0006510,A00202,S002,2024-12-24,108.17,106.47,100.0,0
G0006511,A00203,S002,2024-12-24,107.31,106.47,100.0,0
G0006512,A00204,S002,2024-12-24,105.45,106.47,100.0,0
G0006513,A00205,S002,2024-12-24,107.52,106.47,100.0,0
G0006514,A00206,S002,2024-12-24,102.33,106.47,95.83,1
G0006515,A00207,S002,2024-12-24,106.44,106.47,100.0,0
G0006516,A00208,S002,2024-12-24,106.7,106.47,100.0,0
G0006517,A00209,S002,2024-12-24,106.41,106.47,100.0,0
G0006518,A00210,S002,2024-12-24,107.56,106.47,100.0,0
G0006519,A00201,S002,2024-12-25,67.86,69.33,100.0,0
G0006520,A00202,S002,2024-12-25,69.29,69.33,100.0,0
G0006521,A00203,S002,2024-12-25,67.71,69.33,100.0,0
G0006522,A00204,S002,2024-12-25,69.44,69.33,100.0,0
G0006523,A00205,S002,2024-12-25,70.37,69.33,100.0,0
G0006524,A00206,S002,2024-12-25,67.34,69.33,100.0,0
G0006525,A00207,S002,2024-12-25,59.51,69.33,83.33,4
G0006526,A00208,S002,2024-12-25,66.29,69.33,95.83,1
G0006527,A00209,S002,2024-12-25,70.54,69.33,100.0,0
G0006528,A00210,S002,2024-12-25,59.4,69.33,83.33,4
G0006529,A00201,S002,2024-12-26,57.85,58.3,100.0,0
G0006530,A00202,S002,2024-12-26,56.78,58.3,100.0,0
G0006531,A00203,S002,2024-12-26,58.03,58.3,100.0,0
G0006532,A00204,S002,2024-12-26,59.5,58.3,100.0,0
G0006533,A00205,S002,2024-12-26,57.37,58.3,100.0,0
G0006534,A00206,S002,2024-12-26,40.25,58.3,66.67,8
G0006535,A00207,S002,2024-12-26,58.78,58.3,100.0,0
G0006536,A00208,S002,2024-12-26,54.35,58.3,95.83,1
G0006537,A00209,S002,2024-12-26,59.64,58.3,100.0,0
G0006538,A00210,S002,2024-12-26,57.03,58.3,100.0,0
G0006539,A00201,S002,2024-12-27,91.54,91.4,100.0,0
G0006540,A00202,S002,2024-12-27,89.54,91.4,100.0,0
G0006541,A00203,S002,2024-12-27,90.2,91.4,100.0,0
G0006542,A00204,S002,2024-12-27,74.56,91.4,100.0,0
G0006543,A00205,S002,2024-12-27,90.25,91.4,100.0,0
G0006544,A00206,S002,2024-12-27,83.18,91.4,100.0,0
G0006545,A00207,S002,2024-12-27,90.0,91.4,100.0,0
G0006546,A00208,S002,2024-12-27,92.6,91.4,100.0,0
G0006547,A00209,S002,2024-12-27,92.59,91.4,100.0,0
G0006548,A00210,S002,2024-12-27,90.94,91.4,100.0,0
G0006549,A00201,S002,2024-12-28,26.1,27.02,100.0,0
G0006550,A00202,S002,2024-12-28,26.31,27.02,100.0,0
G0006551,A00203,S002,2024-12-28,25.12,27.02,100.0,0
G0006552,A00204,S002,2024-12-28,27.61,27.02,100.0,0
G0006553,A00205,S002,2024-12-28,24.96,27.02,100.0,0
G0006554,A00206,S002,2024-12-28,24.93,27.02,95.83,1
G0006555,A00207,S002,2024-12-28,26.42,27.02,100.0,0
G0006556,A00208,S002,2024-12-28,24.7,27.02,91.67,2
G0006557,A00209,S002,2024-12-28,21.94,27.02,100.0,0
G0006558,A00210,S002,2024-12-28,27.43,27.02,100.0,0
G0006559,A00201,S002,2024-12-29,54.32,55.49,100.0,0
G0006560,A00202,S002,2024-12-29,51.18,55.49,95.83,1
G0006561,A00203,S002,2024-12-29,56.31,55.49,100.0,0
G0006562,A00204,S002,2024-12-29,56.44,55.49,100.0,0
G0006563,A00205,S002,2024-12-29,55.62,55.49,100.0,0
G0006564,A00206,S002,2024-12-29,54.65,55.49,100.0,0
G0006565,A00207,S002,2024-12-29,56.25,55.49,100.0,0
G0006566,A00208,S002,2024-12-29,45.97,55.49,83.33,4
G0006567,A00209,S002,2024-12-29,49.59,55.49,100.0,0
G0006568,A00210,S002,2024-12-29,55.39,55.49,100.0,0
G0006569,A00201,S002,2024-12-30,34.03,35.82,100.0,0
G0006570,A00202,S002,2024-12-30,34.0,35.82,100.0,0
G0006571,A00203,S002,2024-12-30,32.26,35.82,100.0,0
G0006572,A00204,S002,2024-12-30,31.37,35.82,83.33,4
G0006573,A00205,S002,2024-12-30,34.6,35.82,100.0,0
G0006574,A00206,S002,2024-12-30,34.87,35.82,100.0,0
G0006575,A00207,S002,2024-12-30,32.44,35.82,100.0,0
G0006576,A00208,S002,2024-12-30,37.24,35.82,100.0,0
G0006577,A00209,S002,2024-12-30,36.85,35.82,100.0,0
G0006578,A00210,S002,2024-12-30,36.86,35.82,100.0,0
G0006579,A00201,S002,2024-12-31,85.49,84.11,100.0,0
G0006580,A00202,S002,2024-12-31,82.75,84.11,100.0,0
G0006581,A00203,S002,2024-12-31,78.98,84.11,95.83,1
G0006582,A00204,S002,2024-12-31,83.96,84.11,100.0,0
G0006583,A00205,S002,2024-12-31,83.3,84.11,100.0,0
G0006584,A00206,S002,2024-12-31,68.92,84.11,100.0,0
G0006585,A00207,S002,2024-12-31,82.14,84.11,100.0,0
G0006586,A00208,S002,2024-12-31,67.24,84.11,100.0,0
G0006587,A00209,S002,2024-12-31,83.73,84.11,100.0,0
G0006588,A00210,S002,2024-12-31,83.82,84.11,100.0,0
G0006589,A00301,S003,2024-01-01,391.9,390.97,100.0,0
G0006590,A00302,S003,2024-01-01,389.99,390.97,100.0,0
G0006591,A00303,S003,2024-01-01,392.69,390.97,100.0,0
G0006592,A00304,S003,2024-01-01,392.44,390.97,100.0,0
G0006593,A00305,S003,2024-01-01,391.03,390.97,100.0,0
G0006594,A00306,S003,2024-01-01,359.91,390.97,100.0,0
G0006595,A00307,S003,2024-01-01,390.53,390.97,100.0,0
G0006596,A00308,S003,2024-01-01,312.49,390.97,100.0,0
G0006597,A00301,S003,2024-01-02,91.46,148.78,66.67,8
G0006598,A00302,S003,2024-01-02,93.03,148.78,95.83,1
G0006599,A00303,S003,2024-01-02,57.65,148.78,50.0,12
G0006600,A00304,S003,2024-01-02,149.63,148.78,100.0,0
G0006601,A00305,S003,2024-01-02,147.0,148.78,100.0,0
G0006602,A00306,S003,2024-01-02,137.47,148.78,100.0,0
G0006603,A00307,S003,2024-01-02,149.27,148.78,100.0,0
G0006604,A00308,S003,2024-01-02,120.31,148.78,100.0,0
G0006605,A00301,S003,2024-01-03,232.27,232.51,100.0,0
G0006606,A00302,S003,2024-01-03,233.73,232.51,100.0,0
G0006607,A00303,S003,2024-01-03,231.34,232.51,100.0,0
G0006608,A00304,S003,2024-01-03,214.42,232.51,100.0,0
G0006609,A00305,S003,2024-01-03,185.31,232.51,100.0,0
G0006610,A00306,S003,2024-01-03,234.3,232.51,100.0,0
G0006611,A00307,S003,2024-01-03,152.55,232.51,100.0,0
G0006612,A00308,S003,2024-01-03,213.11,232.51,100.0,0
G0006613,A00301,S003,2024-01-04,223.03,232.6,95.83,1
G0006614,A00302,S003,2024-01-04,232.38,232.6,100.0,0
G0006615,A00303,S003,2024-01-04,214.34,232.6,100.0,0
G0006616,A00304,S003,2024-01-04,233.47,232.6,100.0,0
G0006617,A00305,S003,2024-01-04,231.02,232.6,100.0,0
G0006618,A00306,S003,2024-01-04,234.04,232.6,100.0,0
G0006619,A00307,S003,2024-01-04,234.33,232.6,100.0,0
G0006620,A00308,S003,2024-01-04,212.39,232.6,100.0,0
G0006621,A00301,S003,2024-01-05,322.23,321.33,100.0,0
G0006622,A00302,S003,2024-01-05,319.55,321.33,100.0,0
G0006623,A00303,S003,2024-01-05,322.74,321.33,100.0,0
G0006624,A00304,S003,2024-01-05,321.34,321.33,100.0,0
G0006625,A00305,S003,2024-01-05,322.63,321.33,100.0,0
G0006626,A00306,S003,2024-01-05,322.29,321.33,100.0,0
G0006627,A00307,S003,2024-01-05,321.37,321.33,100.0,0
G0006628,A00308,S003,2024-01-05,320.49,321.33,100.0,0
G0006629,A00301,S003,2024-01-06,160.59,160.19,100.0,0
G0006630,A00302,S003,2024-01-06,146.17,160.19,91.67,2
G0006631,A00303,S003,2024-01-06,161.04,160.19,100.0,0
G0006632,A00304,S003,2024-01-06,159.39,160.19,100.0,0
G0006633,A00305,S003,2024-01-06,160.16,160.19,100.0,0
G0006634,A00306,S003,2024-01-06,155.03,160.19,95.83,1
G0006635,A00307,S003,2024-01-06,161.6,160.19,100.0,0
G0006636,A00308,S003,2024-01-06,160.57,160.19,100.0,0
G0006637,A00301,S003,2024-01-07,179.3,275.55,100.0,0
G0006638,A00302,S003,2024-01-07,277.14,275.55,100.0,0
G0006639,A00303,S003,2024-01-07,275.26,275.55,100.0,0
G0006640,A00304,S003,2024-01-07,276.19,275.55,100.0,0
G0006641,A00305,S003,2024-01-07,274.44,275.55,100.0,0
G0006642,A00306,S003,2024-01-07,252.31,275.55,91.67,2
G0006643,A00307,S003,2024-01-07,274.76,275.55,100.0,0
G0006644,A00308,S003,2024-01-07,164.15,275.55,91.67,2
G0006645,A00301,S003,2024-01-08,161.42,160.91,100.0,0
G0006646,A00302,S003,2024-01-08,130.0,160.91,100.0,0
G0006647,A00303,S003,2024-01-08,161.13,160.91,100.0,0
G0006648,A00304,S003,2024-01-08,160.25,160.91,100.0,0
G0006649,A00305,S003,2024-01-08,149.33,160.91,91.67,2
G0006650,A00306,S003,2024-01-08,127.58,160.91,100.0,0
G0006651,A00307,S003,2024-01-08,134.89,160.91,83.33,4
G0006652,A00308,S003,2024-01-08,161.15,160.91,100.0,0
G0006653,A00301,S003,2024-01-09,216.67,215.63,100.0,0
G0006654,A00302,S003,2024-01-09,215.12,215.63,100.0,0
G0006655,A00303,S003,2024-01-09,214.27,215.63,100.0,0
G0006656,A00304,S003,2024-01-09,214.53,215.63,100.0,0
G0006657,A00305,S003,2024-01-09,207.11,215.63,95.83,1
G0006658,A00306,S003,2024-01-09,206.33,215.63,95.83,1
G0006659,A00307,S003,2024-01-09,167.25,215.63,83.33,4
G0006660,A00308,S003,2024-01-09,213.98,215.63,100.0,0
G0006661,A00301,S003,2024-01-10,267.81,269.63,100.0,0
G0006662,A00302,S003,2024-01-10,268.39,269.63,100.0,0
G0006663,A00303,S003,2024-01-10,269.91,269.63,100.0,0
G0006664,A00304,S003,2024-01-10,267.64,269.63,100.0,0
G0006665,A00305,S003,2024-01-10,269.42,269.63,100.0,0
G0006666,A00306,S003,2024-01-10,215.94,269.63,100.0,0
G0006667,A00307,S003,2024-01-10,271.39,269.63,100.0,0
G0006668,A00308,S003,2024-01-10,269.44,269.63,100.0,0
G0006669,A00301,S003,2024-01-11,224.32,224.27,100.0,0
G0006670,A00302,S003,2024-01-11,223.89,224.27,100.0,0
G0006671,A00303,S003,2024-01-11,223.92,224.27,100.0,0
G0006672,A00304,S003,2024-01-11,224.51,224.27,100.0,0
G0006673,A00305,S003,2024-01-11,224.67,224.27,100.0,0
G0006674,A00306,S003,2024-01-11,224.88,224.27,100.0,0
G0006675,A00307,S003,2024-01-11,224.05,224.27,100.0,0
G0006676,A00308,S003,2024-01-11,223.52,224.27,100.0,0
G0006677,A00301,S003,2024-01-12,111.45,171.03,100.0,0
G0006678,A00302,S003,2024-01-12,170.35,171.03,100.0,0
G0006679,A00303,S003,2024-01-12,171.49,171.03,100.0,0
G0006680,A00304,S003,2024-01-12,138.05,171.03,100.0,0
G0006681,A00305,S003,2024-01-12,142.2,171.03,83.33,4
G0006682,A00306,S003,2024-01-12,135.31,171.03,100.0,0
G0006683,A00307,S003,2024-01-12,172.16,171.03,100.0,0
G0006684,A00308,S003,2024-01-12,172.93,171.03,100.0,0
G0006685,A00301,S003,2024-01-13,208.67,208.72,100.0,0
G0006686,A00302,S003,2024-01-13,136.37,208.72,100.0,0
G0006687,A00303,S003,2024-01-13,207.93,208.72,100.0,0
G0006688,A00304,S003,2024-01-13,208.73,208.72,100.0,0
G0006689,A00305,S003,2024-01-13,209.06,208.72,100.0,0
G0006690,A00306,S003,2024-01-13,192.43,208.72,91.67,2
G0006691,A00307,S003,2024-01-13,209.89,208.72,100.0,0
G0006692,A00308,S003,2024-01-13,208.97,208.72,100.0,0
G0006693,A00301,S003,2024-01-14,325.34,324.93,100.0,0
G0006694,A00302,S003,2024-01-14,324.8,324.93,100.0,0
G0006695,A00303,S003,2024-01-14,259.37,324.93,100.0,0
G0006696,A00304,S003,2024-01-14,323.18,324.93,100.0,0
G0006697,A00305,S003,2024-01-14,216.39,324.93,66.67,8
G0006698,A00306,S003,2024-01-14,323.14,324.93,100.0,0
G0006699,A00307,S003,2024-01-14,326.82,324.93,100.0,0
G0006700,A00308,S003,2024-01-14,297.22,324.93,91.67,2
G0006701,A00301,S003,2024-01-15,307.27,308.22,100.0,0
G0006702,A00302,S003,2024-01-15,308.47,308.22,100.0,0
G0006703,A00303,S003,2024-01-15,309.06,308.22,100.0,0
G0006704,A00304,S003,2024-01-15,308.98,308.22,100.0,0
G0006705,A00305,S003,2024-01-15,308.41,308.22,100.0,0
G0006706,A00306,S003,2024-01-15,306.37,308.22,100.0,0
G0006707,A00307,S003,2024-01-15,307.61,308.22,100.0,0
G0006708,A00308,S003,2024-01-15,282.74,308.22,100.0,0
G0006709,A00301,S003,2024-01-16,97.88,98.47,100.0,0
G0006710,A00302,S003,2024-01-16,97.63,98.47,100.0,0
G0006711,A00303,S003,2024-01-16,58.58,98.47,66.67,8
G0006712,A00304,S003,2024-01-16,99.4,98.47,100.0,0
G0006713,A00305,S003,2024-01-16,98.19,98.47,100.0,0
G0006714,A00306,S003,2024-01-16,99.69,98.47,100.0,0
G0006715,A00307,S003,2024-01-16,98.26,98.47,100.0,0
G0006716,A00308,S003,2024-01-16,96.8,98.47,100.0,0
G0006717,A00301,S003,2024-01-17,164.95,180.71,100.0,0
G0006718,A00302,S003,2024-01-17,180.13,180.71,100.0,0
G0006719,A00303,S003,2024-01-17,180.52,180.71,100.0,0
G0006720,A00304,S003,2024-01-17,179.26,180.71,100.0,0
G0006721,A00305,S003,2024-01-17,180.6,180.71,100.0,0
G0006722,A00306,S003,2024-01-17,178.74,180.71,100.0,0
G0006723,A00307,S003,2024-01-17,182.07,180.71,100.0,0
G0006724,A00308,S003,2024-01-17,180.41,180.71,100.0,0
G0006725,A00301,S003,2024-01-18,386.09,387.37,100.0,0
G0006726,A00302,S003,2024-01-18,388.58,387.37,100.0,0
G0006727,A00303,S003,2024-01-18,356.55,387.37,91.67,2
G0006728,A00304,S003,2024-01-18,386.65,387.37,100.0,0
G0006729,A00305,S003,2024-01-18,372.5,387.37,95.83,1
G0006730,A00306,S003,2024-01-18,388.81,387.37,100.0,0
G0006731,A00307,S003,2024-01-18,386.08,387.37,100.0,0
G0006732,A00308,S003,2024-01-18,386.71,387.37,100.0,0
G0006733,A00301,S003,2024-01-19,180.56,195.6,100.0,0
G0006734,A00302,S003,2024-01-19,193.73,195.6,100.0,0
G0006735,A00303,S003,2024-01-19,194.73,195.6,100.0,0
G0006736,A00304,S003,2024-01-19,195.26,195.6,100.0,0
G0006737,A00305,S003,2024-01-19,196.68,195.6,100.0,0
G0006738,A00306,S003,2024-01-19,193.81,195.6,100.0,0
G0006739,A00307,S003,2024-01-19,195.22,195.6,100.0,0
G0006740,A00308,S003,2024-01-19,154.61,195.6,100.0,0
G0006741,A00301,S003,2024-01-20,362.89,364.16,100.0,0
G0006742,A00302,S003,2024-01-20,350.58,364.16,95.83,1
G0006743,A00303,S003,2024-01-20,365.8,364.16,100.0,0
G0006744,A00304,S003,2024-01-20,364.73,364.16,100.0,0
G0006745,A00305,S003,2024-01-20,363.98,364.16,100.0,0
G0006746,A00306,S003,2024-01-20,362.54,364.16,100.0,0
G0006747,A00307,S003,2024-01-20,364.41,364.16,100.0,0
G0006748,A00308,S003,2024-01-20,237.45,364.16,100.0,0
G0006749,A00301,S003,2024-01-21,385.91,385.3,100.0,0
G0006750,A00302,S003,2024-01-21,353.63,385.3,100.0,0
G0006751,A00303,S003,2024-01-21,384.33,385.3,100.0,0
G0006752,A00304,S003,2024-01-21,386.51,385.3,100.0,0
G0006753,A00305,S003,2024-01-21,255.47,385.3,66.67,8
G0006754,A00306,S003,2024-01-21,307.72,385.3,100.0,0
G0006755,A00307,S003,2024-01-21,307.77,385.3,100.0,0
G0006756,A00308,S003,2024-01-21,386.78,385.3,100.0,0
G0006757,A00301,S003,2024-01-22,319.97,319.32,100.0,0
G0006758,A00302,S003,2024-01-22,321.05,319.32,100.0,0
G0006759,A00303,S003,2024-01-22,321.16,319.32,100.0,0
G0006760,A00304,S003,2024-01-22,291.85,319.32,100.0,0
G0006761,A00305,S003,2024-01-22,197.0,319.32,66.67,8
G0006762,A00306,S003,2024-01-22,319.68,319.32,100.0,0
G0006763,A00307,S003,2024-01-22,319.93,319.32,100.0,0
G0006764,A00308,S003,2024-01-22,198.91,319.32,95.83,1
G0006765,A00301,S003,2024-01-23,240.32,240.46,100.0,0
G0006766,A00302,S003,2024-01-23,239.57,240.46,100.0,0
G0006767,A00303,S003,2024-01-23,238.98,240.46,100.0,0
G0006768,A00304,S003,2024-01-23,241.05,240.46,100.0,0
G0006769,A00305,S003,2024-01-23,240.2,240.46,100.0,0
G0006770,A00306,S003,2024-01-23,242.31,240.46,100.0,0
G0006771,A00307,S003,2024-01-23,238.91,240.46,100.0,0
G0006772,A00308,S003,2024-01-23,241.92,240.46,100.0,0
G0006773,A00301,S003,2024-01-24,296.95,296.0,100.0,0
G0006774,A00302,S003,2024-01-24,296.68,296.0,100.0,0
G0006775,A00303,S003,2024-01-24,294.42,296.0,100.0,0
G0006776,A00304,S003,2024-01-24,296.1,296.0,100.0,0
G0006777,A00305,S003,2024-01-24,296.2,296.0,100.0,0
G0006778,A00306,S003,2024-01-24,296.03,296.0,100.0,0
G0006779,A00307,S003,2024-01-24,294.95,296.0,100.0,0
G0006780,A00308,S003,2024-01-24,296.71,296.0,100.0,0
G0006781,A00301,S003,2024-01-25,144.74,146.24,100.0,0
G0006782,A00302,S003,2024-01-25,134.99,146.24,100.0,0
G0006783,A00303,S003,2024-01-25,146.8,146.24,100.0,0
G0006784,A00304,S003,2024-01-25,146.55,146.24,100.0,0
G0006785,A00305,S003,2024-01-25,120.71,146.24,83.33,4
G0006786,A00306,S003,2024-01-25,145.22,146.24,100.0,0
G0006787,A00307,S003,2024-01-25,146.81,146.24,100.0,0
G0006788,A00308,S003,2024-01-25,147.37,146.24,100.0,0
G0006789,A00301,S003,2024-01-26,248.88,249.77,100.0,0
G0006790,A00302,S003,2024-01-26,248.26,249.77,100.0,0
G0006791,A00303,S003,2024-01-26,250.43,249.77,100.0,0
G0006792,A00304,S003,2024-01-26,248.69,249.77,100.0,0
G0006793,A00305,S003,2024-01-26,248.65,249.77,100.0,0
G0006794,A00306,S003,2024-01-26,251.39,249.77,100.0,0
G0006795,A00307,S003,2024-01-26,251.11,249.77,100.0,0
G0006796,A00308,S003,2024-01-26,249.7,249.77,100.0,0
G0006797,A00301,S003,2024-01-27,176.14,190.72,100.0,0
G0006798,A00302,S003,2024-01-27,189.71,190.72,100.0,0
G0006799,A00303,S003,2024-01-27,190.7,190.72,100.0,0
G0006800,A00304,S003,2024-01-27,175.3,190.72,100.0,0
G0006801,A00305,S003,2024-01-27,191.87,190.72,100.0,0
G0006802,A00306,S003,2024-01-27,191.3,190.72,100.0,0
G0006803,A00307,S003,2024-01-27,189.51,190.72,100.0,0
G0006804,A00308,S003,2024-01-27,192.03,190.72,100.0,0
G0006805,A00301,S003,2024-01-28,416.63,415.53,100.0,0
G0006806,A00302,S003,2024-01-28,379.33,415.53,91.67,2
G0006807,A00303,S003,2024-01-28,416.96,415.53,100.0,0
G0006808,A00304,S003,2024-01-28,414.3,415.53,100.0,0
G0006809,A00305,S003,2024-01-28,417.36,415.53,100.0,0
G0006810,A00306,S003,2024-01-28,415.72,415.53,100.0,0
G0006811,A00307,S003,2024-01-28,382.78,415.53,100.0,0
G0006812,A00308,S003,2024-01-28,347.73,415.53,83.33,4
G0006813,A00301,S003,2024-01-29,43.21,48.81,100.0,0
G0006814,A00302,S003,2024-01-29,47.56,48.81,100.0,0
G0006815,A00303,S003,2024-01-29,50.29,48.81,100.0,0
G0006816,A00304,S003,2024-01-29,39.79,48.81,100.0,0
G0006817,A00305,S003,2024-01-29,40.68,48.81,100.0,0
G0006818,A00306,S003,2024-01-29,31.25,48.81,66.67,8
G0006819,A00307,S003,2024-01-29,49.98,48.81,100.0,0
G0006820,A00308,S003,2024-01-29,47.81,48.81,100.0,0
G0006821,A00301,S003,2024-01-30,38.94,39.41,100.0,0
G0006822,A00302,S003,2024-01-30,32.2,39.41,83.33,4
G0006823,A00303,S003,2024-01-30,40.05,39.41,100.0,0
G0006824,A00304,S003,2024-01-30,39.69,39.41,100.0,0
G0006825,A00305,S003,2024-01-30,41.39,39.41,100.0,0
G0006826,A00306,S003,2024-01-30,37.71,39.41,100.0,0
G0006827,A00307,S003,2024-01-30,37.41,39.41,100.0,0
G0006828,A00308,S003,2024-01-30,38.76,39.41,100.0,0
G0006829,A00301,S003,2024-01-31,31.71,29.9,100.0,0
G0006830,A00302,S003,2024-01-31,28.69,29.9,100.0,0
G0006831,A00303,S003,2024-01-31,29.97,29.9,100.0,0
G0006832,A00304,S003,2024-01-31,23.23,29.9,100.0,0
G0006833,A00305,S003,2024-01-31,28.36,29.9,100.0,0
G0006834,A00306,S003,2024-01-31,29.79,29.9,100.0,0
G0006835,A00307,S003,2024-01-31,30.85,29.9,100.0,0
G0006836,A00308,S003,2024-01-31,30.24,29.9,100.0,0
G0006837,A00301,S003,2024-02-01,155.47,156.31,100.0,0
G0006838,A00302,S003,2024-02-01,156.37,156.31,100.0,0
G0006839,A00303,S003,2024-02-01,144.13,156.31,100.0,0
G0006840,A00304,S003,2024-02-01,155.6,156.31,100.0,0
G0006841,A00305,S003,2024-02-01,154.52,156.31,100.0,0
G0006842,A00306,S003,2024-02-01,156.06,156.31,100.0,0
G0006843,A00307,S003,2024-02-01,155.93,156.31,100.0,0
G0006844,A00308,S003,2024-02-01,154.9,156.31,100.0,0
G0006845,A00301,S003,2024-02-02,199.53,247.15,100.0,0
G0006846,A00302,S003,2024-02-02,247.71,247.15,100.0,0
G0006847,A00303,S003,2024-02-02,238.03,247.15,95.83,1
G0006848,A00304,S003,2024-02-02,245.53,247.15,100.0,0
G0006849,A00305,S003,2024-02-02,226.25,247.15,100.0,0
G0006850,A00306,S003,2024-02-02,245.83,247.15,100.0,0
G0006851,A00307,S003,2024-02-02,248.88,247.15,100.0,0
G0006852,A00308,S003,2024-02-02,248.05,247.15,100.0,0
G0006853,A00301,S003,2024-02-03,144.79,224.85,100.0,0
G0006854,A00302,S003,2024-02-03,181.75,224.85,100.0,0
G0006855,A00303,S003,2024-02-03,224.62,224.85,100.0,0
G0006856,A00304,S003,2024-02-03,224.1,224.85,100.0,0
G0006857,A00305,S003,2024-02-03,208.09,224.85,91.67,2
G0006858,A00306,S003,2024-02-03,224.83,224.85,100.0,0
G0006859,A00307,S003,2024-02-03,217.12,224.85,95.83,1
G0006860,A00308,S003,2024-02-03,188.96,224.85,83.33,4
G0006861,A00301,S003,2024-02-04,238.64,261.34,100.0,0
G0006862,A00302,S003,2024-02-04,262.5,261.34,100.0,0
G0006863,A00303,S003,2024-02-04,262.55,261.34,100.0,0
G0006864,A00304,S003,2024-02-04,198.94,261.34,95.83,1
G0006865,A00305,S003,2024-02-04,260.45,261.34,100.0,0
G0006866,A00306,S003,2024-02-04,262.32,261.34,100.0,0
G0006867,A00307,S003,2024-02-04,261.71,261.34,100.0,0
G0006868,A00308,S003,2024-02-04,263.15,261.34,100.0,0
G0006869,A00301,S003,2024-02-05,241.71,243.03,100.0,0
G0006870,A00302,S003,2024-02-05,224.18,243.03,100.0,0
G0006871,A00303,S003,2024-02-05,242.87,243.03,100.0,0
G0006872,A00304,S003,2024-02-05,244.97,243.03,100.0,0
G0006873,A00305,S003,2024-02-05,241.96,243.03,100.0,0
G0006874,A00306,S003,2024-02-05,241.35,243.03,100.0,0
G0006875,A00307,S003,2024-02-05,244.32,243.03,100.0,0
G0006876,A00308,S003,2024-02-05,243.73,243.03,100.0,0
G0006877,A00301,S003,2024-02-06,181.64,180.22,100.0,0
G0006878,A00302,S003,2024-02-06,181.11,180.22,100.0,0
G0006879,A00303,S003,2024-02-06,179.35,180.22,100.0,0
G0006880,A00304,S003,2024-02-06,164.59,180.22,100.0,0
G0006881,A00305,S003,2024-02-06,182.05,180.22,100.0,0
G0006882,A00306,S003,2024-02-06,178.26,180.22,100.0,0
G0006883,A00307,S003,2024-02-06,181.34,180.22,100.0,0
G0006884,A00308,S003,2024-02-06,181.21,180.22,100.0,0
G0006885,A00301,S003,2024-02-07,152.01,151.04,100.0,0
G0006886,A00302,S003,2024-02-07,150.7,151.04,100.0,0
G0006887,A00303,S003,2024-02-07,121.65,151.04,100.0,0
G0006888,A00304,S003,2024-02-07,150.28,151.04,100.0,0
G0006889,A00305,S003,2024-02-07,140.69,151.04,100.0,0
G0006890,A00306,S003,2024-02-07,149.08,151.04,100.0,0
G0006891,A00307,S003,2024-02-07,151.01,151.04,100.0,0
G0006892,A00308,S003,2024-02-07,137.41,151.04,91.67,2
G0006893,A00301,S003,2024-02-08,262.39,339.67,95.83,1
G0006894,A00302,S003,2024-02-08,281.93,339.67,83.33,4
G0006895,A00303,S003,2024-02-08,339.44,339.67,100.0,0
G0006896,A00304,S003,2024-02-08,326.14,339.67,95.83,1
G0006897,A00305,S003,2024-02-08,270.97,339.67,100.0,0
G0006898,A00306,S003,2024-02-08,341.18,339.67,100.0,0
G0006899,A00307,S003,2024-02-08,312.27,339.67,100.0,0
G0006900,A00308,S003,2024-02-08,341.1,339.67,100.0,0
G0006901,A00301,S003,2024-02-09,155.95,237.48,100.0,0
G0006902,A00302,S003,2024-02-09,236.44,237.48,100.0,0
G0006903,A00303,S003,2024-02-09,239.37,237.48,100.0,0
G0006904,A00304,S003,2024-02-09,236.42,237.48,100.0,0
G0006905,A00305,S003,2024-02-09,236.46,237.48,100.0,0
G0006906,A00306,S003,2024-02-09,235.85,237.48,100.0,0
G0006907,A00307,S003,2024-02-09,236.09,237.48,100.0,0
G0006908,A00308,S003,2024-02-09,237.27,237.48,100.0,0
G0006909,A00301,S003,2024-02-10,216.12,215.6,100.0,0
G0006910,A00302,S003,2024-02-10,215.89,215.6,100.0,0
G0006911,A00303,S003,2024-02-10,214.11,215.6,100.0,0
G0006912,A00304,S003,2024-02-10,215.58,215.6,100.0,0
G0006913,A00305,S003,2024-02-10,214.01,215.6,100.0,0
G0006914,A00306,S003,2024-02-10,213.68,215.6,100.0,0
G0006915,A00307,S003,2024-02-10,214.76,215.6,100.0,0
G0006916,A00308,S003,2024-02-10,217.44,215.6,100.0,0
G0006917,A00301,S003,2024-02-11,213.07,212.35,100.0,0
G0006918,A00302,S003,2024-02-11,214.34,212.35,100.0,0
G0006919,A00303,S003,2024-02-11,213.53,212.35,100.0,0
G0006920,A00304,S003,2024-02-11,213.92,212.35,100.0,0
G0006921,A00305,S003,2024-02-11,212.57,212.35,100.0,0
G0006922,A00306,S003,2024-02-11,213.3,212.35,100.0,0
G0006923,A00307,S003,2024-02-11,203.43,212.35,95.83,1
G0006924,A00308,S003,2024-02-11,212.5,212.35,100.0,0
G0006925,A00301,S003,2024-02-12,90.41,91.51,100.0,0
G0006926,A00302,S003,2024-02-12,90.87,91.51,100.0,0
G0006927,A00303,S003,2024-02-12,82.22,91.51,91.67,2
G0006928,A00304,S003,2024-02-12,90.63,91.51,100.0,0
G0006929,A00305,S003,2024-02-12,89.54,91.51,95.83,1
G0006930,A00306,S003,2024-02-12,92.22,91.51,100.0,0
G0006931,A00307,S003,2024-02-12,93.01,91.51,100.0,0
G0006932,A00308,S003,2024-02-12,93.14,91.51,100.0,0
G0006933,A00301,S003,2024-02-13,426.62,427.5,100.0,0
G0006934,A00302,S003,2024-02-13,426.23,427.5,100.0,0
G0006935,A00303,S003,2024-02-13,429.27,427.5,100.0,0
G0006936,A00304,S003,2024-02-13,427.32,427.5,100.0,0
G0006937,A00305,S003,2024-02-13,428.04,427.5,100.0,0
G0006938,A00306,S003,2024-02-13,426.62,427.5,100.0,0
G0006939,A00307,S003,2024-02-13,410.28,427.5,95.83,1
G0006940,A00308,S003,2024-02-13,426.57,427.5,100.0,0
G0006941,A00301,S003,2024-02-14,318.6,318.73,100.0,0
G0006942,A00302,S003,2024-02-14,306.66,318.73,95.83,1
G0006943,A00303,S003,2024-02-14,319.65,318.73,100.0,0
G0006944,A00304,S003,2024-02-14,316.85,318.73,100.0,0
G0006945,A00305,S003,2024-02-14,316.76,318.73,100.0,0
G0006946,A00306,S003,2024-02-14,318.71,318.73,100.0,0
G0006947,A00307,S003,2024-02-14,211.67,318.73,66.67,8
G0006948,A00308,S003,2024-02-14,318.88,318.73,100.0,0
G0006949,A00301,S003,2024-02-15,189.49,284.79,66.67,8
G0006950,A00302,S003,2024-02-15,226.43,284.79,100.0,0
G0006951,A00303,S003,2024-02-15,286.58,284.79,100.0,0
G0006952,A00304,S003,2024-02-15,284.44,284.79,100.0,0
G0006953,A00305,S003,2024-02-15,227.84,284.79,100.0,0
G0006954,A00306,S003,2024-02-15,284.09,284.79,100.0,0
G0006955,A00307,S003,2024-02-15,283.68,284.79,100.0,0
G0006956,A00308,S003,2024-02-15,286.15,284.79,100.0,0
G0006957,A00301,S003,2024-02-16,241.61,250.82,95.83,1
G0006958,A00302,S003,2024-02-16,249.86,250.82,100.0,0
G0006959,A00303,S003,2024-02-16,250.67,250.82,100.0,0
G0006960,A00304,S003,2024-02-16,240.73,250.82,95.83,1
G0006961,A00305,S003,2024-02-16,249.95,250.82,100.0,0
G0006962,A00306,S003,2024-02-16,252.53,250.82,100.0,0
G0006963,A00307,S003,2024-02-16,251.89,250.82,100.0,0
G0006964,A00308,S003,2024-02-16,249.88,250.82,100.0,0
G0006965,A00301,S003,2024-02-17,144.15,142.56,100.0,0
G0006966,A00302,S003,2024-02-17,144.18,142.56,100.0,0
G0006967,A00303,S003,2024-02-17,130.57,142.56,100.0,0
G0006968,A00304,S003,2024-02-17,144.45,142.56,100.0,0
G0006969,A00305,S003,2024-02-17,142.08,142.56,100.0,0
G0006970,A00306,S003,2024-02-17,135.44,142.56,95.83,1
G0006971,A00307,S003,2024-02-17,140.83,142.56,100.0,0
G0006972,A00308,S003,2024-02-17,129.23,142.56,91.67,2
G0006973,A00301,S003,2024-02-18,138.35,136.86,100.0,0
G0006974,A00302,S003,2024-02-18,112.71,136.86,83.33,4
G0006975,A00303,S003,2024-02-18,138.81,136.86,100.0,0
G0006976,A00304,S003,2024-02-18,137.1,136.86,100.0,0
G0006977,A00305,S003,2024-02-18,135.36,136.86,100.0,0
G0006978,A00306,S003,2024-02-18,115.11,136.86,83.33,4
G0006979,A00307,S003,2024-02-18,135.43,136.86,100.0,0
G0006980,A00308,S003,2024-02-18,138.17,136.86,100.0,0
G0006981,A00301,S003,2024-02-19,64.32,63.44,100.0,0
G0006982,A00302,S003,2024-02-19,64.84,63.44,100.0,0
G0006983,A00303,S003,2024-02-19,61.56,63.44,100.0,0
G0006984,A00304,S003,2024-02-19,62.92,63.44,100.0,0
G0006985,A00305,S003,2024-02-19,62.26,63.44,100.0,0
G0006986,A00306,S003,2024-02-19,58.73,63.44,91.67,2
G0006987,A00307,S003,2024-02-19,64.66,63.44,100.0,0
G0006988,A00308,S003,2024-02-19,60.83,63.44,95.83,1
G0006989,A00301,S003,2024-02-20,384.86,385.68,100.0,0
G0006990,A00302,S003,2024-02-20,385.57,385.68,100.0,0
G0006991,A00303,S003,2024-02-20,384.77,385.68,100.0,0
G0006992,A00304,S003,2024-02-20,384.91,385.68,100.0,0
G0006993,A00305,S003,2024-02-20,385.23,385.68,100.0,0
G0006994,A00306,S003,2024-02-20,384.87,385.68,100.0,0
G0006995,A00307,S003,2024-02-20,320.86,385.68,83.33,4
G0006996,A00308,S003,2024-02-20,384.59,385.68,100.0,0
G0006997,A00301,S003,2024-02-21,364.73,366.33,100.0,0
G0006998,A00302,S003,2024-02-21,350.93,366.33,95.83,1
G0006999,A00303,S003,2024-02-21,293.99,366.33,100.0,0
G0007000,A00304,S003,2024-02-21,364.57,366.33,100.0,0
G0007001,A00305,S003,2024-02-21,237.0,366.33,100.0,0
G0007002,A00306,S003,2024-02-21,366.09,366.33,100.0,0
G0007003,A00307,S003,2024-02-21,307.02,366.33,83.33,4
G0007004,A00308,S003,2024-02-21,364.82,366.33,100.0,0
G0007005,A00301,S003,2024-02-22,238.52,296.76,100.0,0
G0007006,A00302,S003,2024-02-22,298.5,296.76,100.0,0
G0007007,A00303,S003,2024-02-22,296.99,296.76,100.0,0
G0007008,A00304,S003,2024-02-22,295.13,296.76,100.0,0
G0007009,A00305,S003,2024-02-22,296.42,296.76,100.0,0
G0007010,A00306,S003,2024-02-22,272.83,296.76,91.67,2
G0007011,A00307,S003,2024-02-22,296.59,296.76,100.0,0
G0007012,A00308,S003,2024-02-22,295.54,296.76,100.0,0
G0007013,A00301,S003,2024-02-23,199.27,199.15,100.0,0
G0007014,A00302,S003,2024-02-23,200.76,199.15,100.0,0
G0007015,A00303,S003,2024-02-23,200.6,199.15,100.0,0
G0007016,A00304,S003,2024-02-23,198.79,199.15,100.0,0
G0007017,A00305,S003,2024-02-23,198.26,199.15,100.0,0
G0007018,A00306,S003,2024-02-23,199.81,199.15,100.0,0
G0007019,A00307,S003,2024-02-23,199.17,199.15,100.0,0
G0007020,A00308,S003,2024-02-23,167.71,199.15,83.33,4
G0007021,A00301,S003,2024-02-24,284.79,284.24,100.0,0
G0007022,A00302,S003,2024-02-24,227.5,284.24,100.0,0
G0007023,A00303,S003,2024-02-24,285.84,284.24,100.0,0
G0007024,A00304,S003,2024-02-24,284.74,284.24,100.0,0
G0007025,A00305,S003,2024-02-24,260.42,284.24,100.0,0
G0007026,A00306,S003,2024-02-24,273.55,284.24,95.83,1
G0007027,A00307,S003,2024-02-24,283.92,284.24,100.0,0
G0007028,A00308,S003,2024-02-24,260.88,284.24,100.0,0
G0007029,A00301,S003,2024-02-25,212.46,230.38,100.0,0
G0007030,A00302,S003,2024-02-25,231.89,230.38,100.0,0
G0007031,A00303,S003,2024-02-25,231.7,230.38,100.0,0
G0007032,A00304,S003,2024-02-25,229.81,230.38,100.0,0
G0007033,A00305,S003,2024-02-25,190.0,230.38,83.33,4
G0007034,A00306,S003,2024-02-25,229.27,230.38,100.0,0
G0007035,A00307,S003,2024-02-25,230.28,230.38,100.0,0
G0007036,A00308,S003,2024-02-25,231.7,230.38,100.0,0
G0007037,A00301,S003,2024-02-26,426.75,427.5,100.0,0
G0007038,A00302,S003,2024-02-26,410.42,427.5,95.83,1
G0007039,A00303,S003,2024-02-26,392.43,427.5,91.67,2
G0007040,A00304,S003,2024-02-26,427.68,427.5,100.0,0
G0007041,A00305,S003,2024-02-26,426.19,427.5,100.0,0
G0007042,A00306,S003,2024-02-26,426.13,427.5,100.0,0
G0007043,A00307,S003,2024-02-26,395.2,427.5,100.0,0
G0007044,A00308,S003,2024-02-26,278.67,427.5,100.0,0
G0007045,A00301,S003,2024-02-27,218.5,235.79,100.0,0
G0007046,A00302,S003,2024-02-27,235.63,235.79,100.0,0
G0007047,A00303,S003,2024-02-27,234.58,235.79,100.0,0
G0007048,A00304,S003,2024-02-27,236.97,235.79,100.0,0
G0007049,A00305,S003,2024-02-27,224.23,235.79,95.83,1
G0007050,A00306,S003,2024-02-27,234.91,235.79,100.0,0
G0007051,A00307,S003,2024-02-27,216.19,235.79,91.67,2
G0007052,A00308,S003,2024-02-27,236.59,235.79,100.0,0
G0007053,A00301,S003,2024-02-28,144.42,145.21,100.0,0
G0007054,A00302,S003,2024-02-28,132.29,145.21,100.0,0
G0007055,A00303,S003,2024-02-28,144.78,145.21,100.0,0
G0007056,A00304,S003,2024-02-28,114.58,145.21,100.0,0
G0007057,A00305,S003,2024-02-28,143.36,145.21,100.0,0
G0007058,A00306,S003,2024-02-28,132.19,145.21,91.67,2
G0007059,A00307,S003,2024-02-28,133.86,145.21,91.67,2
G0007060,A00308,S003,2024-02-28,144.75,145.21,100.0,0
G0007061,A00301,S003,2024-02-29,420.11,418.59,100.0,0
G0007062,A00302,S003,2024-02-29,417.62,418.59,100.0,0
G0007063,A00303,S003,2024-02-29,419.28,418.59,100.0,0
G0007064,A00304,S003,2024-02-29,420.05,418.59,100.0,0
G0007065,A00305,S003,2024-02-29,417.85,418.59,100.0,0
G0007066,A00306,S003,2024-02-29,416.81,418.59,100.0,0
G0007067,A00307,S003,2024-02-29,382.32,418.59,91.67,2
G0007068,A00308,S003,2024-02-29,384.21,418.59,91.67,2
G0007069,A00301,S003,2024-03-01,67.55,85.54,100.0,0
G0007070,A00302,S003,2024-03-01,84.6,85.54,100.0,0
G0007071,A00303,S003,2024-03-01,57.31,85.54,100.0,0
G0007072,A00304,S003,2024-03-01,68.62,85.54,100.0,0
G0007073,A00305,S003,2024-03-01,86.05,85.54,100.0,0
G0007074,A00306,S003,2024-03-01,86.89,85.54,100.0,0
G0007075,A00307,S003,2024-03-01,85.27,85.54,100.0,0
G0007076,A00308,S003,2024-03-01,86.88,85.54,100.0,0
G0007077,A00301,S003,2024-03-02,320.87,321.5,100.0,0
G0007078,A00302,S003,2024-03-02,321.43,321.5,100.0,0
G0007079,A00303,S003,2024-03-02,293.8,321.5,100.0,0
G0007080,A00304,S003,2024-03-02,322.95,321.5,100.0,0
G0007081,A00305,S003,2024-03-02,320.06,321.5,100.0,0
G0007082,A00306,S003,2024-03-02,319.58,321.5,100.0,0
G0007083,A00307,S003,2024-03-02,297.28,321.5,100.0,0
G0007084,A00308,S003,2024-03-02,321.13,321.5,100.0,0
G0007085,A00301,S003,2024-03-03,180.85,197.68,100.0,0
G0007086,A00302,S003,2024-03-03,198.04,197.68,100.0,0
G0007087,A00303,S003,2024-03-03,198.15,197.68,100.0,0
G0007088,A00304,S003,2024-03-03,99.72,197.68,50.0,12
G0007089,A00305,S003,2024-03-03,165.94,197.68,83.33,4
G0007090,A00306,S003,2024-03-03,197.19,197.68,100.0,0
G0007091,A00307,S003,2024-03-03,197.46,197.68,100.0,0
G0007092,A00308,S003,2024-03-03,196.0,197.68,100.0,0
G0007093,A00301,S003,2024-03-04,127.2,126.28,100.0,0
G0007094,A00302,S003,2024-03-04,122.66,126.28,95.83,1
G0007095,A00303,S003,2024-03-04,125.72,126.28,100.0,0
G0007096,A00304,S003,2024-03-04,124.31,126.28,100.0,0
G0007097,A00305,S003,2024-03-04,96.57,126.28,83.33,4
G0007098,A00306,S003,2024-03-04,127.18,126.28,100.0,0
G0007099,A00307,S003,2024-03-04,125.73,126.28,100.0,0
G0007100,A00308,S003,2024-03-04,127.22,126.28,100.0,0
G0007101,A00301,S003,2024-03-05,108.93,110.39,100.0,0
G0007102,A00302,S003,2024-03-05,111.59,110.39,100.0,0
G0007103,A00303,S003,2024-03-05,109.65,110.39,100.0,0
G0007104,A00304,S003,2024-03-05,108.88,110.39,100.0,0
G0007105,A00305,S003,2024-03-05,109.55,110.39,100.0,0
G0007106,A00306,S003,2024-03-05,87.72,110.39,100.0,0
G0007107,A00307,S003,2024-03-05,111.71,110.39,100.0,0
G0007108,A00308,S003,2024-03-05,88.91,110.39,100.0,0
G0007109,A00301,S003,2024-03-06,327.25,356.13,100.0,0
G0007110,A00302,S003,2024-03-06,355.73,356.13,100.0,0
G0007111,A00303,S003,2024-03-06,285.91,356.13,100.0,0
G0007112,A00304,S003,2024-03-06,355.86,356.13,100.0,0
G0007113,A00305,S003,2024-03-06,283.09,356.13,100.0,0
G0007114,A00306,S003,2024-03-06,357.84,356.13,100.0,0
G0007115,A00307,S003,2024-03-06,355.45,356.13,100.0,0
G0007116,A00308,S003,2024-03-06,354.38,356.13,100.0,0
G0007117,A00301,S003,2024-03-07,99.45,100.01,100.0,0
G0007118,A00302,S003,2024-03-07,98.32,100.01,100.0,0
G0007119,A00303,S003,2024-03-07,101.57,100.01,100.0,0
G0007120,A00304,S003,2024-03-07,100.73,100.01,100.0,0
G0007121,A00305,S003,2024-03-07,98.15,100.01,100.0,0
G0007122,A00306,S003,2024-03-07,101.45,100.01,100.0,0
G0007123,A00307,S003,2024-03-07,101.21,100.01,100.0,0
G0007124,A00308,S003,2024-03-07,100.18,100.01,100.0,0
G0007125,A00301,S003,2024-03-08,34.01,41.01,100.0,0
G0007126,A00302,S003,2024-03-08,40.02,41.01,100.0,0
G0007127,A00303,S003,2024-03-08,40.5,41.01,100.0,0
G0007128,A00304,S003,2024-03-08,39.43,41.01,100.0,0
G0007129,A00305,S003,2024-03-08,42.76,41.01,100.0,0
G0007130,A00306,S003,2024-03-08,40.28,41.01,100.0,0
G0007131,A00307,S003,2024-03-08,30.24,41.01,83.33,4
G0007132,A00308,S003,2024-03-08,39.98,41.01,100.0,0
G0007133,A00301,S003,2024-03-09,84.44,128.01,100.0,0
G0007134,A00302,S003,2024-03-09,129.55,128.01,100.0,0
G0007135,A00303,S003,2024-03-09,128.62,128.01,100.0,0
G0007136,A00304,S003,2024-03-09,129.62,128.01,100.0,0
G0007137,A00305,S003,2024-03-09,129.98,128.01,100.0,0
G0007138,A00306,S003,2024-03-09,116.4,128.01,91.67,2
G0007139,A00307,S003,2024-03-09,127.69,128.01,100.0,0
G0007140,A00308,S003,2024-03-09,129.55,128.01,100.0,0
G0007141,A00301,S003,2024-03-10,195.64,196.88,100.0,0
G0007142,A00302,S003,2024-03-10,198.82,196.88,100.0,0
G0007143,A00303,S003,2024-03-10,190.63,196.88,95.83,1
G0007144,A00304,S003,2024-03-10,197.91,196.88,100.0,0
G0007145,A00305,S003,2024-03-10,99.32,196.88,50.0,12
G0007146,A00306,S003,2024-03-10,197.04,196.88,100.0,0
G0007147,A00307,S003,2024-03-10,179.62,196.88,100.0,0
G0007148,A00308,S003,2024-03-10,195.04,196.88,100.0,0
G0007149,A00301,S003,2024-03-11,71.72,106.44,66.67,8
G0007150,A00302,S003,2024-03-11,106.07,106.44,100.0,0
G0007151,A00303,S003,2024-03-11,107.15,106.44,100.0,0
G0007152,A00304,S003,2024-03-11,104.97,106.44,100.0,0
G0007153,A00305,S003,2024-03-11,108.26,106.44,100.0,0
G0007154,A00306,S003,2024-03-11,105.69,106.44,100.0,0
G0007155,A00307,S003,2024-03-11,96.19,106.44,100.0,0
G0007156,A00308,S003,2024-03-11,105.57,106.44,100.0,0
G0007157,A00301,S003,2024-03-12,226.96,228.11,100.0,0
G0007158,A00302,S003,2024-03-12,210.52,228.11,91.67,2
G0007159,A00303,S003,2024-03-12,218.47,228.11,95.83,1
G0007160,A00304,S003,2024-03-12,229.27,228.11,100.0,0
G0007161,A00305,S003,2024-03-12,218.55,228.11,95.83,1
G0007162,A00306,S003,2024-03-12,228.92,228.11,100.0,0
G0007163,A00307,S003,2024-03-12,209.06,228.11,91.67,2
G0007164,A00308,S003,2024-03-12,227.49,228.11,100.0,0
G0007165,A00301,S003,2024-03-13,295.59,293.89,100.0,0
G0007166,A00302,S003,2024-03-13,268.95,293.89,91.67,2
G0007167,A00303,S003,2024-03-13,294.21,293.89,100.0,0
G0007168,A00304,S003,2024-03-13,270.8,293.89,100.0,0
G0007169,A00305,S003,2024-03-13,272.22,293.89,100.0,0
G0007170,A00306,S003,2024-03-13,270.93,293.89,91.67,2
G0007171,A00307,S003,2024-03-13,292.09,293.89,100.0,0
G0007172,A00308,S003,2024-03-13,295.78,293.89,100.0,0
G0007173,A00301,S003,2024-03-14,188.26,186.93,100.0,0
G0007174,A00302,S003,2024-03-14,173.43,186.93,100.0,0
G0007175,A00303,S003,2024-03-14,169.79,186.93,91.67,2
G0007176,A00304,S003,2024-03-14,187.72,186.93,100.0,0
G0007177,A00305,S003,2024-03-14,151.34,186.93,100.0,0
G0007178,A00306,S003,2024-03-14,186.62,186.93,100.0,0
G0007179,A00307,S003,2024-03-14,126.32,186.93,66.67,8
G0007180,A00308,S003,2024-03-14,187.32,186.93,100.0,0
G0007181,A00301,S003,2024-03-15,176.12,177.12,100.0,0
G0007182,A00302,S003,2024-03-15,178.3,177.12,100.0,0
G0007183,A00303,S003,2024-03-15,178.16,177.12,100.0,0
G0007184,A00304,S003,2024-03-15,177.64,177.12,100.0,0
G0007185,A00305,S003,2024-03-15,170.61,177.12,95.83,1
G0007186,A00306,S003,2024-03-15,178.51,177.12,100.0,0
G0007187,A00307,S003,2024-03-15,169.92,177.12,95.83,1
G0007188,A00308,S003,2024-03-15,175.99,177.12,100.0,0
G0007189,A00301,S003,2024-03-16,200.9,200.36,100.0,0
G0007190,A00302,S003,2024-03-16,184.92,200.36,100.0,0
G0007191,A00303,S003,2024-03-16,199.97,200.36,100.0,0
G0007192,A00304,S003,2024-03-16,201.0,200.36,100.0,0
G0007193,A00305,S003,2024-03-16,199.46,200.36,100.0,0
G0007194,A00306,S003,2024-03-16,199.51,200.36,100.0,0
G0007195,A00307,S003,2024-03-16,160.97,200.36,100.0,0
G0007196,A00308,S003,2024-03-16,161.38,200.36,100.0,0
G0007197,A00301,S003,2024-03-17,225.79,223.83,100.0,0
G0007198,A00302,S003,2024-03-17,150.37,223.83,66.67,8
G0007199,A00303,S003,2024-03-17,223.38,223.83,100.0,0
G0007200,A00304,S003,2024-03-17,205.56,223.83,100.0,0
G0007201,A00305,S003,2024-03-17,224.4,223.83,100.0,0
G0007202,A00306,S003,2024-03-17,204.97,223.83,91.67,2
G0007203,A00307,S003,2024-03-17,206.87,223.83,100.0,0
G0007204,A00308,S003,2024-03-17,224.09,223.83,100.0,0
G0007205,A00301,S003,2024-03-18,323.77,324.3,100.0,0
G0007206,A00302,S003,2024-03-18,324.24,324.3,100.0,0
G0007207,A00303,S003,2024-03-18,326.04,324.3,100.0,0
G0007208,A00304,S003,2024-03-18,324.19,324.3,100.0,0
G0007209,A00305,S003,2024-03-18,323.02,324.3,100.0,0
G0007210,A00306,S003,2024-03-18,323.1,324.3,100.0,0
G0007211,A00307,S003,2024-03-18,299.04,324.3,100.0,0
G0007212,A00308,S003,2024-03-18,322.43,324.3,100.0,0
G0007213,A00301,S003,2024-03-19,102.44,102.6,100.0,0
G0007214,A00302,S003,2024-03-19,101.91,102.6,100.0,0
G0007215,A00303,S003,2024-03-19,95.79,102.6,91.67,2
G0007216,A00304,S003,2024-03-19,102.21,102.6,100.0,0
G0007217,A00305,S003,2024-03-19,81.83,102.6,100.0,0
G0007218,A00306,S003,2024-03-19,102.17,102.6,100.0,0
G0007219,A00307,S003,2024-03-19,104.32,102.6,100.0,0
G0007220,A00308,S003,2024-03-19,101.84,102.6,100.0,0
G0007221,A00301,S003,2024-03-20,35.75,35.43,100.0,0
G0007222,A00302,S003,2024-03-20,35.34,35.43,100.0,0
G0007223,A00303,S003,2024-03-20,34.02,35.43,100.0,0
G0007224,A00304,S003,2024-03-20,36.37,35.43,100.0,0
G0007225,A00305,S003,2024-03-20,29.22,35.43,100.0,0
G0007226,A00306,S003,2024-03-20,30.3,35.43,91.67,2
G0007227,A00307,S003,2024-03-20,28.61,35.43,83.33,4
G0007228,A00308,S003,2024-03-20,34.44,35.43,100.0,0
G0007229,A00301,S003,2024-03-21,271.23,338.54,100.0,0
G0007230,A00302,S003,2024-03-21,338.06,338.54,100.0,0
G0007231,A00303,S003,2024-03-21,338.09,338.54,100.0,0
G0007232,A00304,S003,2024-03-21,338.43,338.54,100.0,0
G0007233,A00305,S003,2024-03-21,281.12,338.54,83.33,4
G0007234,A00306,S003,2024-03-21,337.52,338.54,100.0,0
G0007235,A00307,S003,2024-03-21,339.03,338.54,100.0,0
G0007236,A00308,S003,2024-03-21,281.41,338.54,83.33,4
G0007237,A00301,S003,2024-03-22,239.32,240.38,100.0,0
G0007238,A00302,S003,2024-03-22,239.96,240.38,100.0,0
G0007239,A00303,S003,2024-03-22,238.65,240.38,100.0,0
G0007240,A00304,S003,2024-03-22,221.12,240.38,100.0,0
G0007241,A00305,S003,2024-03-22,202.19,240.38,83.33,4
G0007242,A00306,S003,2024-03-22,241.88,240.38,100.0,0
G0007243,A00307,S003,2024-03-22,239.24,240.38,100.0,0
G0007244,A00308,S003,2024-03-22,240.88,240.38,100.0,0
G0007245,A00301,S003,2024-03-23,292.9,291.86,100.0,0
G0007246,A00302,S003,2024-03-23,292.24,291.86,100.0,0
G0007247,A00303,S003,2024-03-23,290.84,291.86,100.0,0
G0007248,A00304,S003,2024-03-23,265.68,291.86,91.67,2
G0007249,A00305,S003,2024-03-23,293.45,291.86,100.0,0
G0007250,A00306,S003,2024-03-23,291.81,291.86,100.0,0
G0007251,A00307,S003,2024-03-23,277.76,291.86,95.83,1
G0007252,A00308,S003,2024-03-23,292.42,291.86,100.0,0
G0007253,A00301,S003,2024-03-24,329.03,374.66,95.83,1
G0007254,A00302,S003,2024-03-24,376.63,374.66,100.0,0
G0007255,A00303,S003,2024-03-24,373.12,374.66,100.0,0
G0007256,A00304,S003,2024-03-24,373.88,374.66,100.0,0
G0007257,A00305,S003,2024-03-24,297.97,374.66,100.0,0
G0007258,A00306,S003,2024-03-24,374.59,374.66,100.0,0
G0007259,A00307,S003,2024-03-24,373.68,374.66,100.0,0
G0007260,A00308,S003,2024-03-24,244.41,374.66,100.0,0
G0007261,A00301,S003,2024-03-25,168.3,170.2,100.0,0
G0007262,A00302,S003,2024-03-25,162.17,170.2,95.83,1
G0007263,A00303,S003,2024-03-25,171.22,170.2,100.0,0
G0007264,A00304,S003,2024-03-25,168.79,170.2,100.0,0
G0007265,A00305,S003,2024-03-25,161.56,170.2,95.83,1
G0007266,A00306,S003,2024-03-25,168.87,170.2,100.0,0
G0007267,A00307,S003,2024-03-25,169.75,170.2,100.0,0
G0007268,A00308,S003,2024-03-25,169.81,170.2,100.0,0
G0007269,A00301,S003,2024-03-26,344.41,345.87,100.0,0
G0007270,A00302,S003,2024-03-26,344.62,345.87,100.0,0
G0007271,A00303,S003,2024-03-26,345.64,345.87,100.0,0
G0007272,A00304,S003,2024-03-26,346.16,345.87,100.0,0
G0007273,A00305,S003,2024-03-26,276.04,345.87,100.0,0
G0007274,A00306,S003,2024-03-26,274.74,345.87,100.0,0
G0007275,A00307,S003,2024-03-26,346.98,345.87,100.0,0
G0007276,A00308,S003,2024-03-26,347.05,345.87,100.0,0
G0007277,A00301,S003,2024-03-27,154.13,154.32,100.0,0
G0007278,A00302,S003,2024-03-27,155.22,154.32,100.0,0
G0007279,A00303,S003,2024-03-27,154.96,154.32,100.0,0
G0007280,A00304,S003,2024-03-27,153.61,154.32,100.0,0
G0007281,A00305,S003,2024-03-27,152.97,154.32,100.0,0
G0007282,A00306,S003,2024-03-27,99.28,154.32,100.0,0
G0007283,A00307,S003,2024-03-27,152.79,154.32,100.0,0
G0007284,A00308,S003,2024-03-27,147.33,154.32,95.83,1
G0007285,A00301,S003,2024-03-28,380.73,382.6,100.0,0
G0007286,A00302,S003,2024-03-28,381.32,382.6,100.0,0
G0007287,A00303,S003,2024-03-28,382.48,382.6,100.0,0
G0007288,A00304,S003,2024-03-28,307.29,382.6,100.0,0
G0007289,A00305,S003,2024-03-28,381.69,382.6,100.0,0
G0007290,A00306,S003,2024-03-28,382.35,382.6,100.0,0
G0007291,A00307,S003,2024-03-28,383.23,382.6,100.0,0
G0007292,A00308,S003,2024-03-28,320.15,382.6,83.33,4
G0007293,A00301,S003,2024-03-29,211.94,210.01,100.0,0
G0007294,A00302,S003,2024-03-29,191.61,210.01,100.0,0
G0007295,A00303,S003,2024-03-29,192.55,210.01,100.0,0
G0007296,A00304,S003,2024-03-29,209.77,210.01,100.0,0
G0007297,A00305,S003,2024-03-29,209.09,210.01,100.0,0
G0007298,A00306,S003,2024-03-29,210.29,210.01,100.0,0
G0007299,A00307,S003,2024-03-29,208.31,210.01,100.0,0
G0007300,A00308,S003,2024-03-29,202.46,210.01,95.83,1
G0007301,A00301,S003,2024-03-30,280.35,280.54,100.0,0
G0007302,A00302,S003,2024-03-30,279.83,280.54,100.0,0
G0007303,A00303,S003,2024-03-30,279.95,280.54,100.0,0
G0007304,A00304,S003,2024-03-30,280.63,280.54,100.0,0
G0007305,A00305,S003,2024-03-30,280.55,280.54,100.0,0
G0007306,A00306,S003,2024-03-30,280.97,280.54,100.0,0
G0007307,A00307,S003,2024-03-30,281.34,280.54,100.0,0
G0007308,A00308,S003,2024-03-30,282.14,280.54,100.0,0
G0007309,A00301,S003,2024-03-31,267.29,267.18,100.0,0
G0007310,A00302,S003,2024-03-31,265.72,267.18,100.0,0
G0007311,A00303,S003,2024-03-31,268.07,267.18,100.0,0
G0007312,A00304,S003,2024-03-31,266.14,267.18,100.0,0
G0007313,A00305,S003,2024-03-31,267.0,267.18,100.0,0
G0007314,A00306,S003,2024-03-31,221.98,267.18,83.33,4
G0007315,A00307,S003,2024-03-31,266.43,267.18,100.0,0
G0007316,A00308,S003,2024-03-31,266.26,267.18,100.0,0
G0007317,A00301,S003,2024-04-01,191.52,206.06,100.0,0
G0007318,A00302,S003,2024-04-01,196.16,206.06,95.83,1
G0007319,A00303,S003,2024-04-01,204.93,206.06,100.0,0
G0007320,A00304,S003,2024-04-01,205.52,206.06,100.0,0
G0007321,A00305,S003,2024-04-01,190.19,206.06,100.0,0
G0007322,A00306,S003,2024-04-01,204.65,206.06,100.0,0
G0007323,A00307,S003,2024-04-01,206.37,206.06,100.0,0
G0007324,A00308,S003,2024-04-01,205.22,206.06,100.0,0
G0007325,A00301,S003,2024-04-02,396.19,397.24,100.0,0
G0007326,A00302,S003,2024-04-02,395.68,397.24,100.0,0
G0007327,A00303,S003,2024-04-02,397.81,397.24,100.0,0
G0007328,A00304,S003,2024-04-02,395.95,397.24,100.0,0
G0007329,A00305,S003,2024-04-02,396.25,397.24,100.0,0
G0007330,A00306,S003,2024-04-02,397.73,397.24,100.0,0
G0007331,A00307,S003,2024-04-02,397.52,397.24,100.0,0
G0007332,A00308,S003,2024-04-02,397.1,397.24,100.0,0
G0007333,A00301,S003,2024-04-03,201.94,200.4,100.0,0
G0007334,A00302,S003,2024-04-03,199.76,200.4,100.0,0
G0007335,A00303,S003,2024-04-03,191.35,200.4,95.83,1
G0007336,A00304,S003,2024-04-03,198.77,200.4,100.0,0
G0007337,A00305,S003,2024-04-03,152.6,200.4,83.33,4
G0007338,A00306,S003,2024-04-03,183.91,200.4,100.0,0
G0007339,A00307,S003,2024-04-03,201.67,200.4,100.0,0
G0007340,A00308,S003,2024-04-03,200.1,200.4,100.0,0
G0007341,A00301,S003,2024-04-04,174.99,173.99,100.0,0
G0007342,A00302,S003,2024-04-04,158.66,173.99,100.0,0
G0007343,A00303,S003,2024-04-04,160.46,173.99,100.0,0
G0007344,A00304,S003,2024-04-04,173.69,173.99,100.0,0
G0007345,A00305,S003,2024-04-04,174.32,173.99,100.0,0
G0007346,A00306,S003,2024-04-04,165.3,173.99,95.83,1
G0007347,A00307,S003,2024-04-04,175.63,173.99,100.0,0
G0007348,A00308,S003,2024-04-04,111.76,173.99,100.0,0
G0007349,A00301,S003,2024-04-05,112.65,137.03,83.33,4
G0007350,A00302,S003,2024-04-05,125.13,137.03,100.0,0
G0007351,A00303,S003,2024-04-05,135.18,137.03,100.0,0
G0007352,A00304,S003,2024-04-05,137.45,137.03,100.0,0
G0007353,A00305,S003,2024-04-05,113.24,137.03,83.33,4
G0007354,A00306,S003,2024-04-05,135.37,137.03,100.0,0
G0007355,A00307,S003,2024-04-05,137.6,137.03,100.0,0
G0007356,A00308,S003,2024-04-05,138.41,137.03,100.0,0
G0007357,A00301,S003,2024-04-06,394.26,427.5,100.0,0
G0007358,A00302,S003,2024-04-06,426.79,427.5,100.0,0
G0007359,A00303,S003,2024-04-06,394.89,427.5,100.0,0
G0007360,A00304,S003,2024-04-06,426.42,427.5,100.0,0
G0007361,A00305,S003,2024-04-06,428.14,427.5,100.0,0
G0007362,A00306,S003,2024-04-06,392.86,427.5,100.0,0
G0007363,A00307,S003,2024-04-06,425.9,427.5,100.0,0
G0007364,A00308,S003,2024-04-06,428.19,427.5,100.0,0
G0007365,A00301,S003,2024-04-07,289.92,346.42,83.33,4
G0007366,A00302,S003,2024-04-07,333.06,346.42,95.83,1
G0007367,A00303,S003,2024-04-07,276.84,346.42,100.0,0
G0007368,A00304,S003,2024-04-07,345.65,346.42,100.0,0
G0007369,A00305,S003,2024-04-07,317.5,346.42,91.67,2
G0007370,A00306,S003,2024-04-07,344.78,346.42,100.0,0
G0007371,A00307,S003,2024-04-07,345.94,346.42,100.0,0
G0007372,A00308,S003,2024-04-07,344.52,346.42,100.0,0
G0007373,A00301,S003,2024-04-08,203.36,306.63,66.67,8
G0007374,A00302,S003,2024-04-08,305.74,306.63,100.0,0
G0007375,A00303,S003,2024-04-08,308.41,306.63,100.0,0
G0007376,A00304,S003,2024-04-08,306.3,306.63,100.0,0
G0007377,A00305,S003,2024-04-08,306.46,306.63,100.0,0
G0007378,A00306,S003,2024-04-08,295.1,306.63,95.83,1
G0007379,A00307,S003,2024-04-08,243.92,306.63,100.0,0
G0007380,A00308,S003,2024-04-08,307.9,306.63,100.0,0
G0007381,A00301,S003,2024-04-09,189.64,190.35,100.0,0
G0007382,A00302,S003,2024-04-09,191.35,190.35,100.0,0
G0007383,A00303,S003,2024-04-09,191.39,190.35,100.0,0
G0007384,A00304,S003,2024-04-09,191.49,190.35,100.0,0
G0007385,A00305,S003,2024-04-09,176.92,190.35,100.0,0
G0007386,A00306,S003,2024-04-09,189.24,190.35,100.0,0
G0007387,A00307,S003,2024-04-09,188.58,190.35,100.0,0
G0007388,A00308,S003,2024-04-09,188.67,190.35,100.0,0
G0007389,A00301,S003,2024-04-10,343.82,344.45,100.0,0
G0007390,A00302,S003,2024-04-10,277.05,344.45,100.0,0
G0007391,A00303,S003,2024-04-10,343.59,344.45,100.0,0
G0007392,A00304,S003,2024-04-10,343.12,344.45,100.0,0
G0007393,A00305,S003,2024-04-10,344.05,344.45,100.0,0
G0007394,A00306,S003,2024-04-10,342.73,344.45,100.0,0
G0007395,A00307,S003,2024-04-10,343.03,344.45,100.0,0
G0007396,A00308,S003,2024-04-10,344.87,344.45,100.0,0
G0007397,A00301,S003,2024-04-11,105.85,129.02,83.33,4
G0007398,A00302,S003,2024-04-11,82.67,129.02,100.0,0
G0007399,A00303,S003,2024-04-11,129.04,129.02,100.0,0
G0007400,A00304,S003,2024-04-11,128.22,129.02,100.0,0
G0007401,A00305,S003,2024-04-11,129.68,129.02,100.0,0
G0007402,A00306,S003,2024-04-11,117.04,129.02,100.0,0
G0007403,A00307,S003,2024-04-11,127.65,129.02,100.0,0
G0007404,A00308,S003,2024-04-11,128.68,129.02,100.0,0
G0007405,A00301,S003,2024-04-12,186.48,203.39,100.0,0
G0007406,A00302,S003,2024-04-12,202.58,203.39,100.0,0
G0007407,A00303,S003,2024-04-12,205.24,203.39,100.0,0
G0007408,A00304,S003,2024-04-12,186.11,203.39,100.0,0
G0007409,A00305,S003,2024-04-12,204.99,203.39,100.0,0
G0007410,A00306,S003,2024-04-12,202.87,203.39,100.0,0
G0007411,A00307,S003,2024-04-12,204.39,203.39,100.0,0
G0007412,A00308,S003,2024-04-12,204.9,203.39,100.0,0
G0007413,A00301,S003,2024-04-13,89.25,91.14,100.0,0
G0007414,A00302,S003,2024-04-13,89.69,91.14,100.0,0
G0007415,A00303,S003,2024-04-13,92.01,91.14,100.0,0
G0007416,A00304,S003,2024-04-13,44.76,91.14,50.0,12
G0007417,A00305,S003,2024-04-13,92.87,91.14,100.0,0
G0007418,A00306,S003,2024-04-13,93.07,91.14,100.0,0
G0007419,A00307,S003,2024-04-13,91.93,91.14,100.0,0
G0007420,A00308,S003,2024-04-13,89.83,91.14,100.0,0
G0007421,A00301,S003,2024-04-14,128.83,129.91,100.0,0
G0007422,A00302,S003,2024-04-14,107.08,129.91,83.33,4
G0007423,A00303,S003,2024-04-14,128.63,129.91,100.0,0
G0007424,A00304,S003,2024-04-14,88.18,129.91,66.67,8
G0007425,A00305,S003,2024-04-14,126.31,129.91,95.83,1
G0007426,A00306,S003,2024-04-14,103.47,129.91,100.0,0
G0007427,A00307,S003,2024-04-14,130.74,129.91,100.0,0
G0007428,A00308,S003,2024-04-14,130.54,129.91,100.0,0
G0007429,A00301,S003,2024-04-15,194.75,196.46,100.0,0
G0007430,A00302,S003,2024-04-15,197.96,196.46,100.0,0
G0007431,A00303,S003,2024-04-15,195.92,196.46,100.0,0
G0007432,A00304,S003,2024-04-15,188.28,196.46,95.83,1
G0007433,A00305,S003,2024-04-15,197.52,196.46,100.0,0
G0007434,A00306,S003,2024-04-15,198.21,196.46,100.0,0
G0007435,A00307,S003,2024-04-15,196.15,196.46,100.0,0
G0007436,A00308,S003,2024-04-15,194.64,196.46,100.0,0
G0007437,A00301,S003,2024-04-16,196.16,195.32,100.0,0
G0007438,A00302,S003,2024-04-16,196.72,195.32,100.0,0
G0007439,A00303,S003,2024-04-16,194.21,195.32,100.0,0
G0007440,A00304,S003,2024-04-16,193.83,195.32,100.0,0
G0007441,A00305,S003,2024-04-16,179.1,195.32,100.0,0
G0007442,A00306,S003,2024-04-16,195.91,195.32,100.0,0
G0007443,A00307,S003,2024-04-16,194.13,195.32,100.0,0
G0007444,A00308,S003,2024-04-16,196.07,195.32,100.0,0
G0007445,A00301,S003,2024-04-17,409.72,427.5,95.83,1
G0007446,A00302,S003,2024-04-17,426.8,427.5,100.0,0
G0007447,A00303,S003,2024-04-17,427.19,427.5,100.0,0
G0007448,A00304,S003,2024-04-17,425.67,427.5,100.0,0
G0007449,A00305,S003,2024-04-17,390.88,427.5,91.67,2
G0007450,A00306,S003,2024-04-17,392.55,427.5,100.0,0
G0007451,A00307,S003,2024-04-17,392.18,427.5,100.0,0
G0007452,A00308,S003,2024-04-17,426.03,427.5,100.0,0
G0007453,A00301,S003,2024-04-18,394.75,392.96,100.0,0
G0007454,A00302,S003,2024-04-18,394.34,392.96,100.0,0
G0007455,A00303,S003,2024-04-18,394.46,392.96,100.0,0
G0007456,A00304,S003,2024-04-18,393.24,392.96,100.0,0
G0007457,A00305,S003,2024-04-18,256.38,392.96,100.0,0
G0007458,A00306,S003,2024-04-18,392.35,392.96,100.0,0
G0007459,A00307,S003,2024-04-18,392.51,392.96,100.0,0
G0007460,A00308,S003,2024-04-18,261.36,392.96,66.67,8
G0007461,A00301,S003,2024-04-19,323.66,323.31,100.0,0
G0007462,A00302,S003,2024-04-19,322.13,323.31,100.0,0
G0007463,A00303,S003,2024-04-19,323.32,323.31,100.0,0
G0007464,A00304,S003,2024-04-19,321.38,323.31,100.0,0
G0007465,A00305,S003,2024-04-19,322.87,323.31,100.0,0
G0007466,A00306,S003,2024-04-19,322.97,323.31,100.0,0
G0007467,A00307,S003,2024-04-19,322.72,323.31,100.0,0
G0007468,A00308,S003,2024-04-19,321.98,323.31,100.0,0
G0007469,A00301,S003,2024-04-20,207.26,208.39,100.0,0
G0007470,A00302,S003,2024-04-20,209.4,208.39,100.0,0
G0007471,A00303,S003,2024-04-20,207.61,208.39,100.0,0
G0007472,A00304,S003,2024-04-20,207.69,208.39,100.0,0
G0007473,A00305,S003,2024-04-20,208.05,208.39,100.0,0
G0007474,A00306,S003,2024-04-20,206.45,208.39,100.0,0
G0007475,A00307,S003,2024-04-20,175.03,208.39,83.33,4
G0007476,A00308,S003,2024-04-20,207.71,208.39,100.0,0
G0007477,A00301,S003,2024-04-21,124.71,168.01,91.67,2
G0007478,A00302,S003,2024-04-21,134.42,168.01,100.0,0
G0007479,A00303,S003,2024-04-21,169.25,168.01,100.0,0
G0007480,A00304,S003,2024-04-21,166.93,168.01,100.0,0
G0007481,A00305,S003,2024-04-21,152.71,168.01,91.67,2
G0007482,A00306,S003,2024-04-21,169.41,168.01,100.0,0
G0007483,A00307,S003,2024-04-21,166.82,168.01,100.0,0
G0007484,A00308,S003,2024-04-21,168.68,168.01,100.0,0
G0007485,A00301,S003,2024-04-22,260.83,260.16,100.0,0
G0007486,A00302,S003,2024-04-22,261.12,260.16,100.0,0
G0007487,A00303,S003,2024-04-22,207.45,260.16,100.0,0
G0007488,A00304,S003,2024-04-22,258.35,260.16,100.0,0
G0007489,A00305,S003,2024-04-22,259.64,260.16,100.0,0
G0007490,A00306,S003,2024-04-22,258.43,260.16,100.0,0
G0007491,A00307,S003,2024-04-22,259.3,260.16,100.0,0
G0007492,A00308,S003,2024-04-22,258.45,260.16,100.0,0
G0007493,A00301,S003,2024-04-23,251.92,283.89,95.83,1
G0007494,A00302,S003,2024-04-23,283.66,283.89,100.0,0
G0007495,A00303,S003,2024-04-23,284.79,283.89,100.0,0
G0007496,A00304,S003,2024-04-23,283.28,283.89,100.0,0
G0007497,A00305,S003,2024-04-23,114.37,283.89,50.0,12
G0007498,A00306,S003,2024-04-23,261.8,283.89,100.0,0
G0007499,A00307,S003,2024-04-23,285.15,283.89,100.0,0
G0007500,A00308,S003,2024-04-23,236.82,283.89,83.33,4
G0007501,A00301,S003,2024-04-24,241.42,241.49,100.0,0
G0007502,A00302,S003,2024-04-24,242.38,241.49,100.0,0
G0007503,A00303,S003,2024-04-24,221.55,241.49,100.0,0
G0007504,A00304,S003,2024-04-24,194.86,241.49,100.0,0
G0007505,A00305,S003,2024-04-24,240.96,241.49,100.0,0
G0007506,A00306,S003,2024-04-24,240.24,241.49,100.0,0
G0007507,A00307,S003,2024-04-24,242.46,241.49,100.0,0
G0007508,A00308,S003,2024-04-24,202.27,241.49,83.33,4
G0007509,A00301,S003,2024-04-25,296.09,296.56,100.0,0
G0007510,A00302,S003,2024-04-25,294.69,296.56,100.0,0
G0007511,A00303,S003,2024-04-25,192.51,296.56,100.0,0
G0007512,A00304,S003,2024-04-25,296.75,296.56,100.0,0
G0007513,A00305,S003,2024-04-25,296.87,296.56,100.0,0
G0007514,A00306,S003,2024-04-25,295.43,296.56,100.0,0
G0007515,A00307,S003,2024-04-25,295.45,296.56,100.0,0
G0007516,A00308,S003,2024-04-25,192.26,296.56,100.0,0
G0007517,A00301,S003,2024-04-26,426.8,427.5,100.0,0
G0007518,A00302,S003,2024-04-26,393.66,427.5,100.0,0
G0007519,A00303,S003,2024-04-26,428.77,427.5,100.0,0
G0007520,A00304,S003,2024-04-26,428.4,427.5,100.0,0
G0007521,A00305,S003,2024-04-26,409.67,427.5,95.83,1
G0007522,A00306,S003,2024-04-26,426.92,427.5,100.0,0
G0007523,A00307,S003,2024-04-26,428.9,427.5,100.0,0
G0007524,A00308,S003,2024-04-26,285.36,427.5,66.67,8
G0007525,A00301,S003,2024-04-27,281.67,305.36,100.0,0
G0007526,A00302,S003,2024-04-27,306.76,305.36,100.0,0
G0007527,A00303,S003,2024-04-27,281.36,305.36,100.0,0
G0007528,A00304,S003,2024-04-27,303.64,305.36,100.0,0
G0007529,A00305,S003,2024-04-27,279.07,305.36,100.0,0
G0007530,A00306,S003,2024-04-27,304.93,305.36,100.0,0
G0007531,A00307,S003,2024-04-27,306.27,305.36,100.0,0
G0007532,A00308,S003,2024-04-27,304.29,305.36,100.0,0
G0007533,A00301,S003,2024-04-28,422.29,421.99,100.0,0
G0007534,A00302,S003,2024-04-28,420.79,421.99,100.0,0
G0007535,A00303,S003,2024-04-28,337.76,421.99,100.0,0
G0007536,A00304,S003,2024-04-28,422.51,421.99,100.0,0
G0007537,A00305,S003,2024-04-28,349.82,421.99,83.33,4
G0007538,A00306,S003,2024-04-28,386.29,421.99,100.0,0
G0007539,A00307,S003,2024-04-28,423.29,421.99,100.0,0
G0007540,A00308,S003,2024-04-28,423.27,421.99,100.0,0
G0007541,A00301,S003,2024-04-29,145.56,143.61,100.0,0
G0007542,A00302,S003,2024-04-29,92.9,143.61,100.0,0
G0007543,A00303,S003,2024-04-29,142.89,143.61,100.0,0
G0007544,A00304,S003,2024-04-29,145.41,143.61,100.0,0
G0007545,A00305,S003,2024-04-29,144.88,143.61,100.0,0
G0007546,A00306,S003,2024-04-29,142.77,143.61,100.0,0
G0007547,A00307,S003,2024-04-29,143.65,143.61,100.0,0
G0007548,A00308,S003,2024-04-29,144.27,143.61,100.0,0
G0007549,A00301,S003,2024-04-30,426.17,427.5,100.0,0
G0007550,A00302,S003,2024-04-30,426.39,427.5,100.0,0
G0007551,A00303,S003,2024-04-30,427.16,427.5,100.0,0
G0007552,A00304,S003,2024-04-30,427.31,427.5,100.0,0
G0007553,A00305,S003,2024-04-30,429.0,427.5,100.0,0
G0007554,A00306,S003,2024-04-30,425.63,427.5,100.0,0
G0007555,A00307,S003,2024-04-30,393.81,427.5,91.67,2
G0007556,A00308,S003,2024-04-30,426.93,427.5,100.0,0
G0007557,A00301,S003,2024-05-01,315.47,315.35,100.0,0
G0007558,A00302,S003,2024-05-01,303.25,315.35,95.83,1
G0007559,A00303,S003,2024-05-01,288.44,315.35,91.67,2
G0007560,A00304,S003,2024-05-01,251.41,315.35,100.0,0
G0007561,A00305,S003,2024-05-01,314.81,315.35,100.0,0
G0007562,A00306,S003,2024-05-01,314.78,315.35,100.0,0
G0007563,A00307,S003,2024-05-01,316.58,315.35,100.0,0
G0007564,A00308,S003,2024-05-01,287.66,315.35,91.67,2
G0007565,A00301,S003,2024-05-02,270.49,323.07,83.33,4
G0007566,A00302,S003,2024-05-02,259.73,323.07,100.0,0
G0007567,A00303,S003,2024-05-02,298.37,323.07,100.0,0
G0007568,A00304,S003,2024-05-02,322.78,323.07,100.0,0
G0007569,A00305,S003,2024-05-02,322.54,323.07,100.0,0
G0007570,A00306,S003,2024-05-02,297.35,323.07,100.0,0
G0007571,A00307,S003,2024-05-02,321.91,323.07,100.0,0
G0007572,A00308,S003,2024-05-02,322.36,323.07,100.0,0
G0007573,A00301,S003,2024-05-03,214.31,232.72,91.67,2
G0007574,A00302,S003,2024-05-03,231.55,232.72,100.0,0
G0007575,A00303,S003,2024-05-03,234.61,232.72,100.0,0
G0007576,A00304,S003,2024-05-03,230.94,232.72,100.0,0
G0007577,A00305,S003,2024-05-03,206.07,232.72,95.83,1
G0007578,A00306,S003,2024-05-03,212.94,232.72,91.67,2
G0007579,A00307,S003,2024-05-03,233.94,232.72,100.0,0
G0007580,A00308,S003,2024-05-03,117.99,232.72,50.0,12
G0007581,A00301,S003,2024-05-04,85.42,106.72,100.0,0
G0007582,A00302,S003,2024-05-04,107.67,106.72,100.0,0
G0007583,A00303,S003,2024-05-04,108.29,106.72,100.0,0
G0007584,A00304,S003,2024-05-04,106.95,106.72,100.0,0
G0007585,A00305,S003,2024-05-04,106.5,106.72,100.0,0
G0007586,A00306,S003,2024-05-04,107.01,106.72,100.0,0
G0007587,A00307,S003,2024-05-04,96.45,106.72,91.67,2
G0007588,A00308,S003,2024-05-04,90.11,106.72,83.33,4
G0007589,A00301,S003,2024-05-05,344.0,427.5,100.0,0
G0007590,A00302,S003,2024-05-05,426.5,427.5,100.0,0
G0007591,A00303,S003,2024-05-05,391.24,427.5,91.67,2
G0007592,A00304,S003,2024-05-05,426.77,427.5,100.0,0
G0007593,A00305,S003,2024-05-05,375.25,427.5,95.83,1
G0007594,A00306,S003,2024-05-05,427.11,427.5,100.0,0
G0007595,A00307,S003,2024-05-05,408.29,427.5,95.83,1
G0007596,A00308,S003,2024-05-05,427.95,427.5,100.0,0
G0007597,A00301,S003,2024-05-06,55.6,54.43,100.0,0
G0007598,A00302,S003,2024-05-06,53.21,54.43,100.0,0
G0007599,A00303,S003,2024-05-06,54.1,54.43,100.0,0
G0007600,A00304,S003,2024-05-06,53.97,54.43,100.0,0
G0007601,A00305,S003,2024-05-06,52.63,54.43,100.0,0
G0007602,A00306,S003,2024-05-06,42.24,54.43,100.0,0
G0007603,A00307,S003,2024-05-06,54.19,54.43,100.0,0
G0007604,A00308,S003,2024-05-06,54.01,54.43,100.0,0
G0007605,A00301,S003,2024-05-07,162.46,162.91,100.0,0
G0007606,A00302,S003,2024-05-07,164.48,162.91,100.0,0
G0007607,A00303,S003,2024-05-07,131.13,162.91,100.0,0
G0007608,A00304,S003,2024-05-07,164.15,162.91,100.0,0
G0007609,A00305,S003,2024-05-07,161.23,162.91,100.0,0
G0007610,A00306,S003,2024-05-07,164.32,162.91,100.0,0
G0007611,A00307,S003,2024-05-07,161.82,162.91,100.0,0
G0007612,A00308,S003,2024-05-07,162.46,162.91,100.0,0
G0007613,A00301,S003,2024-05-08,156.13,170.55,100.0,0
G0007614,A00302,S003,2024-05-08,170.37,170.55,100.0,0
G0007615,A00303,S003,2024-05-08,169.2,170.55,100.0,0
G0007616,A00304,S003,2024-05-08,157.44,170.55,100.0,0
G0007617,A00305,S003,2024-05-08,170.08,170.55,100.0,0
G0007618,A00306,S003,2024-05-08,171.19,170.55,100.0,0
G0007619,A00307,S003,2024-05-08,149.55,170.55,95.83,1
G0007620,A00308,S003,2024-05-08,171.0,170.55,100.0,0
G0007621,A00301,S003,2024-05-09,72.42,76.98,100.0,0
G0007622,A00302,S003,2024-05-09,64.65,76.98,83.33,4
G0007623,A00303,S003,2024-05-09,51.53,76.98,100.0,0
G0007624,A00304,S003,2024-05-09,70.54,76.98,100.0,0
G0007625,A00305,S003,2024-05-09,75.59,76.98,100.0,0
G0007626,A00306,S003,2024-05-09,76.04,76.98,100.0,0
G0007627,A00307,S003,2024-05-09,78.18,76.98,100.0,0
G0007628,A00308,S003,2024-05-09,75.66,76.98,100.0,0
G0007629,A00301,S003,2024-05-10,336.0,334.64,100.0,0
G0007630,A00302,S003,2024-05-10,333.58,334.64,100.0,0
G0007631,A00303,S003,2024-05-10,335.7,334.64,100.0,0
G0007632,A00304,S003,2024-05-10,333.66,334.64,100.0,0
G0007633,A00305,S003,2024-05-10,309.33,334.64,100.0,0
G0007634,A00306,S003,2024-05-10,333.35,334.64,100.0,0
G0007635,A00307,S003,2024-05-10,334.68,334.64,100.0,0
G0007636,A00308,S003,2024-05-10,336.02,334.64,100.0,0
G0007637,A00301,S003,2024-05-11,164.3,166.11,100.0,0
G0007638,A00302,S003,2024-05-11,168.06,166.11,100.0,0
G0007639,A00303,S003,2024-05-11,165.04,166.11,100.0,0
G0007640,A00304,S003,2024-05-11,167.97,166.11,100.0,0
G0007641,A00305,S003,2024-05-11,164.79,166.11,100.0,0
G0007642,A00306,S003,2024-05-11,168.01,166.11,100.0,0
G0007643,A00307,S003,2024-05-11,164.3,166.11,100.0,0
G0007644,A00308,S003,2024-05-11,123.18,166.11,91.67,2
G0007645,A00301,S003,2024-05-12,153.84,152.81,100.0,0
G0007646,A00302,S003,2024-05-12,150.92,152.81,100.0,0
G0007647,A00303,S003,2024-05-12,153.04,152.81,100.0,0
G0007648,A00304,S003,2024-05-12,151.0,152.81,100.0,0
G0007649,A00305,S003,2024-05-12,123.27,152.81,100.0,0
G0007650,A00306,S003,2024-05-12,141.23,152.81,100.0,0
G0007651,A00307,S003,2024-05-12,153.04,152.81,100.0,0
G0007652,A00308,S003,2024-05-12,151.05,152.81,100.0,0
G0007653,A00301,S003,2024-05-13,222.27,223.77,100.0,0
G0007654,A00302,S003,2024-05-13,222.57,223.77,100.0,0
G0007655,A00303,S003,2024-05-13,223.79,223.77,100.0,0
G0007656,A00304,S003,2024-05-13,205.82,223.77,91.67,2
G0007657,A00305,S003,2024-05-13,222.88,223.77,100.0,0
G0007658,A00306,S003,2024-05-13,222.31,223.77,100.0,0
G0007659,A00307,S003,2024-05-13,225.17,223.77,100.0,0
G0007660,A00308,S003,2024-05-13,224.0,223.77,100.0,0
G0007661,A00301,S003,2024-05-14,263.79,285.46,100.0,0
G0007662,A00302,S003,2024-05-14,284.68,285.46,100.0,0
G0007663,A00303,S003,2024-05-14,283.53,285.46,100.0,0
G0007664,A00304,S003,2024-05-14,287.36,285.46,100.0,0
G0007665,A00305,S003,2024-05-14,285.7,285.46,100.0,0
G0007666,A00306,S003,2024-05-14,262.63,285.46,91.67,2
G0007667,A00307,S003,2024-05-14,285.3,285.46,100.0,0
G0007668,A00308,S003,2024-05-14,284.45,285.46,100.0,0
G0007669,A00301,S003,2024-05-15,152.71,153.83,100.0,0
G0007670,A00302,S003,2024-05-15,122.02,153.83,100.0,0
G0007671,A00303,S003,2024-05-15,141.11,153.83,100.0,0
G0007672,A00304,S003,2024-05-15,152.55,153.83,100.0,0
G0007673,A00305,S003,2024-05-15,140.68,153.83,100.0,0
G0007674,A00306,S003,2024-05-15,155.07,153.83,100.0,0
G0007675,A00307,S003,2024-05-15,153.14,153.83,100.0,0
G0007676,A00308,S003,2024-05-15,141.32,153.83,100.0,0
G0007677,A00301,S003,2024-05-16,198.88,198.47,100.0,0
G0007678,A00302,S003,2024-05-16,158.12,198.47,100.0,0
G0007679,A00303,S003,2024-05-16,196.85,198.47,100.0,0
G0007680,A00304,S003,2024-05-16,197.47,198.47,100.0,0
G0007681,A00305,S003,2024-05-16,182.76,198.47,100.0,0
G0007682,A00306,S003,2024-05-16,158.85,198.47,100.0,0
G0007683,A00307,S003,2024-05-16,199.17,198.47,100.0,0
G0007684,A00308,S003,2024-05-16,197.58,198.47,100.0,0
G0007685,A00301,S003,2024-05-17,66.18,66.16,100.0,0
G0007686,A00302,S003,2024-05-17,65.85,66.16,100.0,0
G0007687,A00303,S003,2024-05-17,66.18,66.16,100.0,0
G0007688,A00304,S003,2024-05-17,64.44,66.16,100.0,0
G0007689,A00305,S003,2024-05-17,68.14,66.16,100.0,0
G0007690,A00306,S003,2024-05-17,51.37,66.16,100.0,0
G0007691,A00307,S003,2024-05-17,64.79,66.16,100.0,0
G0007692,A00308,S003,2024-05-17,67.24,66.16,100.0,0
G0007693,A00301,S003,2024-05-18,310.5,309.9,100.0,0
G0007694,A00302,S003,2024-05-18,258.75,309.9,83.33,4
G0007695,A00303,S003,2024-05-18,310.78,309.9,100.0,0
G0007696,A00304,S003,2024-05-18,156.45,309.9,50.0,12
G0007697,A00305,S003,2024-05-18,311.08,309.9,100.0,0
G0007698,A00306,S003,2024-05-18,297.11,309.9,95.83,1
G0007699,A00307,S003,2024-05-18,309.88,309.9,100.0,0
G0007700,A00308,S003,2024-05-18,284.13,309.9,100.0,0
G0007701,A00301,S003,2024-05-19,291.65,290.52,100.0,0
G0007702,A00302,S003,2024-05-19,291.96,290.52,100.0,0
G0007703,A00303,S003,2024-05-19,291.62,290.52,100.0,0
G0007704,A00304,S003,2024-05-19,194.01,290.52,66.67,8
G0007705,A00305,S003,2024-05-19,290.53,290.52,100.0,0
G0007706,A00306,S003,2024-05-19,290.33,290.52,100.0,0
G0007707,A00307,S003,2024-05-19,189.68,290.52,100.0,0
G0007708,A00308,S003,2024-05-19,291.97,290.52,100.0,0
G0007709,A00301,S003,2024-05-20,429.01,427.5,100.0,0
G0007710,A00302,S003,2024-05-20,342.03,427.5,100.0,0
G0007711,A00303,S003,2024-05-20,429.26,427.5,100.0,0
G0007712,A00304,S003,2024-05-20,429.14,427.5,100.0,0
G0007713,A00305,S003,2024-05-20,429.4,427.5,100.0,0
G0007714,A00306,S003,2024-05-20,427.86,427.5,100.0,0
G0007715,A00307,S003,2024-05-20,425.98,427.5,100.0,0
G0007716,A00308,S003,2024-05-20,428.04,427.5,100.0,0
G0007717,A00301,S003,2024-05-21,428.67,427.5,100.0,0
G0007718,A00302,S003,2024-05-21,392.94,427.5,100.0,0
G0007719,A00303,S003,2024-05-21,427.42,427.5,100.0,0
G0007720,A00304,S003,2024-05-21,279.4,427.5,100.0,0
G0007721,A00305,S003,2024-05-21,425.91,427.5,100.0,0
G0007722,A00306,S003,2024-05-21,427.14,427.5,100.0,0
G0007723,A00307,S003,2024-05-21,277.71,427.5,100.0,0
G0007724,A00308,S003,2024-05-21,426.68,427.5,100.0,0
G0007725,A00301,S003,2024-05-22,123.24,132.45,100.0,0
G0007726,A00302,S003,2024-05-22,131.43,132.45,100.0,0
G0007727,A00303,S003,2024-05-22,86.39,132.45,100.0,0
G0007728,A00304,S003,2024-05-22,133.99,132.45,100.0,0
G0007729,A00305,S003,2024-05-22,121.39,132.45,100.0,0
G0007730,A00306,S003,2024-05-22,127.54,132.45,95.83,1
G0007731,A00307,S003,2024-05-22,133.22,132.45,100.0,0
G0007732,A00308,S003,2024-05-22,130.58,132.45,100.0,0
G0007733,A00301,S003,2024-05-23,179.89,189.41,95.83,1
G0007734,A00302,S003,2024-05-23,190.67,189.41,100.0,0
G0007735,A00303,S003,2024-05-23,191.29,189.41,100.0,0
G0007736,A00304,S003,2024-05-23,189.95,189.41,100.0,0
G0007737,A00305,S003,2024-05-23,190.17,189.41,100.0,0
G0007738,A00306,S003,2024-05-23,188.3,189.41,100.0,0
G0007739,A00307,S003,2024-05-23,159.49,189.41,83.33,4
G0007740,A00308,S003,2024-05-23,190.96,189.41,100.0,0
G0007741,A00301,S003,2024-05-24,261.38,260.16,100.0,0
G0007742,A00302,S003,2024-05-24,239.59,260.16,100.0,0
G0007743,A00303,S003,2024-05-24,259.79,260.16,100.0,0
G0007744,A00304,S003,2024-05-24,261.1,260.16,100.0,0
G0007745,A00305,S003,2024-05-24,175.3,260.16,66.67,8
G0007746,A00306,S003,2024-05-24,238.07,260.16,91.67,2
G0007747,A00307,S003,2024-05-24,258.67,260.16,100.0,0
G0007748,A00308,S003,2024-05-24,239.83,260.16,91.67,2
G0007749,A00301,S003,2024-05-25,111.91,110.41,100.0,0
G0007750,A00302,S003,2024-05-25,111.0,110.41,100.0,0
G0007751,A00303,S003,2024-05-25,110.34,110.41,100.0,0
G0007752,A00304,S003,2024-05-25,111.19,110.41,100.0,0
G0007753,A00305,S003,2024-05-25,107.32,110.41,95.83,1
G0007754,A00306,S003,2024-05-25,112.33,110.41,100.0,0
G0007755,A00307,S003,2024-05-25,109.42,110.41,100.0,0
G0007756,A00308,S003,2024-05-25,108.68,110.41,100.0,0
G0007757,A00301,S003,2024-05-26,162.5,161.77,100.0,0
G0007758,A00302,S003,2024-05-26,163.43,161.77,100.0,0
G0007759,A00303,S003,2024-05-26,160.28,161.77,100.0,0
G0007760,A00304,S003,2024-05-26,148.63,161.77,100.0,0
G0007761,A00305,S003,2024-05-26,103.16,161.77,100.0,0
G0007762,A00306,S003,2024-05-26,162.65,161.77,100.0,0
G0007763,A00307,S003,2024-05-26,162.87,161.77,100.0,0
G0007764,A00308,S003,2024-05-26,154.01,161.77,95.83,1
G0007765,A00301,S003,2024-05-27,412.52,414.04,100.0,0
G0007766,A00302,S003,2024-05-27,415.06,414.04,100.0,0
G0007767,A00303,S003,2024-05-27,415.45,414.04,100.0,0
G0007768,A00304,S003,2024-05-27,415.54,414.04,100.0,0
G0007769,A00305,S003,2024-05-27,267.3,414.04,100.0,0
G0007770,A00306,S003,2024-05-27,414.89,414.04,100.0,0
G0007771,A00307,S003,2024-05-27,276.99,414.04,66.67,8
G0007772,A00308,S003,2024-05-27,398.72,414.04,95.83,1
G0007773,A00301,S003,2024-05-28,132.51,134.35,100.0,0
G0007774,A00302,S003,2024-05-28,132.63,134.35,100.0,0
G0007775,A00303,S003,2024-05-28,132.44,134.35,100.0,0
G0007776,A00304,S003,2024-05-28,136.18,134.35,100.0,0
G0007777,A00305,S003,2024-05-28,134.04,134.35,100.0,0
G0007778,A00306,S003,2024-05-28,135.1,134.35,100.0,0
G0007779,A00307,S003,2024-05-28,123.19,134.35,100.0,0
G0007780,A00308,S003,2024-05-28,134.84,134.35,100.0,0
G0007781,A00301,S003,2024-05-29,227.67,247.95,100.0,0
G0007782,A00302,S003,2024-05-29,246.27,247.95,100.0,0
G0007783,A00303,S003,2024-05-29,249.83,247.95,100.0,0
G0007784,A00304,S003,2024-05-29,229.15,247.95,100.0,0
G0007785,A00305,S003,2024-05-29,228.16,247.95,100.0,0
G0007786,A00306,S003,2024-05-29,198.86,247.95,100.0,0
G0007787,A00307,S003,2024-05-29,198.64,247.95,100.0,0
G0007788,A00308,S003,2024-05-29,247.03,247.95,100.0,0
G0007789,A00301,S003,2024-05-30,66.32,67.8,100.0,0
G0007790,A00302,S003,2024-05-30,66.39,67.8,100.0,0
G0007791,A00303,S003,2024-05-30,45.74,67.8,100.0,0
G0007792,A00304,S003,2024-05-30,66.19,67.8,100.0,0
G0007793,A00305,S003,2024-05-30,66.33,67.8,95.83,1
G0007794,A00306,S003,2024-05-30,67.39,67.8,100.0,0
G0007795,A00307,S003,2024-05-30,67.82,67.8,100.0,0
G0007796,A00308,S003,2024-05-30,54.31,67.8,100.0,0
G0007797,A00301,S003,2024-05-31,69.04,68.79,100.0,0
G0007798,A00302,S003,2024-05-31,68.52,68.79,100.0,0
G0007799,A00303,S003,2024-05-31,68.27,68.79,100.0,0
G0007800,A00304,S003,2024-05-31,68.62,68.79,100.0,0
G0007801,A00305,S003,2024-05-31,67.73,68.79,100.0,0
G0007802,A00306,S003,2024-05-31,67.8,68.79,100.0,0
G0007803,A00307,S003,2024-05-31,69.8,68.79,100.0,0
G0007804,A00308,S003,2024-05-31,46.05,68.79,100.0,0
G0007805,A00301,S003,2024-06-01,215.06,232.05,100.0,0
G0007806,A00302,S003,2024-06-01,223.09,232.05,95.83,1
G0007807,A00303,S003,2024-06-01,233.52,232.05,100.0,0
G0007808,A00304,S003,2024-06-01,232.33,232.05,100.0,0
G0007809,A00305,S003,2024-06-01,230.9,232.05,100.0,0
G0007810,A00306,S003,2024-06-01,223.17,232.05,95.83,1
G0007811,A00307,S003,2024-06-01,233.85,232.05,100.0,0
G0007812,A00308,S003,2024-06-01,233.4,232.05,100.0,0
G0007813,A00301,S003,2024-06-02,428.48,427.5,100.0,0
G0007814,A00302,S003,2024-06-02,425.71,427.5,100.0,0
G0007815,A00303,S003,2024-06-02,392.48,427.5,100.0,0
G0007816,A00304,S003,2024-06-02,427.37,427.5,100.0,0
G0007817,A00305,S003,2024-06-02,428.07,427.5,100.0,0
G0007818,A00306,S003,2024-06-02,428.51,427.5,100.0,0
G0007819,A00307,S003,2024-06-02,343.73,427.5,100.0,0
G0007820,A00308,S003,2024-06-02,429.26,427.5,100.0,0
G0007821,A00301,S003,2024-06-03,214.15,215.14,100.0,0
G0007822,A00302,S003,2024-06-03,213.56,215.14,100.0,0
G0007823,A00303,S003,2024-06-03,213.51,215.14,100.0,0
G0007824,A00304,S003,2024-06-03,217.12,215.14,100.0,0
G0007825,A00305,S003,2024-06-03,215.47,215.14,100.0,0
G0007826,A00306,S003,2024-06-03,216.47,215.14,100.0,0
G0007827,A00307,S003,2024-06-03,216.17,215.14,100.0,0
G0007828,A00308,S003,2024-06-03,215.89,215.14,100.0,0
G0007829,A00301,S003,2024-06-04,103.96,104.06,100.0,0
G0007830,A00302,S003,2024-06-04,84.57,104.06,100.0,0
G0007831,A00303,S003,2024-06-04,102.58,104.06,100.0,0
G0007832,A00304,S003,2024-06-04,82.52,104.06,100.0,0
G0007833,A00305,S003,2024-06-04,104.88,104.06,100.0,0
G0007834,A00306,S003,2024-06-04,88.67,104.06,83.33,4
G0007835,A00307,S003,2024-06-04,104.14,104.06,100.0,0
G0007836,A00308,S003,2024-06-04,104.93,104.06,100.0,0
G0007837,A00301,S003,2024-06-05,318.92,317.01,100.0,0
G0007838,A00302,S003,2024-06-05,317.86,317.01,100.0,0
G0007839,A00303,S003,2024-06-05,317.54,317.01,100.0,0
G0007840,A00304,S003,2024-06-05,316.85,317.01,100.0,0
G0007841,A00305,S003,2024-06-05,317.71,317.01,100.0,0
G0007842,A00306,S003,2024-06-05,318.33,317.01,100.0,0
G0007843,A00307,S003,2024-06-05,212.85,317.01,83.33,4
G0007844,A00308,S003,2024-06-05,317.23,317.01,100.0,0
G0007845,A00301,S003,2024-06-06,319.37,321.25,100.0,0
G0007846,A00302,S003,2024-06-06,321.92,321.25,100.0,0
G0007847,A00303,S003,2024-06-06,320.54,321.25,100.0,0
G0007848,A00304,S003,2024-06-06,321.58,321.25,100.0,0
G0007849,A00305,S003,2024-06-06,321.03,321.25,100.0,0
G0007850,A00306,S003,2024-06-06,206.87,321.25,100.0,0
G0007851,A00307,S003,2024-06-06,323.01,321.25,100.0,0
G0007852,A00308,S003,2024-06-06,319.88,321.25,100.0,0
G0007853,A00301,S003,2024-06-07,341.69,427.5,100.0,0
G0007854,A00302,S003,2024-06-07,427.57,427.5,100.0,0
G0007855,A00303,S003,2024-06-07,391.7,427.5,91.67,2
G0007856,A00304,S003,2024-06-07,426.22,427.5,100.0,0
G0007857,A00305,S003,2024-06-07,393.65,427.5,91.67,2
G0007858,A00306,S003,2024-06-07,392.58,427.5,91.67,2
G0007859,A00307,S003,2024-06-07,429.11,427.5,100.0,0
G0007860,A00308,S003,2024-06-07,428.58,427.5,100.0,0
G0007861,A00301,S003,2024-06-08,186.65,186.25,100.0,0
G0007862,A00302,S003,2024-06-08,186.77,186.25,100.0,0
G0007863,A00303,S003,2024-06-08,188.07,186.25,100.0,0
G0007864,A00304,S003,2024-06-08,111.36,186.25,91.67,2
G0007865,A00305,S003,2024-06-08,187.8,186.25,100.0,0
G0007866,A00306,S003,2024-06-08,186.92,186.25,100.0,0
G0007867,A00307,S003,2024-06-08,172.35,186.25,100.0,0
G0007868,A00308,S003,2024-06-08,187.32,186.25,100.0,0
G0007869,A00301,S003,2024-06-09,87.59,86.56,100.0,0
G0007870,A00302,S003,2024-06-09,52.58,86.56,66.67,8
G0007871,A00303,S003,2024-06-09,87.47,86.56,100.0,0
G0007872,A00304,S003,2024-06-09,84.6,86.56,100.0,0
G0007873,A00305,S003,2024-06-09,87.2,86.56,100.0,0
G0007874,A00306,S003,2024-06-09,85.75,86.56,100.0,0
G0007875,A00307,S003,2024-06-09,68.91,86.56,100.0,0
G0007876,A00308,S003,2024-06-09,78.86,86.56,91.67,2
G0007877,A00301,S003,2024-06-10,143.75,156.5,91.67,2
G0007878,A00302,S003,2024-06-10,129.99,156.5,83.33,4
G0007879,A00303,S003,2024-06-10,142.13,156.5,100.0,0
G0007880,A00304,S003,2024-06-10,143.55,156.5,100.0,0
G0007881,A00305,S003,2024-06-10,157.1,156.5,100.0,0
G0007882,A00306,S003,2024-06-10,126.37,156.5,100.0,0
G0007883,A00307,S003,2024-06-10,154.72,156.5,100.0,0
G0007884,A00308,S003,2024-06-10,121.22,156.5,95.83,1
G0007885,A00301,S003,2024-06-11,344.7,343.64,100.0,0
G0007886,A00302,S003,2024-06-11,275.83,343.64,100.0,0
G0007887,A00303,S003,2024-06-11,229.51,343.64,66.67,8
G0007888,A00304,S003,2024-06-11,276.46,343.64,100.0,0
G0007889,A00305,S003,2024-06-11,343.81,343.64,100.0,0
G0007890,A00306,S003,2024-06-11,343.08,343.64,100.0,0
G0007891,A00307,S003,2024-06-11,343.53,343.64,100.0,0
G0007892,A00308,S003,2024-06-11,315.68,343.64,100.0,0
G0007893,A00301,S003,2024-06-12,343.43,345.24,100.0,0
G0007894,A00302,S003,2024-06-12,346.54,345.24,100.0,0
G0007895,A00303,S003,2024-06-12,344.02,345.24,100.0,0
G0007896,A00304,S003,2024-06-12,344.23,345.24,100.0,0
G0007897,A00305,S003,2024-06-12,344.67,345.24,100.0,0
G0007898,A00306,S003,2024-06-12,347.2,345.24,100.0,0
G0007899,A00307,S003,2024-06-12,344.73,345.24,100.0,0
G0007900,A00308,S003,2024-06-12,343.58,345.24,100.0,0
G0007901,A00301,S003,2024-06-13,371.03,369.5,100.0,0
G0007902,A00302,S003,2024-06-13,367.6,369.5,100.0,0
G0007903,A00303,S003,2024-06-13,370.16,369.5,100.0,0
G0007904,A00304,S003,2024-06-13,338.65,369.5,100.0,0
G0007905,A00305,S003,2024-06-13,368.07,369.5,100.0,0
G0007906,A00306,S003,2024-06-13,368.99,369.5,100.0,0
G0007907,A00307,S003,2024-06-13,340.53,369.5,100.0,0
G0007908,A00308,S003,2024-06-13,339.36,369.5,91.67,2
G0007909,A00301,S003,2024-06-14,109.68,109.6,100.0,0
G0007910,A00302,S003,2024-06-14,89.68,109.6,100.0,0
G0007911,A00303,S003,2024-06-14,109.79,109.6,100.0,0
G0007912,A00304,S003,2024-06-14,108.84,109.6,100.0,0
G0007913,A00305,S003,2024-06-14,110.31,109.6,100.0,0
G0007914,A00306,S003,2024-06-14,107.64,109.6,100.0,0
G0007915,A00307,S003,2024-06-14,86.7,109.6,100.0,0
G0007916,A00308,S003,2024-06-14,110.85,109.6,100.0,0
G0007917,A00301,S003,2024-06-15,365.79,366.82,100.0,0
G0007918,A00302,S003,2024-06-15,365.93,366.82,100.0,0
G0007919,A00303,S003,2024-06-15,305.6,366.82,83.33,4
G0007920,A00304,S003,2024-06-15,368.54,366.82,100.0,0
G0007921,A00305,S003,2024-06-15,352.0,366.82,95.83,1
G0007922,A00306,S003,2024-06-15,365.98,366.82,100.0,0
G0007923,A00307,S003,2024-06-15,368.77,366.82,100.0,0
G0007924,A00308,S003,2024-06-15,304.84,366.82,83.33,4
G0007925,A00301,S003,2024-06-16,150.62,163.1,100.0,0
G0007926,A00302,S003,2024-06-16,164.89,163.1,100.0,0
G0007927,A00303,S003,2024-06-16,129.99,163.1,100.0,0
G0007928,A00304,S003,2024-06-16,130.8,163.1,100.0,0
G0007929,A00305,S003,2024-06-16,163.04,163.1,100.0,0
G0007930,A00306,S003,2024-06-16,163.55,163.1,100.0,0
G0007931,A00307,S003,2024-06-16,164.32,163.1,100.0,0
G0007932,A00308,S003,2024-06-16,164.71,163.1,100.0,0
G0007933,A00301,S003,2024-06-17,142.49,140.66,100.0,0
G0007934,A00302,S003,2024-06-17,128.68,140.66,91.67,2
G0007935,A00303,S003,2024-06-17,139.66,140.66,100.0,0
G0007936,A00304,S003,2024-06-17,139.29,140.66,100.0,0
G0007937,A00305,S003,2024-06-17,140.44,140.66,100.0,0
G0007938,A00306,S003,2024-06-17,142.33,140.66,100.0,0
G0007939,A00307,S003,2024-06-17,140.74,140.66,100.0,0
G0007940,A00308,S003,2024-06-17,129.56,140.66,100.0,0
G0007941,A00301,S003,2024-06-18,289.9,289.54,100.0,0
G0007942,A00302,S003,2024-06-18,288.46,289.54,100.0,0
G0007943,A00303,S003,2024-06-18,290.46,289.54,100.0,0
G0007944,A00304,S003,2024-06-18,288.28,289.54,100.0,0
G0007945,A00305,S003,2024-06-18,289.42,289.54,100.0,0
G0007946,A00306,S003,2024-06-18,291.29,289.54,100.0,0
G0007947,A00307,S003,2024-06-18,288.89,289.54,100.0,0
G0007948,A00308,S003,2024-06-18,278.33,289.54,95.83,1
G0007949,A00301,S003,2024-06-19,25.39,24.15,100.0,0
G0007950,A00302,S003,2024-06-19,23.76,24.15,100.0,0
G0007951,A00303,S003,2024-06-19,24.75,24.15,100.0,0
G0007952,A00304,S003,2024-06-19,26.08,24.15,100.0,0
G0007953,A00305,S003,2024-06-19,22.49,24.15,91.67,2
G0007954,A00306,S003,2024-06-19,24.21,24.15,100.0,0
G0007955,A00307,S003,2024-06-19,22.26,24.15,100.0,0
G0007956,A00308,S003,2024-06-19,25.39,24.15,100.0,0
G0007957,A00301,S003,2024-06-20,278.52,427.5,100.0,0
G0007958,A00302,S003,2024-06-20,429.28,427.5,100.0,0
G0007959,A00303,S003,2024-06-20,342.96,427.5,100.0,0
G0007960,A00304,S003,2024-06-20,426.43,427.5,100.0,0
G0007961,A00305,S003,2024-06-20,390.47,427.5,91.67,2
G0007962,A00306,S003,2024-06-20,425.56,427.5,100.0,0
G0007963,A00307,S003,2024-06-20,427.2,427.5,100.0,0
G0007964,A00308,S003,2024-06-20,427.84,427.5,100.0,0
G0007965,A00301,S003,2024-06-21,428.37,427.5,100.0,0
G0007966,A00302,S003,2024-06-21,428.18,427.5,100.0,0
G0007967,A00303,S003,2024-06-21,427.48,427.5,100.0,0
G0007968,A00304,S003,2024-06-21,428.73,427.5,100.0,0
G0007969,A00305,S003,2024-06-21,428.01,427.5,100.0,0
G0007970,A00306,S003,2024-06-21,395.08,427.5,100.0,0
G0007971,A00307,S003,2024-06-21,425.6,427.5,100.0,0
G0007972,A00308,S003,2024-06-21,427.92,427.5,100.0,0
G0007973,A00301,S003,2024-06-22,292.38,294.27,100.0,0
G0007974,A00302,S003,2024-06-22,237.16,294.27,100.0,0
G0007975,A00303,S003,2024-06-22,295.35,294.27,100.0,0
G0007976,A00304,S003,2024-06-22,243.91,294.27,83.33,4
G0007977,A00305,S003,2024-06-22,292.28,294.27,100.0,0
G0007978,A00306,S003,2024-06-22,295.58,294.27,100.0,0
G0007979,A00307,S003,2024-06-22,294.5,294.27,100.0,0
G0007980,A00308,S003,2024-06-22,235.11,294.27,100.0,0
G0007981,A00301,S003,2024-06-23,162.65,162.99,100.0,0
G0007982,A00302,S003,2024-06-23,164.73,162.99,100.0,0
G0007983,A00303,S003,2024-06-23,164.65,162.99,100.0,0
G0007984,A00304,S003,2024-06-23,162.27,162.99,100.0,0
G0007985,A00305,S003,2024-06-23,149.88,162.99,100.0,0
G0007986,A00306,S003,2024-06-23,161.15,162.99,100.0,0
G0007987,A00307,S003,2024-06-23,163.6,162.99,100.0,0
G0007988,A00308,S003,2024-06-23,163.16,162.99,100.0,0
G0007989,A00301,S003,2024-06-24,164.53,164.64,100.0,0
G0007990,A00302,S003,2024-06-24,166.41,164.64,100.0,0
G0007991,A00303,S003,2024-06-24,165.8,164.64,100.0,0
G0007992,A00304,S003,2024-06-24,149.9,164.64,91.67,2
G0007993,A00305,S003,2024-06-24,164.35,164.64,100.0,0
G0007994,A00306,S003,2024-06-24,164.11,164.64,100.0,0
G0007995,A00307,S003,2024-06-24,163.78,164.64,100.0,0
G0007996,A00308,S003,2024-06-24,162.82,164.64,100.0,0
G0007997,A00301,S003,2024-06-25,287.31,286.81,100.0,0
G0007998,A00302,S003,2024-06-25,275.59,286.81,95.83,1
G0007999,A00303,S003,2024-06-25,286.04,286.81,100.0,0
G0008000,A00304,S003,2024-06-25,287.59,286.81,100.0,0
G0008001,A00305,S003,2024-06-25,231.13,286.81,100.0,0
G0008002,A00306,S003,2024-06-25,285.68,286.81,100.0,0
G0008003,A00307,S003,2024-06-25,286.26,286.81,100.0,0
G0008004,A00308,S003,2024-06-25,261.06,286.81,91.67,2
G0008005,A00301,S003,2024-06-26,229.24,230.15,100.0,0
G0008006,A00302,S003,2024-06-26,231.0,230.15,100.0,0
G0008007,A00303,S003,2024-06-26,231.24,230.15,100.0,0
G0008008,A00304,S003,2024-06-26,231.78,230.15,100.0,0
G0008009,A00305,S003,2024-06-26,231.65,230.15,100.0,0
G0008010,A00306,S003,2024-06-26,221.51,230.15,95.83,1
G0008011,A00307,S003,2024-06-26,229.36,230.15,100.0,0
G0008012,A00308,S003,2024-06-26,228.36,230.15,100.0,0
G0008013,A00301,S003,2024-06-27,257.54,319.99,100.0,0
G0008014,A00302,S003,2024-06-27,243.74,319.99,83.33,4
G0008015,A00303,S003,2024-06-27,319.17,319.99,100.0,0
G0008016,A00304,S003,2024-06-27,319.45,319.99,100.0,0
G0008017,A00305,S003,2024-06-27,319.63,319.99,100.0,0
G0008018,A00306,S003,2024-06-27,318.61,319.99,100.0,0
G0008019,A00307,S003,2024-06-27,319.6,319.99,100.0,0
G0008020,A00308,S003,2024-06-27,318.64,319.99,100.0,0
G0008021,A00301,S003,2024-06-28,328.62,329.5,100.0,0
G0008022,A00302,S003,2024-06-28,329.53,329.5,100.0,0
G0008023,A00303,S003,2024-06-28,303.75,329.5,100.0,0
G0008024,A00304,S003,2024-06-28,331.23,329.5,100.0,0
G0008025,A00305,S003,2024-06-28,331.28,329.5,100.0,0
G0008026,A00306,S003,2024-06-28,329.29,329.5,100.0,0
G0008027,A00307,S003,2024-06-28,302.19,329.5,100.0,0
G0008028,A00308,S003,2024-06-28,331.38,329.5,100.0,0
G0008029,A00301,S003,2024-06-29,78.85,76.91,100.0,0
G0008030,A00302,S003,2024-06-29,71.95,76.91,100.0,0
G0008031,A00303,S003,2024-06-29,76.76,76.91,100.0,0
G0008032,A00304,S003,2024-06-29,76.62,76.91,100.0,0
G0008033,A00305,S003,2024-06-29,75.68,76.91,100.0,0
G0008034,A00306,S003,2024-06-29,75.57,76.91,100.0,0
G0008035,A00307,S003,2024-06-29,74.92,76.91,100.0,0
G0008036,A00308,S003,2024-06-29,76.15,76.91,100.0,0
G0008037,A00301,S003,2024-06-30,233.53,234.4,100.0,0
G0008038,A00302,S003,2024-06-30,233.19,234.4,100.0,0
G0008039,A00303,S003,2024-06-30,232.75,234.4,100.0,0
G0008040,A00304,S003,2024-06-30,197.12,234.4,91.67,2
G0008041,A00305,S003,2024-06-30,233.49,234.4,100.0,0
G0008042,A00306,S003,2024-06-30,193.9,234.4,83.33,4
G0008043,A00307,S003,2024-06-30,234.56,234.4,100.0,0
G0008044,A00308,S003,2024-06-30,235.9,234.4,100.0,0
G0008045,A00301,S003,2024-07-01,182.4,181.63,100.0,0
G0008046,A00302,S003,2024-07-01,183.38,181.63,100.0,0
G0008047,A00303,S003,2024-07-01,180.27,181.63,100.0,0
G0008048,A00304,S003,2024-07-01,181.43,181.63,100.0,0
G0008049,A00305,S003,2024-07-01,183.16,181.63,100.0,0
G0008050,A00306,S003,2024-07-01,180.13,181.63,100.0,0
G0008051,A00307,S003,2024-07-01,183.51,181.63,100.0,0
G0008052,A00308,S003,2024-07-01,182.38,181.63,100.0,0
G0008053,A00301,S003,2024-07-02,184.9,183.36,100.0,0
G0008054,A00302,S003,2024-07-02,177.26,183.36,95.83,1
G0008055,A00303,S003,2024-07-02,185.22,183.36,100.0,0
G0008056,A00304,S003,2024-07-02,183.37,183.36,100.0,0
G0008057,A00305,S003,2024-07-02,181.85,183.36,100.0,0
G0008058,A00306,S003,2024-07-02,168.63,183.36,100.0,0
G0008059,A00307,S003,2024-07-02,185.02,183.36,100.0,0
G0008060,A00308,S003,2024-07-02,181.77,183.36,100.0,0
G0008061,A00301,S003,2024-07-03,427.66,427.5,100.0,0
G0008062,A00302,S003,2024-07-03,375.8,427.5,95.83,1
G0008063,A00303,S003,2024-07-03,393.88,427.5,100.0,0
G0008064,A00304,S003,2024-07-03,426.6,427.5,100.0,0
G0008065,A00305,S003,2024-07-03,409.86,427.5,95.83,1
G0008066,A00306,S003,2024-07-03,425.85,427.5,100.0,0
G0008067,A00307,S003,2024-07-03,427.01,427.5,100.0,0
G0008068,A00308,S003,2024-07-03,392.24,427.5,100.0,0
G0008069,A00301,S003,2024-07-04,243.42,367.27,66.67,8
G0008070,A00302,S003,2024-07-04,365.8,367.27,100.0,0
G0008071,A00303,S003,2024-07-04,307.18,367.27,83.33,4
G0008072,A00304,S003,2024-07-04,293.52,367.27,100.0,0
G0008073,A00305,S003,2024-07-04,336.01,367.27,91.67,2
G0008074,A00306,S003,2024-07-04,366.43,367.27,100.0,0
G0008075,A00307,S003,2024-07-04,325.37,367.27,95.83,1
G0008076,A00308,S003,2024-07-04,368.11,367.27,100.0,0
G0008077,A00301,S003,2024-07-05,328.64,410.65,100.0,0
G0008078,A00302,S003,2024-07-05,265.78,410.65,100.0,0
G0008079,A00303,S003,2024-07-05,411.89,410.65,100.0,0
G0008080,A00304,S003,2024-07-05,412.46,410.65,100.0,0
G0008081,A00305,S003,2024-07-05,412.54,410.65,100.0,0
G0008082,A00306,S003,2024-07-05,408.72,410.65,100.0,0
G0008083,A00307,S003,2024-07-05,326.62,410.65,100.0,0
G0008084,A00308,S003,2024-07-05,410.21,410.65,100.0,0
G0008085,A00301,S003,2024-07-06,242.9,241.6,100.0,0
G0008086,A00302,S003,2024-07-06,241.74,241.6,100.0,0
G0008087,A00303,S003,2024-07-06,241.45,241.6,100.0,0
G0008088,A00304,S003,2024-07-06,183.84,241.6,95.83,1
G0008089,A00305,S003,2024-07-06,241.42,241.6,100.0,0
G0008090,A00306,S003,2024-07-06,199.48,241.6,83.33,4
G0008091,A00307,S003,2024-07-06,241.8,241.6,100.0,0
G0008092,A00308,S003,2024-07-06,233.07,241.6,95.83,1
G0008093,A00301,S003,2024-07-07,135.18,136.97,100.0,0
G0008094,A00302,S003,2024-07-07,124.71,136.97,100.0,0
G0008095,A00303,S003,2024-07-07,136.62,136.97,100.0,0
G0008096,A00304,S003,2024-07-07,136.38,136.97,100.0,0
G0008097,A00305,S003,2024-07-07,136.1,136.97,100.0,0
G0008098,A00306,S003,2024-07-07,136.42,136.97,100.0,0
G0008099,A00307,S003,2024-07-07,138.85,136.97,100.0,0
G0008100,A00308,S003,2024-07-07,136.75,136.97,100.0,0
G0008101,A00301,S003,2024-07-08,189.84,190.71,100.0,0
G0008102,A00302,S003,2024-07-08,191.4,190.71,100.0,0
G0008103,A00303,S003,2024-07-08,189.04,190.71,100.0,0
G0008104,A00304,S003,2024-07-08,189.5,190.71,100.0,0
G0008105,A00305,S003,2024-07-08,192.1,190.71,100.0,0
G0008106,A00306,S003,2024-07-08,126.67,190.71,66.67,8
G0008107,A00307,S003,2024-07-08,124.93,190.71,100.0,0
G0008108,A00308,S003,2024-07-08,174.36,190.71,100.0,0
G0008109,A00301,S003,2024-07-09,261.72,263.38,100.0,0
G0008110,A00302,S003,2024-07-09,262.64,263.38,100.0,0
G0008111,A00303,S003,2024-07-09,261.82,263.38,100.0,0
G0008112,A00304,S003,2024-07-09,261.67,263.38,100.0,0
G0008113,A00305,S003,2024-07-09,243.33,263.38,100.0,0
G0008114,A00306,S003,2024-07-09,262.31,263.38,100.0,0
G0008115,A00307,S003,2024-07-09,170.65,263.38,100.0,0
G0008116,A00308,S003,2024-07-09,262.82,263.38,100.0,0
G0008117,A00301,S003,2024-07-10,227.2,246.73,91.67,2
G0008118,A00302,S003,2024-07-10,246.04,246.73,100.0,0
G0008119,A00303,S003,2024-07-10,248.6,246.73,100.0,0
G0008120,A00304,S003,2024-07-10,245.06,246.73,100.0,0
G0008121,A00305,S003,2024-07-10,246.72,246.73,100.0,0
G0008122,A00306,S003,2024-07-10,247.46,246.73,100.0,0
G0008123,A00307,S003,2024-07-10,247.9,246.73,100.0,0
G0008124,A00308,S003,2024-07-10,159.64,246.73,100.0,0
G0008125,A00301,S003,2024-07-11,411.83,412.23,100.0,0
G0008126,A00302,S003,2024-07-11,396.94,412.23,95.83,1
G0008127,A00303,S003,2024-07-11,342.56,412.23,83.33,4
G0008128,A00304,S003,2024-07-11,413.45,412.23,100.0,0
G0008129,A00305,S003,2024-07-11,411.9,412.23,100.0,0
G0008130,A00306,S003,2024-07-11,302.08,412.23,91.67,2
G0008131,A00307,S003,2024-07-11,380.11,412.23,100.0,0
G0008132,A00308,S003,2024-07-11,394.69,412.23,95.83,1
G0008133,A00301,S003,2024-07-12,122.07,123.3,100.0,0
G0008134,A00302,S003,2024-07-12,117.71,123.3,95.83,1
G0008135,A00303,S003,2024-07-12,118.85,123.3,95.83,1
G0008136,A00304,S003,2024-07-12,114.1,123.3,100.0,0
G0008137,A00305,S003,2024-07-12,121.95,123.3,100.0,0
G0008138,A00306,S003,2024-07-12,102.28,123.3,83.33,4
G0008139,A00307,S003,2024-07-12,121.56,123.3,100.0,0
G0008140,A00308,S003,2024-07-12,124.25,123.3,100.0,0
G0008141,A00301,S003,2024-07-13,376.7,391.16,95.83,1
G0008142,A00302,S003,2024-07-13,390.28,391.16,100.0,0
G0008143,A00303,S003,2024-07-13,391.81,391.16,100.0,0
G0008144,A00304,S003,2024-07-13,392.68,391.16,100.0,0
G0008145,A00305,S003,2024-07-13,376.64,391.16,95.83,1
G0008146,A00306,S003,2024-07-13,373.37,391.16,95.83,1
G0008147,A00307,S003,2024-07-13,393.13,391.16,100.0,0
G0008148,A00308,S003,2024-07-13,390.85,391.16,100.0,0
G0008149,A00301,S003,2024-07-14,156.4,155.6,100.0,0
G0008150,A00302,S003,2024-07-14,142.84,155.6,100.0,0
G0008151,A00303,S003,2024-07-14,154.74,155.6,100.0,0
G0008152,A00304,S003,2024-07-14,122.87,155.6,100.0,0
G0008153,A00305,S003,2024-07-14,148.37,155.6,95.83,1
G0008154,A00306,S003,2024-07-14,154.75,155.6,100.0,0
G0008155,A00307,S003,2024-07-14,151.11,155.6,95.83,1
G0008156,A00308,S003,2024-07-14,141.79,155.6,91.67,2
G0008157,A00301,S003,2024-07-15,281.85,305.96,91.67,2
G0008158,A00302,S003,2024-07-15,307.3,305.96,100.0,0
G0008159,A00303,S003,2024-07-15,304.4,305.96,100.0,0
G0008160,A00304,S003,2024-07-15,197.97,305.96,100.0,0
G0008161,A00305,S003,2024-07-15,280.59,305.96,100.0,0
G0008162,A00306,S003,2024-07-15,304.91,305.96,100.0,0
G0008163,A00307,S003,2024-07-15,306.57,305.96,100.0,0
G0008164,A00308,S003,2024-07-15,305.87,305.96,100.0,0
G0008165,A00301,S003,2024-07-16,68.86,67.63,100.0,0
G0008166,A00302,S003,2024-07-16,66.64,67.63,100.0,0
G0008167,A00303,S003,2024-07-16,61.3,67.63,91.67,2
G0008168,A00304,S003,2024-07-16,68.2,67.63,100.0,0
G0008169,A00305,S003,2024-07-16,66.94,67.63,100.0,0
G0008170,A00306,S003,2024-07-16,61.39,67.63,91.67,2
G0008171,A00307,S003,2024-07-16,66.69,67.63,100.0,0
G0008172,A00308,S003,2024-07-16,67.21,67.63,100.0,0
G0008173,A00301,S003,2024-07-17,374.27,375.91,100.0,0
G0008174,A00302,S003,2024-07-17,376.8,375.91,100.0,0
G0008175,A00303,S003,2024-07-17,300.26,375.91,100.0,0
G0008176,A00304,S003,2024-07-17,346.29,375.91,100.0,0
G0008177,A00305,S003,2024-07-17,376.54,375.91,100.0,0
G0008178,A00306,S003,2024-07-17,374.4,375.91,100.0,0
G0008179,A00307,S003,2024-07-17,376.24,375.91,100.0,0
G0008180,A00308,S003,2024-07-17,361.55,375.91,95.83,1
G0008181,A00301,S003,2024-07-18,229.5,228.74,100.0,0
G0008182,A00302,S003,2024-07-18,229.77,228.74,100.0,0
G0008183,A00303,S003,2024-07-18,229.54,228.74,100.0,0
G0008184,A00304,S003,2024-07-18,229.9,228.74,100.0,0
G0008185,A00305,S003,2024-07-18,227.55,228.74,100.0,0
G0008186,A00306,S003,2024-07-18,227.76,228.74,100.0,0
G0008187,A00307,S003,2024-07-18,211.33,228.74,100.0,0
G0008188,A00308,S003,2024-07-18,227.19,228.74,100.0,0
G0008189,A00301,S003,2024-07-19,76.14,83.5,100.0,0
G0008190,A00302,S003,2024-07-19,76.14,83.5,100.0,0
G0008191,A00303,S003,2024-07-19,78.03,83.5,95.83,1
G0008192,A00304,S003,2024-07-19,84.45,83.5,100.0,0
G0008193,A00305,S003,2024-07-19,84.32,83.5,100.0,0
G0008194,A00306,S003,2024-07-19,83.45,83.5,100.0,0
G0008195,A00307,S003,2024-07-19,83.58,83.5,100.0,0
G0008196,A00308,S003,2024-07-19,85.12,83.5,100.0,0
G0008197,A00301,S003,2024-07-20,286.84,288.01,100.0,0
G0008198,A00302,S003,2024-07-20,289.79,288.01,100.0,0
G0008199,A00303,S003,2024-07-20,289.91,288.01,100.0,0
G0008200,A00304,S003,2024-07-20,287.17,288.01,100.0,0
G0008201,A00305,S003,2024-07-20,289.3,288.01,100.0,0
G0008202,A00306,S003,2024-07-20,286.15,288.01,100.0,0
G0008203,A00307,S003,2024-07-20,289.56,288.01,100.0,0
G0008204,A00308,S003,2024-07-20,231.44,288.01,100.0,0
G0008205,A00301,S003,2024-07-21,170.02,170.61,100.0,0
G0008206,A00302,S003,2024-07-21,142.65,170.61,83.33,4
G0008207,A00303,S003,2024-07-21,157.66,170.61,91.67,2
G0008208,A00304,S003,2024-07-21,168.83,170.61,100.0,0
G0008209,A00305,S003,2024-07-21,172.31,170.61,100.0,0
G0008210,A00306,S003,2024-07-21,170.79,170.61,100.0,0
G0008211,A00307,S003,2024-07-21,169.4,170.61,100.0,0
G0008212,A00308,S003,2024-07-21,114.7,170.61,66.67,8
G0008213,A00301,S003,2024-07-22,296.98,298.3,100.0,0
G0008214,A00302,S003,2024-07-22,299.73,298.3,100.0,0
G0008215,A00303,S003,2024-07-22,297.23,298.3,100.0,0
G0008216,A00304,S003,2024-07-22,296.82,298.3,100.0,0
G0008217,A00305,S003,2024-07-22,298.97,298.3,100.0,0
G0008218,A00306,S003,2024-07-22,297.02,298.3,100.0,0
G0008219,A00307,S003,2024-07-22,192.13,298.3,100.0,0
G0008220,A00308,S003,2024-07-22,298.27,298.3,100.0,0
G0008221,A00301,S003,2024-07-23,158.51,156.54,100.0,0
G0008222,A00302,S003,2024-07-23,157.94,156.54,100.0,0
G0008223,A00303,S003,2024-07-23,157.63,156.54,100.0,0
G0008224,A00304,S003,2024-07-23,142.26,156.54,100.0,0
G0008225,A00305,S003,2024-07-23,158.16,156.54,100.0,0
G0008226,A00306,S003,2024-07-23,102.62,156.54,100.0,0
G0008227,A00307,S003,2024-07-23,51.24,156.54,50.0,12
G0008228,A00308,S003,2024-07-23,156.5,156.54,100.0,0
G0008229,A00301,S003,2024-07-24,225.55,284.4,100.0,0
G0008230,A00302,S003,2024-07-24,283.24,284.4,100.0,0
G0008231,A00303,S003,2024-07-24,285.91,284.4,100.0,0
G0008232,A00304,S003,2024-07-24,261.71,284.4,100.0,0
G0008233,A00305,S003,2024-07-24,283.13,284.4,100.0,0
G0008234,A00306,S003,2024-07-24,236.19,284.4,83.33,4
G0008235,A00307,S003,2024-07-24,260.14,284.4,91.67,2
G0008236,A00308,S003,2024-07-24,286.18,284.4,100.0,0
G0008237,A00301,S003,2024-07-25,85.64,93.35,100.0,0
G0008238,A00302,S003,2024-07-25,95.29,93.35,100.0,0
G0008239,A00303,S003,2024-07-25,92.73,93.35,100.0,0
G0008240,A00304,S003,2024-07-25,94.73,93.35,100.0,0
G0008241,A00305,S003,2024-07-25,79.47,93.35,83.33,4
G0008242,A00306,S003,2024-07-25,94.5,93.35,100.0,0
G0008243,A00307,S003,2024-07-25,95.08,93.35,100.0,0
G0008244,A00308,S003,2024-07-25,94.16,93.35,100.0,0
G0008245,A00301,S003,2024-07-26,216.77,218.03,100.0,0
G0008246,A00302,S003,2024-07-26,174.96,218.03,100.0,0
G0008247,A00303,S003,2024-07-26,147.04,218.03,83.33,4
G0008248,A00304,S003,2024-07-26,217.15,218.03,100.0,0
G0008249,A00305,S003,2024-07-26,217.6,218.03,100.0,0
G0008250,A00306,S003,2024-07-26,218.74,218.03,100.0,0
G0008251,A00307,S003,2024-07-26,146.89,218.03,66.67,8
G0008252,A00308,S003,2024-07-26,199.98,218.03,100.0,0
G0008253,A00301,S003,2024-07-27,429.31,427.5,100.0,0
G0008254,A00302,S003,2024-07-27,425.7,427.5,100.0,0
G0008255,A00303,S003,2024-07-27,428.35,427.5,100.0,0
G0008256,A00304,S003,2024-07-27,427.04,427.5,100.0,0
G0008257,A00305,S003,2024-07-27,343.24,427.5,100.0,0
G0008258,A00306,S003,2024-07-27,429.47,427.5,100.0,0
G0008259,A00307,S003,2024-07-27,392.89,427.5,100.0,0
G0008260,A00308,S003,2024-07-27,429.36,427.5,100.0,0
G0008261,A00301,S003,2024-07-28,171.94,170.37,100.0,0
G0008262,A00302,S003,2024-07-28,171.0,170.37,100.0,0
G0008263,A00303,S003,2024-07-28,169.69,170.37,100.0,0
G0008264,A00304,S003,2024-07-28,168.45,170.37,100.0,0
G0008265,A00305,S003,2024-07-28,156.16,170.37,91.67,2
G0008266,A00306,S003,2024-07-28,172.16,170.37,100.0,0
G0008267,A00307,S003,2024-07-28,169.92,170.37,100.0,0
G0008268,A00308,S003,2024-07-28,170.87,170.37,100.0,0
G0008269,A00301,S003,2024-07-29,425.73,427.5,100.0,0
G0008270,A00302,S003,2024-07-29,356.29,427.5,83.33,4
G0008271,A00303,S003,2024-07-29,426.63,427.5,100.0,0
G0008272,A00304,S003,2024-07-29,428.54,427.5,100.0,0
G0008273,A00305,S003,2024-07-29,342.17,427.5,100.0,0
G0008274,A00306,S003,2024-07-29,408.04,427.5,95.83,1
G0008275,A00307,S003,2024-07-29,426.01,427.5,100.0,0
G0008276,A00308,S003,2024-07-29,427.47,427.5,100.0,0
G0008277,A00301,S003,2024-07-30,259.51,258.64,100.0,0
G0008278,A00302,S003,2024-07-30,208.55,258.64,100.0,0
G0008279,A00303,S003,2024-07-30,238.25,258.64,100.0,0
G0008280,A00304,S003,2024-07-30,258.82,258.64,100.0,0
G0008281,A00305,S003,2024-07-30,207.23,258.64,100.0,0
G0008282,A00306,S003,2024-07-30,259.84,258.64,100.0,0
G0008283,A00307,S003,2024-07-30,207.92,258.64,100.0,0
G0008284,A00308,S003,2024-07-30,258.55,258.64,100.0,0
G0008285,A00301,S003,2024-07-31,324.26,325.66,100.0,0
G0008286,A00302,S003,2024-07-31,324.15,325.66,100.0,0
G0008287,A00303,S003,2024-07-31,325.43,325.66,100.0,0
G0008288,A00304,S003,2024-07-31,325.26,325.66,100.0,0
G0008289,A00305,S003,2024-07-31,326.07,325.66,100.0,0
G0008290,A00306,S003,2024-07-31,298.11,325.66,100.0,0
G0008291,A00307,S003,2024-07-31,325.46,325.66,100.0,0
G0008292,A00308,S003,2024-07-31,258.59,325.66,100.0,0
G0008293,A00301,S003,2024-08-01,49.73,54.33,100.0,0
G0008294,A00302,S003,2024-08-01,54.94,54.33,100.0,0
G0008295,A00303,S003,2024-08-01,53.54,54.33,100.0,0
G0008296,A00304,S003,2024-08-01,45.13,54.33,100.0,0
G0008297,A00305,S003,2024-08-01,54.13,54.33,100.0,0
G0008298,A00306,S003,2024-08-01,51.68,54.33,91.67,2
G0008299,A00307,S003,2024-08-01,53.77,54.33,100.0,0
G0008300,A00308,S003,2024-08-01,54.89,54.33,100.0,0
G0008301,A00301,S003,2024-08-02,139.6,139.08,100.0,0
G0008302,A00302,S003,2024-08-02,128.48,139.08,91.67,2
G0008303,A00303,S003,2024-08-02,139.76,139.08,100.0,0
G0008304,A00304,S003,2024-08-02,102.68,139.08,91.67,2
G0008305,A00305,S003,2024-08-02,140.97,139.08,100.0,0
G0008306,A00306,S003,2024-08-02,116.64,139.08,83.33,4
G0008307,A00307,S003,2024-08-02,127.6,139.08,91.67,2
G0008308,A00308,S003,2024-08-02,139.37,139.08,100.0,0
G0008309,A00301,S003,2024-08-03,218.79,354.36,66.67,8
G0008310,A00302,S003,2024-08-03,353.97,354.36,100.0,0
G0008311,A00303,S003,2024-08-03,324.99,354.36,91.67,2
G0008312,A00304,S003,2024-08-03,355.09,354.36,100.0,0
G0008313,A00305,S003,2024-08-03,355.44,354.36,100.0,0
G0008314,A00306,S003,2024-08-03,355.13,354.36,100.0,0
G0008315,A00307,S003,2024-08-03,294.89,354.36,83.33,4
G0008316,A00308,S003,2024-08-03,355.84,354.36,100.0,0
G0008317,A00301,S003,2024-08-04,104.1,159.61,100.0,0
G0008318,A00302,S003,2024-08-04,145.65,159.61,91.67,2
G0008319,A00303,S003,2024-08-04,158.99,159.61,100.0,0
G0008320,A00304,S003,2024-08-04,157.91,159.61,100.0,0
G0008321,A00305,S003,2024-08-04,160.11,159.61,100.0,0
G0008322,A00306,S003,2024-08-04,157.7,159.61,100.0,0
G0008323,A00307,S003,2024-08-04,146.08,159.61,100.0,0
G0008324,A00308,S003,2024-08-04,160.7,159.61,100.0,0
G0008325,A00301,S003,2024-08-05,426.63,427.5,100.0,0
G0008326,A00302,S003,2024-08-05,427.81,427.5,100.0,0
G0008327,A00303,S003,2024-08-05,428.08,427.5,100.0,0
G0008328,A00304,S003,2024-08-05,426.55,427.5,100.0,0
G0008329,A00305,S003,2024-08-05,285.21,427.5,66.67,8
G0008330,A00306,S003,2024-08-05,411.35,427.5,95.83,1
G0008331,A00307,S003,2024-08-05,426.08,427.5,100.0,0
G0008332,A00308,S003,2024-08-05,429.12,427.5,100.0,0
G0008333,A00301,S003,2024-08-06,426.12,427.5,100.0,0
G0008334,A00302,S003,2024-08-06,360.76,427.5,91.67,2
G0008335,A00303,S003,2024-08-06,394.0,427.5,100.0,0
G0008336,A00304,S003,2024-08-06,427.5,427.5,100.0,0
G0008337,A00305,S003,2024-08-06,426.73,427.5,100.0,0
G0008338,A00306,S003,2024-08-06,426.47,427.5,100.0,0
G0008339,A00307,S003,2024-08-06,393.2,427.5,100.0,0
G0008340,A00308,S003,2024-08-06,278.18,427.5,100.0,0
G0008341,A00301,S003,2024-08-07,136.09,135.62,100.0,0
G0008342,A00302,S003,2024-08-07,129.19,135.62,95.83,1
G0008343,A00303,S003,2024-08-07,134.2,135.62,100.0,0
G0008344,A00304,S003,2024-08-07,135.57,135.62,100.0,0
G0008345,A00305,S003,2024-08-07,124.88,135.62,100.0,0
G0008346,A00306,S003,2024-08-07,128.66,135.62,95.83,1
G0008347,A00307,S003,2024-08-07,135.57,135.62,100.0,0
G0008348,A00308,S003,2024-08-07,136.09,135.62,100.0,0
G0008349,A00301,S003,2024-08-08,345.06,373.08,100.0,0
G0008350,A00302,S003,2024-08-08,371.48,373.08,100.0,0
G0008351,A00303,S003,2024-08-08,371.28,373.08,100.0,0
G0008352,A00304,S003,2024-08-08,374.66,373.08,100.0,0
G0008353,A00305,S003,2024-08-08,373.46,373.08,100.0,0
G0008354,A00306,S003,2024-08-08,372.91,373.08,100.0,0
G0008355,A00307,S003,2024-08-08,373.2,373.08,100.0,0
G0008356,A00308,S003,2024-08-08,372.51,373.08,100.0,0
G0008357,A00301,S003,2024-08-09,127.77,128.48,100.0,0
G0008358,A00302,S003,2024-08-09,120.02,128.48,100.0,0
G0008359,A00303,S003,2024-08-09,126.66,128.48,100.0,0
G0008360,A00304,S003,2024-08-09,128.32,128.48,100.0,0
G0008361,A00305,S003,2024-08-09,102.22,128.48,100.0,0
G0008362,A00306,S003,2024-08-09,81.54,128.48,100.0,0
G0008363,A00307,S003,2024-08-09,130.47,128.48,100.0,0
G0008364,A00308,S003,2024-08-09,129.81,128.48,100.0,0
G0008365,A00301,S003,2024-08-10,183.04,199.87,100.0,0
G0008366,A00302,S003,2024-08-10,185.8,199.87,100.0,0
G0008367,A00303,S003,2024-08-10,185.68,199.87,100.0,0
G0008368,A00304,S003,2024-08-10,129.58,199.87,100.0,0
G0008369,A00305,S003,2024-08-10,200.64,199.87,100.0,0
G0008370,A00306,S003,2024-08-10,200.48,199.87,100.0,0
G0008371,A00307,S003,2024-08-10,165.93,199.87,83.33,4
G0008372,A00308,S003,2024-08-10,182.22,199.87,100.0,0
G0008373,A00301,S003,2024-08-11,217.08,217.82,100.0,0
G0008374,A00302,S003,2024-08-11,219.59,217.82,100.0,0
G0008375,A00303,S003,2024-08-11,160.99,217.82,91.67,2
G0008376,A00304,S003,2024-08-11,217.44,217.82,100.0,0
G0008377,A00305,S003,2024-08-11,216.92,217.82,100.0,0
G0008378,A00306,S003,2024-08-11,142.01,217.82,100.0,0
G0008379,A00307,S003,2024-08-11,217.83,217.82,100.0,0
G0008380,A00308,S003,2024-08-11,217.22,217.82,100.0,0
G0008381,A00301,S003,2024-08-12,262.69,284.82,100.0,0
G0008382,A00302,S003,2024-08-12,285.74,284.82,100.0,0
G0008383,A00303,S003,2024-08-12,262.99,284.82,100.0,0
G0008384,A00304,S003,2024-08-12,283.29,284.82,100.0,0
G0008385,A00305,S003,2024-08-12,283.05,284.82,100.0,0
G0008386,A00306,S003,2024-08-12,284.82,284.82,100.0,0
G0008387,A00307,S003,2024-08-12,260.21,284.82,100.0,0
G0008388,A00308,S003,2024-08-12,286.23,284.82,100.0,0
G0008389,A00301,S003,2024-08-13,322.61,338.15,95.83,1
G0008390,A00302,S003,2024-08-13,337.77,338.15,100.0,0
G0008391,A00303,S003,2024-08-13,338.95,338.15,100.0,0
G0008392,A00304,S003,2024-08-13,337.06,338.15,100.0,0
G0008393,A00305,S003,2024-08-13,272.05,338.15,100.0,0
G0008394,A00306,S003,2024-08-13,340.12,338.15,100.0,0
G0008395,A00307,S003,2024-08-13,339.05,338.15,100.0,0
G0008396,A00308,S003,2024-08-13,339.77,338.15,100.0,0
G0008397,A00301,S003,2024-08-14,386.53,387.91,100.0,0
G0008398,A00302,S003,2024-08-14,387.78,387.91,100.0,0
G0008399,A00303,S003,2024-08-14,386.92,387.91,100.0,0
G0008400,A00304,S003,2024-08-14,386.03,387.91,100.0,0
G0008401,A00305,S003,2024-08-14,389.4,387.91,100.0,0
G0008402,A00306,S003,2024-08-14,323.41,387.91,83.33,4
G0008403,A00307,S003,2024-08-14,309.78,387.91,100.0,0
G0008404,A00308,S003,2024-08-14,387.85,387.91,100.0,0
G0008405,A00301,S003,2024-08-15,98.8,107.16,100.0,0
G0008406,A00302,S003,2024-08-15,105.98,107.16,100.0,0
G0008407,A00303,S003,2024-08-15,106.61,107.16,100.0,0
G0008408,A00304,S003,2024-08-15,107.1,107.16,100.0,0
G0008409,A00305,S003,2024-08-15,100.24,107.16,100.0,0
G0008410,A00306,S003,2024-08-15,99.3,107.16,100.0,0
G0008411,A00307,S003,2024-08-15,107.54,107.16,100.0,0
G0008412,A00308,S003,2024-08-15,107.68,107.16,100.0,0
G0008413,A00301,S003,2024-08-16,59.77,61.11,100.0,0
G0008414,A00302,S003,2024-08-16,59.97,61.11,100.0,0
G0008415,A00303,S003,2024-08-16,59.26,61.11,100.0,0
G0008416,A00304,S003,2024-08-16,59.39,61.11,100.0,0
G0008417,A00305,S003,2024-08-16,62.05,61.11,100.0,0
G0008418,A00306,S003,2024-08-16,62.71,61.11,100.0,0
G0008419,A00307,S003,2024-08-16,56.71,61.11,100.0,0
G0008420,A00308,S003,2024-08-16,57.23,61.11,100.0,0
G0008421,A00301,S003,2024-08-17,22.39,22.5,100.0,0
G0008422,A00302,S003,2024-08-17,13.16,22.5,100.0,0
G0008423,A00303,S003,2024-08-17,14.95,22.5,66.67,8
G0008424,A00304,S003,2024-08-17,21.21,22.5,100.0,0
G0008425,A00305,S003,2024-08-17,24.48,22.5,100.0,0
G0008426,A00306,S003,2024-08-17,22.95,22.5,100.0,0
G0008427,A00307,S003,2024-08-17,21.91,22.5,91.67,2
G0008428,A00308,S003,2024-08-17,19.95,22.5,95.83,1
G0008429,A00301,S003,2024-08-18,415.38,417.36,100.0,0
G0008430,A00302,S003,2024-08-18,419.33,417.36,100.0,0
G0008431,A00303,S003,2024-08-18,418.6,417.36,100.0,0
G0008432,A00304,S003,2024-08-18,346.91,417.36,83.33,4
G0008433,A00305,S003,2024-08-18,417.96,417.36,100.0,0
G0008434,A00306,S003,2024-08-18,418.77,417.36,100.0,0
G0008435,A00307,S003,2024-08-18,400.23,417.36,95.83,1
G0008436,A00308,S003,2024-08-18,418.55,417.36,100.0,0
G0008437,A00301,S003,2024-08-19,81.46,82.49,100.0,0
G0008438,A00302,S003,2024-08-19,82.61,82.49,100.0,0
G0008439,A00303,S003,2024-08-19,81.97,82.49,100.0,0
G0008440,A00304,S003,2024-08-19,64.19,82.49,100.0,0
G0008441,A00305,S003,2024-08-19,74.37,82.49,100.0,0
G0008442,A00306,S003,2024-08-19,75.58,82.49,91.67,2
G0008443,A00307,S003,2024-08-19,83.59,82.49,100.0,0
G0008444,A00308,S003,2024-08-19,82.02,82.49,100.0,0
G0008445,A00301,S003,2024-08-20,53.9,53.12,100.0,0
G0008446,A00302,S003,2024-08-20,52.6,53.12,100.0,0
G0008447,A00303,S003,2024-08-20,53.0,53.12,100.0,0
G0008448,A00304,S003,2024-08-20,53.81,53.12,100.0,0
G0008449,A00305,S003,2024-08-20,51.61,53.12,100.0,0
G0008450,A00306,S003,2024-08-20,54.63,53.12,100.0,0
G0008451,A00307,S003,2024-08-20,54.12,53.12,100.0,0
G0008452,A00308,S003,2024-08-20,53.98,53.12,100.0,0
G0008453,A00301,S003,2024-08-21,64.01,77.16,83.33,4
G0008454,A00302,S003,2024-08-21,78.25,77.16,100.0,0
G0008455,A00303,S003,2024-08-21,78.26,77.16,100.0,0
G0008456,A00304,S003,2024-08-21,73.74,77.16,95.83,1
G0008457,A00305,S003,2024-08-21,77.43,77.16,100.0,0
G0008458,A00306,S003,2024-08-21,71.4,77.16,100.0,0
G0008459,A00307,S003,2024-08-21,76.81,77.16,100.0,0
G0008460,A00308,S003,2024-08-21,78.41,77.16,100.0,0
G0008461,A00301,S003,2024-08-22,82.72,81.46,100.0,0
G0008462,A00302,S003,2024-08-22,77.22,81.46,95.83,1
G0008463,A00303,S003,2024-08-22,64.57,81.46,100.0,0
G0008464,A00304,S003,2024-08-22,82.42,81.46,100.0,0
G0008465,A00305,S003,2024-08-22,53.43,81.46,83.33,4
G0008466,A00306,S003,2024-08-22,79.59,81.46,100.0,0
G0008467,A00307,S003,2024-08-22,80.63,81.46,100.0,0
G0008468,A00308,S003,2024-08-22,63.6,81.46,100.0,0
G0008469,A00301,S003,2024-08-23,85.77,104.71,83.33,4
G0008470,A00302,S003,2024-08-23,105.74,104.71,100.0,0
G0008471,A00303,S003,2024-08-23,103.29,104.71,100.0,0
G0008472,A00304,S003,2024-08-23,104.69,104.71,100.0,0
G0008473,A00305,S003,2024-08-23,105.81,104.71,100.0,0
G0008474,A00306,S003,2024-08-23,104.77,104.71,100.0,0
G0008475,A00307,S003,2024-08-23,104.26,104.71,100.0,0
G0008476,A00308,S003,2024-08-23,104.73,104.71,100.0,0
G0008477,A00301,S003,2024-08-24,58.06,119.65,50.0,12
G0008478,A00302,S003,2024-08-24,94.52,119.65,100.0,0
G0008479,A00303,S003,2024-08-24,118.02,119.65,100.0,0
G0008480,A00304,S003,2024-08-24,119.51,119.65,100.0,0
G0008481,A00305,S003,2024-08-24,119.74,119.65,100.0,0
G0008482,A00306,S003,2024-08-24,119.68,119.65,100.0,0
G0008483,A00307,S003,2024-08-24,109.73,119.65,100.0,0
G0008484,A00308,S003,2024-08-24,96.46,119.65,100.0,0
G0008485,A00301,S003,2024-08-25,95.46,93.92,100.0,0
G0008486,A00302,S003,2024-08-25,94.02,93.92,100.0,0
G0008487,A00303,S003,2024-08-25,93.17,93.92,100.0,0
G0008488,A00304,S003,2024-08-25,92.99,93.92,100.0,0
G0008489,A00305,S003,2024-08-25,87.2,93.92,91.67,2
G0008490,A00306,S003,2024-08-25,93.07,93.92,100.0,0
G0008491,A00307,S003,2024-08-25,94.34,93.92,100.0,0
G0008492,A00308,S003,2024-08-25,91.94,93.92,100.0,0
G0008493,A00301,S003,2024-08-26,276.7,417.78,66.67,8
G0008494,A00302,S003,2024-08-26,352.46,417.78,91.67,2
G0008495,A00303,S003,2024-08-26,417.93,417.78,100.0,0
G0008496,A00304,S003,2024-08-26,416.32,417.78,100.0,0
G0008497,A00305,S003,2024-08-26,419.76,417.78,100.0,0
G0008498,A00306,S003,2024-08-26,418.68,417.78,100.0,0
G0008499,A00307,S003,2024-08-26,419.31,417.78,100.0,0
G0008500,A00308,S003,2024-08-26,415.87,417.78,100.0,0
G0008501,A00301,S003,2024-08-27,44.95,49.76,91.67,2
G0008502,A00302,S003,2024-08-27,49.44,49.76,100.0,0
G0008503,A00303,S003,2024-08-27,48.91,49.76,100.0,0
G0008504,A00304,S003,2024-08-27,39.76,49.76,100.0,0
G0008505,A00305,S003,2024-08-27,49.52,49.76,100.0,0
G0008506,A00306,S003,2024-08-27,51.64,49.76,100.0,0
G0008507,A00307,S003,2024-08-27,48.31,49.76,100.0,0
G0008508,A00308,S003,2024-08-27,38.82,49.76,100.0,0
G0008509,A00301,S003,2024-08-28,428.96,427.5,100.0,0
G0008510,A00302,S003,2024-08-28,426.74,427.5,100.0,0
G0008511,A00303,S003,2024-08-28,392.73,427.5,91.67,2
G0008512,A00304,S003,2024-08-28,409.02,427.5,95.83,1
G0008513,A00305,S003,2024-08-28,425.97,427.5,100.0,0
G0008514,A00306,S003,2024-08-28,428.87,427.5,100.0,0
G0008515,A00307,S003,2024-08-28,393.96,427.5,100.0,0
G0008516,A00308,S003,2024-08-28,427.19,427.5,100.0,0
G0008517,A00301,S003,2024-08-29,112.02,112.14,100.0,0
G0008518,A00302,S003,2024-08-29,111.39,112.14,100.0,0
G0008519,A00303,S003,2024-08-29,111.89,112.14,100.0,0
G0008520,A00304,S003,2024-08-29,112.29,112.14,100.0,0
G0008521,A00305,S003,2024-08-29,110.95,112.14,100.0,0
G0008522,A00306,S003,2024-08-29,110.69,112.14,100.0,0
G0008523,A00307,S003,2024-08-29,107.47,112.14,95.83,1
G0008524,A00308,S003,2024-08-29,105.1,112.14,100.0,0
G0008525,A00301,S003,2024-08-30,151.16,151.19,100.0,0
G0008526,A00302,S003,2024-08-30,139.42,151.19,100.0,0
G0008527,A00303,S003,2024-08-30,149.21,151.19,100.0,0
G0008528,A00304,S003,2024-08-30,152.48,151.19,100.0,0
G0008529,A00305,S003,2024-08-30,152.51,151.19,100.0,0
G0008530,A00306,S003,2024-08-30,152.33,151.19,100.0,0
G0008531,A00307,S003,2024-08-30,151.58,151.19,100.0,0
G0008532,A00308,S003,2024-08-30,152.69,151.19,100.0,0
G0008533,A00301,S003,2024-08-31,426.58,427.5,100.0,0
G0008534,A00302,S003,2024-08-31,394.21,427.5,100.0,0
G0008535,A00303,S003,2024-08-31,428.79,427.5,100.0,0
G0008536,A00304,S003,2024-08-31,391.82,427.5,100.0,0
G0008537,A00305,S003,2024-08-31,429.07,427.5,100.0,0
G0008538,A00306,S003,2024-08-31,428.59,427.5,100.0,0
G0008539,A00307,S003,2024-08-31,277.37,427.5,100.0,0
G0008540,A00308,S003,2024-08-31,391.48,427.5,100.0,0
G0008541,A00301,S003,2024-09-01,101.67,107.79,95.83,1
G0008542,A00302,S003,2024-09-01,107.22,107.79,100.0,0
G0008543,A00303,S003,2024-09-01,109.7,107.79,100.0,0
G0008544,A00304,S003,2024-09-01,102.54,107.79,95.83,1
G0008545,A00305,S003,2024-09-01,107.14,107.79,100.0,0
G0008546,A00306,S003,2024-09-01,97.41,107.79,100.0,0
G0008547,A00307,S003,2024-09-01,107.75,107.79,100.0,0
G0008548,A00308,S003,2024-09-01,68.12,107.79,100.0,0
G0008549,A00301,S003,2024-09-02,145.63,151.03,95.83,1
G0008550,A00302,S003,2024-09-02,138.93,151.03,100.0,0
G0008551,A00303,S003,2024-09-02,137.49,151.03,91.67,2
G0008552,A00304,S003,2024-09-02,152.88,151.03,100.0,0
G0008553,A00305,S003,2024-09-02,137.61,151.03,100.0,0
G0008554,A00306,S003,2024-09-02,152.73,151.03,100.0,0
G0008555,A00307,S003,2024-09-02,137.94,151.03,100.0,0
G0008556,A00308,S003,2024-09-02,120.66,151.03,100.0,0
G0008557,A00301,S003,2024-09-03,162.39,163.01,100.0,0
G0008558,A00302,S003,2024-09-03,149.96,163.01,100.0,0
G0008559,A00303,S003,2024-09-03,162.19,163.01,100.0,0
G0008560,A00304,S003,2024-09-03,162.06,163.01,100.0,0
G0008561,A00305,S003,2024-09-03,163.49,163.01,100.0,0
G0008562,A00306,S003,2024-09-03,156.26,163.01,95.83,1
G0008563,A00307,S003,2024-09-03,161.05,163.01,100.0,0
G0008564,A00308,S003,2024-09-03,154.51,163.01,95.83,1
G0008565,A00301,S003,2024-09-04,97.88,98.89,100.0,0
G0008566,A00302,S003,2024-09-04,98.9,98.89,100.0,0
G0008567,A00303,S003,2024-09-04,78.99,98.89,100.0,0
G0008568,A00304,S003,2024-09-04,74.53,98.89,83.33,4
G0008569,A00305,S003,2024-09-04,98.34,98.89,100.0,0
G0008570,A00306,S003,2024-09-04,100.28,98.89,100.0,0
G0008571,A00307,S003,2024-09-04,100.84,98.89,100.0,0
G0008572,A00308,S003,2024-09-04,97.48,98.89,100.0,0
G0008573,A00301,S003,2024-09-05,163.74,162.65,100.0,0
G0008574,A00302,S003,2024-09-05,163.58,162.65,100.0,0
G0008575,A00303,S003,2024-09-05,161.94,162.65,100.0,0
G0008576,A00304,S003,2024-09-05,161.73,162.65,100.0,0
G0008577,A00305,S003,2024-09-05,164.64,162.65,100.0,0
G0008578,A00306,S003,2024-09-05,160.94,162.65,100.0,0
G0008579,A00307,S003,2024-09-05,163.2,162.65,100.0,0
G0008580,A00308,S003,2024-09-05,161.67,162.65,100.0,0
G0008581,A00301,S003,2024-09-06,338.35,408.14,83.33,4
G0008582,A00302,S003,2024-09-06,409.93,408.14,100.0,0
G0008583,A00303,S003,2024-09-06,326.05,408.14,100.0,0
G0008584,A00304,S003,2024-09-06,407.16,408.14,100.0,0
G0008585,A00305,S003,2024-09-06,263.81,408.14,100.0,0
G0008586,A00306,S003,2024-09-06,326.5,408.14,100.0,0
G0008587,A00307,S003,2024-09-06,408.07,408.14,100.0,0
G0008588,A00308,S003,2024-09-06,374.46,408.14,100.0,0
G0008589,A00301,S003,2024-09-07,98.35,97.86,100.0,0
G0008590,A00302,S003,2024-09-07,96.3,97.86,100.0,0
G0008591,A00303,S003,2024-09-07,99.33,97.86,100.0,0
G0008592,A00304,S003,2024-09-07,97.89,97.86,100.0,0
G0008593,A00305,S003,2024-09-07,73.64,97.86,83.33,4
G0008594,A00306,S003,2024-09-07,95.94,97.86,100.0,0
G0008595,A00307,S003,2024-09-07,90.12,97.86,91.67,2
G0008596,A00308,S003,2024-09-07,78.08,97.86,100.0,0
G0008597,A00301,S003,2024-09-08,429.34,427.5,100.0,0
G0008598,A00302,S003,2024-09-08,428.6,427.5,100.0,0
G0008599,A00303,S003,2024-09-08,428.77,427.5,100.0,0
G0008600,A00304,S003,2024-09-08,428.83,427.5,100.0,0
G0008601,A00305,S003,2024-09-08,428.02,427.5,100.0,0
G0008602,A00306,S003,2024-09-08,428.64,427.5,100.0,0
G0008603,A00307,S003,2024-09-08,427.94,427.5,100.0,0
G0008604,A00308,S003,2024-09-08,377.59,427.5,95.83,1
G0008605,A00301,S003,2024-09-09,259.58,259.53,100.0,0
G0008606,A00302,S003,2024-09-09,247.49,259.53,95.83,1
G0008607,A00303,S003,2024-09-09,240.32,259.53,100.0,0
G0008608,A00304,S003,2024-09-09,258.21,259.53,100.0,0
G0008609,A00305,S003,2024-09-09,239.5,259.53,100.0,0
G0008610,A00306,S003,2024-09-09,238.61,259.53,91.67,2
G0008611,A00307,S003,2024-09-09,261.18,259.53,100.0,0
G0008612,A00308,S003,2024-09-09,257.84,259.53,100.0,0
G0008613,A00301,S003,2024-09-10,282.01,282.23,100.0,0
G0008614,A00302,S003,2024-09-10,283.68,282.23,100.0,0
G0008615,A00303,S003,2024-09-10,283.37,282.23,100.0,0
G0008616,A00304,S003,2024-09-10,281.31,282.23,100.0,0
G0008617,A00305,S003,2024-09-10,226.84,282.23,100.0,0
G0008618,A00306,S003,2024-09-10,282.44,282.23,100.0,0
G0008619,A00307,S003,2024-09-10,259.46,282.23,100.0,0
G0008620,A00308,S003,2024-09-10,281.56,282.23,100.0,0
G0008621,A00301,S003,2024-09-11,394.46,427.5,100.0,0
G0008622,A00302,S003,2024-09-11,427.31,427.5,100.0,0
G0008623,A00303,S003,2024-09-11,426.6,427.5,100.0,0
G0008624,A00304,S003,2024-09-11,429.15,427.5,100.0,0
G0008625,A00305,S003,2024-09-11,428.25,427.5,100.0,0
G0008626,A00306,S003,2024-09-11,354.47,427.5,83.33,4
G0008627,A00307,S003,2024-09-11,425.82,427.5,100.0,0
G0008628,A00308,S003,2024-09-11,427.31,427.5,100.0,0
G0008629,A00301,S003,2024-09-12,101.92,111.37,91.67,2
G0008630,A00302,S003,2024-09-12,111.29,111.37,100.0,0
G0008631,A00303,S003,2024-09-12,111.1,111.37,100.0,0
G0008632,A00304,S003,2024-09-12,112.28,111.37,100.0,0
G0008633,A00305,S003,2024-09-12,112.93,111.37,100.0,0
G0008634,A00306,S003,2024-09-12,112.18,111.37,100.0,0
G0008635,A00307,S003,2024-09-12,99.54,111.37,95.83,1
G0008636,A00308,S003,2024-09-12,104.05,111.37,100.0,0
G0008637,A00301,S003,2024-09-13,234.76,236.76,100.0,0
G0008638,A00302,S003,2024-09-13,238.09,236.76,100.0,0
G0008639,A00303,S003,2024-09-13,190.62,236.76,100.0,0
G0008640,A00304,S003,2024-09-13,235.2,236.76,100.0,0
G0008641,A00305,S003,2024-09-13,237.17,236.76,100.0,0
G0008642,A00306,S003,2024-09-13,236.08,236.76,100.0,0
G0008643,A00307,S003,2024-09-13,238.12,236.76,100.0,0
G0008644,A00308,S003,2024-09-13,236.48,236.76,100.0,0
G0008645,A00301,S003,2024-09-14,19.81,23.58,91.67,2
G0008646,A00302,S003,2024-09-14,23.15,23.58,100.0,0
G0008647,A00303,S003,2024-09-14,20.67,23.58,95.83,1
G0008648,A00304,S003,2024-09-14,24.43,23.58,100.0,0
G0008649,A00305,S003,2024-09-14,23.6,23.58,100.0,0
G0008650,A00306,S003,2024-09-14,23.2,23.58,100.0,0
G0008651,A00307,S003,2024-09-14,25.57,23.58,100.0,0
G0008652,A00308,S003,2024-09-14,25.34,23.58,100.0,0
G0008653,A00301,S003,2024-09-15,410.94,427.5,95.83,1
G0008654,A00302,S003,2024-09-15,429.48,427.5,100.0,0
G0008655,A00303,S003,2024-09-15,427.31,427.5,100.0,0
G0008656,A00304,S003,2024-09-15,426.81,427.5,100.0,0
G0008657,A00305,S003,2024-09-15,341.11,427.5,100.0,0
G0008658,A00306,S003,2024-09-15,408.86,427.5,95.83,1
G0008659,A00307,S003,2024-09-15,428.82,427.5,100.0,0
G0008660,A00308,S003,2024-09-15,427.3,427.5,100.0,0
G0008661,A00301,S003,2024-09-16,152.01,153.59,100.0,0
G0008662,A00302,S003,2024-09-16,155.52,153.59,100.0,0
G0008663,A00303,S003,2024-09-16,142.62,153.59,100.0,0
G0008664,A00304,S003,2024-09-16,154.43,153.59,100.0,0
G0008665,A00305,S003,2024-09-16,152.69,153.59,100.0,0
G0008666,A00306,S003,2024-09-16,152.81,153.59,100.0,0
G0008667,A00307,S003,2024-09-16,154.81,153.59,100.0,0
G0008668,A00308,S003,2024-09-16,154.06,153.59,100.0,0
G0008669,A00301,S003,2024-09-17,88.96,87.05,100.0,0
G0008670,A00302,S003,2024-09-17,85.27,87.05,100.0,0
G0008671,A00303,S003,2024-09-17,87.76,87.05,100.0,0
G0008672,A00304,S003,2024-09-17,88.62,87.05,100.0,0
G0008673,A00305,S003,2024-09-17,88.64,87.05,100.0,0
G0008674,A00306,S003,2024-09-17,86.96,87.05,100.0,0
G0008675,A00307,S003,2024-09-17,85.7,87.05,100.0,0
G0008676,A00308,S003,2024-09-17,88.96,87.05,100.0,0
G0008677,A00301,S003,2024-09-18,191.61,189.71,100.0,0
G0008678,A00302,S003,2024-09-18,187.73,189.71,100.0,0
G0008679,A00303,S003,2024-09-18,190.69,189.71,100.0,0
G0008680,A00304,S003,2024-09-18,190.06,189.71,100.0,0
G0008681,A00305,S003,2024-09-18,188.95,189.71,100.0,0
G0008682,A00306,S003,2024-09-18,174.48,189.71,91.67,2
G0008683,A00307,S003,2024-09-18,151.15,189.71,100.0,0
G0008684,A00308,S003,2024-09-18,121.61,189.71,100.0,0
G0008685,A00301,S003,2024-09-19,235.33,292.48,100.0,0
G0008686,A00302,S003,2024-09-19,293.27,292.48,100.0,0
G0008687,A00303,S003,2024-09-19,293.89,292.48,100.0,0
G0008688,A00304,S003,2024-09-19,293.12,292.48,100.0,0
G0008689,A00305,S003,2024-09-19,291.6,292.48,100.0,0
G0008690,A00306,S003,2024-09-19,293.02,292.48,100.0,0
G0008691,A00307,S003,2024-09-19,269.0,292.48,100.0,0
G0008692,A00308,S003,2024-09-19,291.97,292.48,100.0,0
G0008693,A00301,S003,2024-09-20,270.0,268.38,100.0,0
G0008694,A00302,S003,2024-09-20,267.24,268.38,100.0,0
G0008695,A00303,S003,2024-09-20,267.04,268.38,100.0,0
G0008696,A00304,S003,2024-09-20,266.97,268.38,100.0,0
G0008697,A00305,S003,2024-09-20,267.19,268.38,100.0,0
G0008698,A00306,S003,2024-09-20,269.92,268.38,100.0,0
G0008699,A00307,S003,2024-09-20,268.34,268.38,100.0,0
G0008700,A00308,S003,2024-09-20,269.21,268.38,100.0,0
G0008701,A00301,S003,2024-09-21,175.44,174.99,100.0,0
G0008702,A00302,S003,2024-09-21,173.62,174.99,100.0,0
G0008703,A00303,S003,2024-09-21,174.75,174.99,100.0,0
G0008704,A00304,S003,2024-09-21,174.79,174.99,100.0,0
G0008705,A00305,S003,2024-09-21,168.26,174.99,95.83,1
G0008706,A00306,S003,2024-09-21,145.34,174.99,83.33,4
G0008707,A00307,S003,2024-09-21,176.29,174.99,100.0,0
G0008708,A00308,S003,2024-09-21,175.81,174.99,100.0,0
G0008709,A00301,S003,2024-09-22,109.91,118.88,100.0,0
G0008710,A00302,S003,2024-09-22,120.22,118.88,100.0,0
G0008711,A00303,S003,2024-09-22,111.11,118.88,100.0,0
G0008712,A00304,S003,2024-09-22,110.37,118.88,91.67,2
G0008713,A00305,S003,2024-09-22,119.82,118.88,100.0,0
G0008714,A00306,S003,2024-09-22,51.86,118.88,66.67,8
G0008715,A00307,S003,2024-09-22,110.13,118.88,100.0,0
G0008716,A00308,S003,2024-09-22,120.62,118.88,100.0,0
G0008717,A00301,S003,2024-09-23,279.35,427.5,100.0,0
G0008718,A00302,S003,2024-09-23,428.49,427.5,100.0,0
G0008719,A00303,S003,2024-09-23,428.54,427.5,100.0,0
G0008720,A00304,S003,2024-09-23,428.01,427.5,100.0,0
G0008721,A00305,S003,2024-09-23,425.55,427.5,100.0,0
G0008722,A00306,S003,2024-09-23,428.59,427.5,100.0,0
G0008723,A00307,S003,2024-09-23,426.03,427.5,100.0,0
G0008724,A00308,S003,2024-09-23,427.57,427.5,100.0,0
G0008725,A00301,S003,2024-09-24,42.9,42.29,100.0,0
G0008726,A00302,S003,2024-09-24,44.1,42.29,100.0,0
G0008727,A00303,S003,2024-09-24,40.9,42.29,100.0,0
G0008728,A00304,S003,2024-09-24,33.9,42.29,100.0,0
G0008729,A00305,S003,2024-09-24,42.23,42.29,100.0,0
G0008730,A00306,S003,2024-09-24,43.3,42.29,100.0,0
G0008731,A00307,S003,2024-09-24,41.74,42.29,100.0,0
G0008732,A00308,S003,2024-09-24,41.96,42.29,100.0,0
G0008733,A00301,S003,2024-09-25,106.53,106.34,100.0,0
G0008734,A00302,S003,2024-09-25,104.35,106.34,100.0,0
G0008735,A00303,S003,2024-09-25,107.4,106.34,100.0,0
G0008736,A00304,S003,2024-09-25,104.71,106.34,100.0,0
G0008737,A00305,S003,2024-09-25,107.32,106.34,100.0,0
G0008738,A00306,S003,2024-09-25,105.32,106.34,100.0,0
G0008739,A00307,S003,2024-09-25,105.68,106.34,100.0,0
G0008740,A00308,S003,2024-09-25,107.42,106.34,100.0,0
G0008741,A00301,S003,2024-09-26,263.42,262.57,100.0,0
G0008742,A00302,S003,2024-09-26,262.81,262.57,100.0,0
G0008743,A00303,S003,2024-09-26,262.92,262.57,100.0,0
G0008744,A00304,S003,2024-09-26,261.51,262.57,100.0,0
G0008745,A00305,S003,2024-09-26,262.94,262.57,100.0,0
G0008746,A00306,S003,2024-09-26,219.9,262.57,83.33,4
G0008747,A00307,S003,2024-09-26,262.8,262.57,100.0,0
G0008748,A00308,S003,2024-09-26,218.91,262.57,83.33,4
G0008749,A00301,S003,2024-09-27,201.21,211.38,95.83,1
G0008750,A00302,S003,2024-09-27,210.93,211.38,100.0,0
G0008751,A00303,S003,2024-09-27,209.91,211.38,100.0,0
G0008752,A00304,S003,2024-09-27,209.44,211.38,100.0,0
G0008753,A00305,S003,2024-09-27,212.8,211.38,100.0,0
G0008754,A00306,S003,2024-09-27,194.6,211.38,100.0,0
G0008755,A00307,S003,2024-09-27,209.47,211.38,100.0,0
G0008756,A00308,S003,2024-09-27,211.19,211.38,100.0,0
G0008757,A00301,S003,2024-09-28,340.07,427.5,100.0,0
G0008758,A00302,S003,2024-09-28,428.86,427.5,100.0,0
G0008759,A00303,S003,2024-09-28,428.05,427.5,100.0,0
G0008760,A00304,S003,2024-09-28,426.36,427.5,100.0,0
G0008761,A00305,S003,2024-09-28,427.76,427.5,100.0,0
G0008762,A00306,S003,2024-09-28,410.07,427.5,95.83,1
G0008763,A00307,S003,2024-09-28,409.3,427.5,95.83,1
G0008764,A00308,S003,2024-09-28,391.93,427.5,100.0,0
G0008765,A00301,S003,2024-09-29,218.99,217.4,100.0,0
G0008766,A00302,S003,2024-09-29,207.31,217.4,95.83,1
G0008767,A00303,S003,2024-09-29,174.76,217.4,100.0,0
G0008768,A00304,S003,2024-09-29,216.65,217.4,100.0,0
G0008769,A00305,S003,2024-09-29,173.86,217.4,100.0,0
G0008770,A00306,S003,2024-09-29,209.59,217.4,95.83,1
G0008771,A00307,S003,2024-09-29,215.91,217.4,100.0,0
G0008772,A00308,S003,2024-09-29,218.86,217.4,100.0,0
G0008773,A00301,S003,2024-09-30,426.31,427.5,100.0,0
G0008774,A00302,S003,2024-09-30,426.46,427.5,100.0,0
G0008775,A00303,S003,2024-09-30,428.14,427.5,100.0,0
G0008776,A00304,S003,2024-09-30,355.05,427.5,83.33,4
G0008777,A00305,S003,2024-09-30,391.38,427.5,100.0,0
G0008778,A00306,S003,2024-09-30,425.68,427.5,100.0,0
G0008779,A00307,S003,2024-09-30,425.99,427.5,100.0,0
G0008780,A00308,S003,2024-09-30,391.37,427.5,100.0,0
G0008781,A00301,S003,2024-10-01,261.31,260.43,100.0,0
G0008782,A00302,S003,2024-10-01,248.23,260.43,95.83,1
G0008783,A00303,S003,2024-10-01,260.83,260.43,100.0,0
G0008784,A00304,S003,2024-10-01,262.34,260.43,100.0,0
G0008785,A00305,S003,2024-10-01,206.38,260.43,100.0,0
G0008786,A00306,S003,2024-10-01,260.38,260.43,100.0,0
G0008787,A00307,S003,2024-10-01,262.11,260.43,100.0,0
G0008788,A00308,S003,2024-10-01,240.35,260.43,91.67,2
G0008789,A00301,S003,2024-10-02,210.14,209.45,100.0,0
G0008790,A00302,S003,2024-10-02,208.24,209.45,100.0,0
G0008791,A00303,S003,2024-10-02,210.97,209.45,100.0,0
G0008792,A00304,S003,2024-10-02,209.45,209.45,100.0,0
G0008793,A00305,S003,2024-10-02,191.72,209.45,100.0,0
G0008794,A00306,S003,2024-10-02,211.01,209.45,100.0,0
G0008795,A00307,S003,2024-10-02,208.36,209.45,100.0,0
G0008796,A00308,S003,2024-10-02,208.62,209.45,100.0,0
G0008797,A00301,S003,2024-10-03,426.68,427.5,100.0,0
G0008798,A00302,S003,2024-10-03,409.16,427.5,95.83,1
G0008799,A00303,S003,2024-10-03,426.08,427.5,100.0,0
G0008800,A00304,S003,2024-10-03,427.83,427.5,100.0,0
G0008801,A00305,S003,2024-10-03,429.15,427.5,100.0,0
G0008802,A00306,S003,2024-10-03,427.87,427.5,100.0,0
G0008803,A00307,S003,2024-10-03,428.63,427.5,100.0,0
G0008804,A00308,S003,2024-10-03,426.79,427.5,100.0,0
G0008805,A00301,S003,2024-10-04,406.02,408.0,100.0,0
G0008806,A00302,S003,2024-10-04,406.05,408.0,100.0,0
G0008807,A00303,S003,2024-10-04,409.66,408.0,100.0,0
G0008808,A00304,S003,2024-10-04,406.37,408.0,100.0,0
G0008809,A00305,S003,2024-10-04,273.63,408.0,66.67,8
G0008810,A00306,S003,2024-10-04,373.06,408.0,91.67,2
G0008811,A00307,S003,2024-10-04,326.19,408.0,100.0,0
G0008812,A00308,S003,2024-10-04,406.66,408.0,100.0,0
G0008813,A00301,S003,2024-10-05,259.61,261.2,100.0,0
G0008814,A00302,S003,2024-10-05,200.42,261.2,83.33,4
G0008815,A00303,S003,2024-10-05,260.61,261.2,100.0,0
G0008816,A00304,S003,2024-10-05,262.56,261.2,100.0,0
G0008817,A00305,S003,2024-10-05,262.54,261.2,100.0,0
G0008818,A00306,S003,2024-10-05,262.46,261.2,100.0,0
G0008819,A00307,S003,2024-10-05,260.24,261.2,100.0,0
G0008820,A00308,S003,2024-10-05,262.66,261.2,100.0,0
G0008821,A00301,S003,2024-10-06,153.59,152.06,100.0,0
G0008822,A00302,S003,2024-10-06,151.78,152.06,100.0,0
G0008823,A00303,S003,2024-10-06,152.76,152.06,100.0,0
G0008824,A00304,S003,2024-10-06,151.04,152.06,100.0,0
G0008825,A00305,S003,2024-10-06,153.1,152.06,100.0,0
G0008826,A00306,S003,2024-10-06,153.91,152.06,100.0,0
G0008827,A00307,S003,2024-10-06,138.03,152.06,100.0,0
G0008828,A00308,S003,2024-10-06,152.48,152.06,100.0,0
G0008829,A00301,S003,2024-10-07,394.24,427.5,100.0,0
G0008830,A00302,S003,2024-10-07,429.11,427.5,100.0,0
G0008831,A00303,S003,2024-10-07,427.4,427.5,100.0,0
G0008832,A00304,S003,2024-10-07,428.98,427.5,100.0,0
G0008833,A00305,S003,2024-10-07,426.81,427.5,100.0,0
G0008834,A00306,S003,2024-10-07,407.83,427.5,95.83,1
G0008835,A00307,S003,2024-10-07,343.04,427.5,100.0,0
G0008836,A00308,S003,2024-10-07,427.25,427.5,100.0,0
G0008837,A00301,S003,2024-10-08,428.07,427.5,100.0,0
G0008838,A00302,S003,2024-10-08,341.27,427.5,100.0,0
G0008839,A00303,S003,2024-10-08,426.76,427.5,100.0,0
G0008840,A00304,S003,2024-10-08,426.22,427.5,100.0,0
G0008841,A00305,S003,2024-10-08,426.17,427.5,100.0,0
G0008842,A00306,S003,2024-10-08,426.26,427.5,100.0,0
G0008843,A00307,S003,2024-10-08,429.45,427.5,100.0,0
G0008844,A00308,S003,2024-10-08,428.72,427.5,100.0,0
G0008845,A00301,S003,2024-10-09,261.31,272.03,95.83,1
G0008846,A00302,S003,2024-10-09,249.14,272.03,91.67,2
G0008847,A00303,S003,2024-10-09,273.03,272.03,100.0,0
G0008848,A00304,S003,2024-10-09,270.38,272.03,100.0,0
G0008849,A00305,S003,2024-10-09,271.11,272.03,100.0,0
G0008850,A00306,S003,2024-10-09,271.04,272.03,100.0,0
G0008851,A00307,S003,2024-10-09,270.3,272.03,100.0,0
G0008852,A00308,S003,2024-10-09,271.18,272.03,100.0,0
G0008853,A00301,S003,2024-10-10,331.05,332.78,100.0,0
G0008854,A00302,S003,2024-10-10,334.37,332.78,100.0,0
G0008855,A00303,S003,2024-10-10,332.71,332.78,100.0,0
G0008856,A00304,S003,2024-10-10,331.27,332.78,100.0,0
G0008857,A00305,S003,2024-10-10,334.52,332.78,100.0,0
G0008858,A00306,S003,2024-10-10,265.0,332.78,100.0,0
G0008859,A00307,S003,2024-10-10,332.09,332.78,100.0,0
G0008860,A00308,S003,2024-10-10,333.69,332.78,100.0,0
G0008861,A00301,S003,2024-10-11,348.39,348.21,100.0,0
G0008862,A00302,S003,2024-10-11,224.75,348.21,100.0,0
G0008863,A00303,S003,2024-10-11,350.08,348.21,100.0,0
G0008864,A00304,S003,2024-10-11,346.48,348.21,100.0,0
G0008865,A00305,S003,2024-10-11,277.08,348.21,100.0,0
G0008866,A00306,S003,2024-10-11,348.43,348.21,100.0,0
G0008867,A00307,S003,2024-10-11,347.26,348.21,100.0,0
G0008868,A00308,S003,2024-10-11,319.02,348.21,91.67,2
G0008869,A00301,S003,2024-10-12,151.4,151.59,100.0,0
G0008870,A00302,S003,2024-10-12,151.67,151.59,100.0,0
G0008871,A00303,S003,2024-10-12,150.51,151.59,100.0,0
G0008872,A00304,S003,2024-10-12,150.51,151.59,100.0,0
G0008873,A00305,S003,2024-10-12,151.55,151.59,100.0,0
G0008874,A00306,S003,2024-10-12,151.83,151.59,100.0,0
G0008875,A00307,S003,2024-10-12,153.1,151.59,100.0,0
G0008876,A00308,S003,2024-10-12,152.38,151.59,100.0,0
G0008877,A00301,S003,2024-10-13,319.07,318.75,100.0,0
G0008878,A00302,S003,2024-10-13,320.48,318.75,100.0,0
G0008879,A00303,S003,2024-10-13,316.95,318.75,100.0,0
G0008880,A00304,S003,2024-10-13,319.65,318.75,100.0,0
G0008881,A00305,S003,2024-10-13,318.79,318.75,100.0,0
G0008882,A00306,S003,2024-10-13,212.15,318.75,66.67,8
G0008883,A00307,S003,2024-10-13,316.76,318.75,100.0,0
G0008884,A00308,S003,2024-10-13,318.67,318.75,100.0,0
G0008885,A00301,S003,2024-10-14,75.19,73.57,100.0,0
G0008886,A00302,S003,2024-10-14,44.94,73.57,91.67,2
G0008887,A00303,S003,2024-10-14,62.46,73.57,83.33,4
G0008888,A00304,S003,2024-10-14,73.86,73.57,100.0,0
G0008889,A00305,S003,2024-10-14,67.37,73.57,100.0,0
G0008890,A00306,S003,2024-10-14,59.96,73.57,100.0,0
G0008891,A00307,S003,2024-10-14,73.62,73.57,100.0,0
G0008892,A00308,S003,2024-10-14,74.77,73.57,100.0,0
G0008893,A00301,S003,2024-10-15,279.57,281.45,100.0,0
G0008894,A00302,S003,2024-10-15,283.43,281.45,100.0,0
G0008895,A00303,S003,2024-10-15,172.87,281.45,66.67,8
G0008896,A00304,S003,2024-10-15,283.42,281.45,100.0,0
G0008897,A00305,S003,2024-10-15,181.75,281.45,100.0,0
G0008898,A00306,S003,2024-10-15,281.47,281.45,100.0,0
G0008899,A00307,S003,2024-10-15,282.04,281.45,100.0,0
G0008900,A00308,S003,2024-10-15,280.34,281.45,100.0,0
G0008901,A00301,S003,2024-10-16,227.68,271.41,83.33,4
G0008902,A00302,S003,2024-10-16,271.04,271.41,100.0,0
G0008903,A00303,S003,2024-10-16,272.5,271.41,100.0,0
G0008904,A00304,S003,2024-10-16,270.42,271.41,100.0,0
G0008905,A00305,S003,2024-10-16,260.94,271.41,95.83,1
G0008906,A00306,S003,2024-10-16,249.18,271.41,100.0,0
G0008907,A00307,S003,2024-10-16,259.52,271.41,95.83,1
G0008908,A00308,S003,2024-10-16,272.97,271.41,100.0,0
G0008909,A00301,S003,2024-10-17,359.61,358.88,100.0,0
G0008910,A00302,S003,2024-10-17,328.14,358.88,91.67,2
G0008911,A00303,S003,2024-10-17,359.92,358.88,100.0,0
G0008912,A00304,S003,2024-10-17,357.96,358.88,100.0,0
G0008913,A00305,S003,2024-10-17,329.73,358.88,100.0,0
G0008914,A00306,S003,2024-10-17,234.52,358.88,100.0,0
G0008915,A00307,S003,2024-10-17,287.33,358.88,100.0,0
G0008916,A00308,S003,2024-10-17,329.87,358.88,91.67,2
G0008917,A00301,S003,2024-10-18,107.69,117.02,100.0,0
G0008918,A00302,S003,2024-10-18,97.48,117.02,83.33,4
G0008919,A00303,S003,2024-10-18,118.31,117.02,100.0,0
G0008920,A00304,S003,2024-10-18,116.3,117.02,100.0,0
G0008921,A00305,S003,2024-10-18,115.43,117.02,100.0,0
G0008922,A00306,S003,2024-10-18,77.53,117.02,100.0,0
G0008923,A00307,S003,2024-10-18,118.18,117.02,100.0,0
G0008924,A00308,S003,2024-10-18,115.15,117.02,100.0,0
G0008925,A00301,S003,2024-10-19,221.13,277.05,100.0,0
G0008926,A00302,S003,2024-10-19,276.56,277.05,100.0,0
G0008927,A00303,S003,2024-10-19,222.38,277.05,100.0,0
G0008928,A00304,S003,2024-10-19,278.18,277.05,100.0,0
G0008929,A00305,S003,2024-10-19,264.76,277.05,95.83,1
G0008930,A00306,S003,2024-10-19,278.4,277.05,100.0,0
G0008931,A00307,S003,2024-10-19,275.16,277.05,100.0,0
G0008932,A00308,S003,2024-10-19,278.56,277.05,100.0,0
G0008933,A00301,S003,2024-10-20,369.82,369.05,100.0,0
G0008934,A00302,S003,2024-10-20,368.9,369.05,100.0,0
G0008935,A00303,S003,2024-10-20,367.97,369.05,100.0,0
G0008936,A00304,S003,2024-10-20,354.15,369.05,95.83,1
G0008937,A00305,S003,2024-10-20,338.97,369.05,100.0,0
G0008938,A00306,S003,2024-10-20,368.12,369.05,100.0,0
G0008939,A00307,S003,2024-10-20,367.99,369.05,100.0,0
G0008940,A00308,S003,2024-10-20,369.48,369.05,100.0,0
G0008941,A00301,S003,2024-10-21,96.68,119.29,100.0,0
G0008942,A00302,S003,2024-10-21,119.52,119.29,100.0,0
G0008943,A00303,S003,2024-10-21,118.97,119.29,100.0,0
G0008944,A00304,S003,2024-10-21,118.63,119.29,100.0,0
G0008945,A00305,S003,2024-10-21,119.55,119.29,100.0,0
G0008946,A00306,S003,2024-10-21,117.95,119.29,100.0,0
G0008947,A00307,S003,2024-10-21,112.41,119.29,95.83,1
G0008948,A00308,S003,2024-10-21,121.05,119.29,100.0,0
G0008949,A00301,S003,2024-10-22,308.45,308.01,100.0,0
G0008950,A00302,S003,2024-10-22,307.61,308.01,100.0,0
G0008951,A00303,S003,2024-10-22,306.53,308.01,100.0,0
G0008952,A00304,S003,2024-10-22,307.68,308.01,100.0,0
G0008953,A00305,S003,2024-10-22,308.8,308.01,100.0,0
G0008954,A00306,S003,2024-10-22,244.62,308.01,100.0,0
G0008955,A00307,S003,2024-10-22,309.83,308.01,100.0,0
G0008956,A00308,S003,2024-10-22,308.63,308.01,100.0,0
G0008957,A00301,S003,2024-10-23,215.38,217.06,100.0,0
G0008958,A00302,S003,2024-10-23,217.39,217.06,100.0,0
G0008959,A00303,S003,2024-10-23,198.92,217.06,100.0,0
G0008960,A00304,S003,2024-10-23,217.88,217.06,100.0,0
G0008961,A00305,S003,2024-10-23,217.3,217.06,100.0,0
G0008962,A00306,S003,2024-10-23,199.49,217.06,100.0,0
G0008963,A00307,S003,2024-10-23,180.44,217.06,83.33,4
G0008964,A00308,S003,2024-10-23,218.43,217.06,100.0,0
G0008965,A00301,S003,2024-10-24,98.14,96.49,100.0,0
G0008966,A00302,S003,2024-10-24,95.45,96.49,100.0,0
G0008967,A00303,S003,2024-10-24,87.91,96.49,100.0,0
G0008968,A00304,S003,2024-10-24,96.36,96.49,100.0,0
G0008969,A00305,S003,2024-10-24,95.69,96.49,100.0,0
G0008970,A00306,S003,2024-10-24,94.75,96.49,100.0,0
G0008971,A00307,S003,2024-10-24,87.43,96.49,100.0,0
G0008972,A00308,S003,2024-10-24,94.39,96.49,95.83,1
G0008973,A00301,S003,2024-10-25,229.56,227.64,100.0,0
G0008974,A00302,S003,2024-10-25,227.73,227.64,100.0,0
G0008975,A00303,S003,2024-10-25,225.71,227.64,100.0,0
G0008976,A00304,S003,2024-10-25,227.47,227.64,100.0,0
G0008977,A00305,S003,2024-10-25,226.4,227.64,100.0,0
G0008978,A00306,S003,2024-10-25,209.83,227.64,100.0,0
G0008979,A00307,S003,2024-10-25,181.92,227.64,100.0,0
G0008980,A00308,S003,2024-10-25,74.75,227.64,50.0,12
G0008981,A00301,S003,2024-10-26,170.48,170.4,100.0,0
G0008982,A00302,S003,2024-10-26,171.46,170.4,100.0,0
G0008983,A00303,S003,2024-10-26,157.95,170.4,100.0,0
G0008984,A00304,S003,2024-10-26,168.88,170.4,100.0,0
G0008985,A00305,S003,2024-10-26,170.09,170.4,100.0,0
G0008986,A00306,S003,2024-10-26,171.64,170.4,100.0,0
G0008987,A00307,S003,2024-10-26,169.65,170.4,100.0,0
G0008988,A00308,S003,2024-10-26,135.32,170.4,100.0,0
G0008989,A00301,S003,2024-10-27,130.08,128.46,100.0,0
G0008990,A00302,S003,2024-10-27,129.92,128.46,100.0,0
G0008991,A00303,S003,2024-10-27,111.91,128.46,95.83,1
G0008992,A00304,S003,2024-10-27,117.47,128.46,100.0,0
G0008993,A00305,S003,2024-10-27,128.94,128.46,100.0,0
G0008994,A00306,S003,2024-10-27,127.14,128.46,100.0,0
G0008995,A00307,S003,2024-10-27,116.72,128.46,100.0,0
G0008996,A00308,S003,2024-10-27,106.83,128.46,91.67,2
G0008997,A00301,S003,2024-10-28,100.25,98.34,100.0,0
G0008998,A00302,S003,2024-10-28,99.6,98.34,100.0,0
G0008999,A00303,S003,2024-10-28,97.13,98.34,100.0,0
G0009000,A00304,S003,2024-10-28,100.1,98.34,100.0,0
G0009001,A00305,S003,2024-10-28,94.45,98.34,95.83,1
G0009002,A00306,S003,2024-10-28,97.86,98.34,100.0,0
G0009003,A00307,S003,2024-10-28,97.04,98.34,100.0,0
G0009004,A00308,S003,2024-10-28,97.8,98.34,100.0,0
G0009005,A00301,S003,2024-10-29,179.13,221.46,100.0,0
G0009006,A00302,S003,2024-10-29,220.93,221.46,100.0,0
G0009007,A00303,S003,2024-10-29,143.42,221.46,100.0,0
G0009008,A00304,S003,2024-10-29,219.71,221.46,100.0,0
G0009009,A00305,S003,2024-10-29,222.49,221.46,100.0,0
G0009010,A00306,S003,2024-10-29,183.24,221.46,83.33,4
G0009011,A00307,S003,2024-10-29,221.86,221.46,100.0,0
G0009012,A00308,S003,2024-10-29,223.4,221.46,100.0,0
G0009013,A00301,S003,2024-10-30,293.16,318.04,100.0,0
G0009014,A00302,S003,2024-10-30,319.32,318.04,100.0,0
G0009015,A00303,S003,2024-10-30,211.72,318.04,66.67,8
G0009016,A00304,S003,2024-10-30,318.09,318.04,100.0,0
G0009017,A00305,S003,2024-10-30,254.46,318.04,100.0,0
G0009018,A00306,S003,2024-10-30,316.33,318.04,100.0,0
G0009019,A00307,S003,2024-10-30,318.73,318.04,100.0,0
G0009020,A00308,S003,2024-10-30,316.12,318.04,100.0,0
G0009021,A00301,S003,2024-10-31,19.08,22.5,100.0,0
G0009022,A00302,S003,2024-10-31,22.11,22.5,100.0,0
G0009023,A00303,S003,2024-10-31,20.88,22.5,100.0,0
G0009024,A00304,S003,2024-10-31,22.32,22.5,100.0,0
G0009025,A00305,S003,2024-10-31,20.5,22.5,100.0,0
G0009026,A00306,S003,2024-10-31,21.41,22.5,100.0,0
G0009027,A00307,S003,2024-10-31,23.84,22.5,100.0,0
G0009028,A00308,S003,2024-10-31,23.19,22.5,100.0,0
G0009029,A00301,S003,2024-11-01,340.19,427.5,100.0,0
G0009030,A00302,S003,2024-11-01,428.91,427.5,100.0,0
G0009031,A00303,S003,2024-11-01,392.26,427.5,100.0,0
G0009032,A00304,S003,2024-11-01,429.28,427.5,100.0,0
G0009033,A00305,S003,2024-11-01,425.6,427.5,100.0,0
G0009034,A00306,S003,2024-11-01,428.33,427.5,100.0,0
G0009035,A00307,S003,2024-11-01,426.09,427.5,100.0,0
G0009036,A00308,S003,2024-11-01,428.69,427.5,100.0,0
G0009037,A00301,S003,2024-11-02,76.52,75.43,100.0,0
G0009038,A00302,S003,2024-11-02,73.75,75.43,100.0,0
G0009039,A00303,S003,2024-11-02,75.62,75.43,100.0,0
G0009040,A00304,S003,2024-11-02,71.16,75.43,100.0,0
G0009041,A00305,S003,2024-11-02,74.15,75.43,100.0,0
G0009042,A00306,S003,2024-11-02,75.51,75.43,100.0,0
G0009043,A00307,S003,2024-11-02,75.68,75.43,100.0,0
G0009044,A00308,S003,2024-11-02,76.5,75.43,100.0,0
G0009045,A00301,S003,2024-11-03,74.68,73.2,100.0,0
G0009046,A00302,S003,2024-11-03,73.76,73.2,100.0,0
G0009047,A00303,S003,2024-11-03,72.99,73.2,100.0,0
G0009048,A00304,S003,2024-11-03,73.52,73.2,100.0,0
G0009049,A00305,S003,2024-11-03,72.57,73.2,100.0,0
G0009050,A00306,S003,2024-11-03,69.75,73.2,95.83,1
G0009051,A00307,S003,2024-11-03,63.66,73.2,91.67,2
G0009052,A00308,S003,2024-11-03,72.24,73.2,100.0,0
G0009053,A00301,S003,2024-11-04,99.33,98.03,100.0,0
G0009054,A00302,S003,2024-11-04,98.58,98.03,100.0,0
G0009055,A00303,S003,2024-11-04,98.53,98.03,100.0,0
G0009056,A00304,S003,2024-11-04,99.06,98.03,100.0,0
G0009057,A00305,S003,2024-11-04,98.76,98.03,100.0,0
G0009058,A00306,S003,2024-11-04,98.56,98.03,100.0,0
G0009059,A00307,S003,2024-11-04,94.5,98.03,95.83,1
G0009060,A00308,S003,2024-11-04,97.97,98.03,100.0,0
G0009061,A00301,S003,2024-11-05,86.81,86.01,100.0,0
G0009062,A00302,S003,2024-11-05,70.41,86.01,100.0,0
G0009063,A00303,S003,2024-11-05,84.31,86.01,100.0,0
G0009064,A00304,S003,2024-11-05,84.72,86.01,100.0,0
G0009065,A00305,S003,2024-11-05,44.11,86.01,66.67,8
G0009066,A00306,S003,2024-11-05,85.54,86.01,100.0,0
G0009067,A00307,S003,2024-11-05,84.16,86.01,100.0,0
G0009068,A00308,S003,2024-11-05,87.43,86.01,100.0,0
G0009069,A00301,S003,2024-11-06,173.02,171.08,100.0,0
G0009070,A00302,S003,2024-11-06,170.66,171.08,100.0,0
G0009071,A00303,S003,2024-11-06,144.2,171.08,83.33,4
G0009072,A00304,S003,2024-11-06,162.98,171.08,95.83,1
G0009073,A00305,S003,2024-11-06,172.31,171.08,100.0,0
G0009074,A00306,S003,2024-11-06,172.32,171.08,100.0,0
G0009075,A00307,S003,2024-11-06,171.7,171.08,100.0,0
G0009076,A00308,S003,2024-11-06,170.17,171.08,100.0,0
G0009077,A00301,S003,2024-11-07,138.62,140.53,100.0,0
G0009078,A00302,S003,2024-11-07,140.38,140.53,100.0,0
G0009079,A00303,S003,2024-11-07,142.22,140.53,100.0,0
G0009080,A00304,S003,2024-11-07,104.39,140.53,91.67,2
G0009081,A00305,S003,2024-11-07,141.01,140.53,100.0,0
G0009082,A00306,S003,2024-11-07,129.22,140.53,100.0,0
G0009083,A00307,S003,2024-11-07,139.18,140.53,100.0,0
G0009084,A00308,S003,2024-11-07,141.89,140.53,100.0,0
G0009085,A00301,S003,2024-11-08,245.72,247.59,100.0,0
G0009086,A00302,S003,2024-11-08,246.99,247.59,100.0,0
G0009087,A00303,S003,2024-11-08,248.7,247.59,100.0,0
G0009088,A00304,S003,2024-11-08,249.39,247.59,100.0,0
G0009089,A00305,S003,2024-11-08,247.48,247.59,100.0,0
G0009090,A00306,S003,2024-11-08,245.8,247.59,100.0,0
G0009091,A00307,S003,2024-11-08,247.49,247.59,100.0,0
G0009092,A00308,S003,2024-11-08,132.79,247.59,66.67,8
G0009093,A00301,S003,2024-11-09,27.95,33.22,100.0,0
G0009094,A00302,S003,2024-11-09,33.98,33.22,100.0,0
G0009095,A00303,S003,2024-11-09,30.5,33.22,95.83,1
G0009096,A00304,S003,2024-11-09,34.74,33.22,100.0,0
G0009097,A00305,S003,2024-11-09,23.26,33.22,66.67,8
G0009098,A00306,S003,2024-11-09,33.0,33.22,100.0,0
G0009099,A00307,S003,2024-11-09,33.34,33.22,100.0,0
G0009100,A00308,S003,2024-11-09,21.96,33.22,66.67,8
G0009101,A00301,S003,2024-11-10,145.77,146.97,100.0,0
G0009102,A00302,S003,2024-11-10,148.03,146.97,100.0,0
G0009103,A00303,S003,2024-11-10,146.7,146.97,100.0,0
G0009104,A00304,S003,2024-11-10,146.13,146.97,100.0,0
G0009105,A00305,S003,2024-11-10,146.21,146.97,100.0,0
G0009106,A00306,S003,2024-11-10,146.13,146.97,100.0,0
G0009107,A00307,S003,2024-11-10,148.67,146.97,100.0,0
G0009108,A00308,S003,2024-11-10,146.93,146.97,100.0,0
G0009109,A00301,S003,2024-11-11,228.98,230.08,100.0,0
G0009110,A00302,S003,2024-11-11,230.0,230.08,100.0,0
G0009111,A00303,S003,2024-11-11,228.15,230.08,100.0,0
G0009112,A00304,S003,2024-11-11,184.78,230.08,100.0,0
G0009113,A00305,S003,2024-11-11,232.06,230.08,100.0,0
G0009114,A00306,S003,2024-11-11,230.75,230.08,100.0,0
G0009115,A00307,S003,2024-11-11,229.31,230.08,100.0,0
G0009116,A00308,S003,2024-11-11,229.76,230.08,100.0,0
G0009117,A00301,S003,2024-11-12,57.75,58.83,100.0,0
G0009118,A00302,S003,2024-11-12,58.4,58.83,100.0,0
G0009119,A00303,S003,2024-11-12,39.95,58.83,66.67,8
G0009120,A00304,S003,2024-11-12,59.02,58.83,100.0,0
G0009121,A00305,S003,2024-11-12,59.75,58.83,100.0,0
G0009122,A00306,S003,2024-11-12,57.6,58.83,100.0,0
G0009123,A00307,S003,2024-11-12,60.6,58.83,100.0,0
G0009124,A00308,S003,2024-11-12,46.16,58.83,100.0,0
G0009125,A00301,S003,2024-11-13,127.5,138.59,91.67,2
G0009126,A00302,S003,2024-11-13,115.44,138.59,83.33,4
G0009127,A00303,S003,2024-11-13,138.29,138.59,100.0,0
G0009128,A00304,S003,2024-11-13,139.57,138.59,100.0,0
G0009129,A00305,S003,2024-11-13,137.8,138.59,100.0,0
G0009130,A00306,S003,2024-11-13,137.54,138.59,100.0,0
G0009131,A00307,S003,2024-11-13,140.39,138.59,100.0,0
G0009132,A00308,S003,2024-11-13,139.28,138.59,100.0,0
G0009133,A00301,S003,2024-11-14,105.04,105.13,100.0,0
G0009134,A00302,S003,2024-11-14,83.45,105.13,100.0,0
G0009135,A00303,S003,2024-11-14,84.35,105.13,100.0,0
G0009136,A00304,S003,2024-11-14,68.11,105.13,66.67,8
G0009137,A00305,S003,2024-11-14,85.07,105.13,100.0,0
G0009138,A00306,S003,2024-11-14,70.95,105.13,66.67,8
G0009139,A00307,S003,2024-11-14,105.57,105.13,100.0,0
G0009140,A00308,S003,2024-11-14,104.78,105.13,100.0,0
G0009141,A00301,S003,2024-11-15,176.99,177.8,100.0,0
G0009142,A00302,S003,2024-11-15,179.13,177.8,100.0,0
G0009143,A00303,S003,2024-11-15,175.97,177.8,100.0,0
G0009144,A00304,S003,2024-11-15,176.99,177.8,100.0,0
G0009145,A00305,S003,2024-11-15,177.62,177.8,100.0,0
G0009146,A00306,S003,2024-11-15,177.2,177.8,100.0,0
G0009147,A00307,S003,2024-11-15,164.7,177.8,100.0,0
G0009148,A00308,S003,2024-11-15,179.61,177.8,100.0,0
G0009149,A00301,S003,2024-11-16,114.43,116.0,100.0,0
G0009150,A00302,S003,2024-11-16,114.43,116.0,100.0,0
G0009151,A00303,S003,2024-11-16,116.63,116.0,100.0,0
G0009152,A00304,S003,2024-11-16,115.85,116.0,100.0,0
G0009153,A00305,S003,2024-11-16,114.32,116.0,100.0,0
G0009154,A00306,S003,2024-11-16,114.94,116.0,100.0,0
G0009155,A00307,S003,2024-11-16,117.94,116.0,100.0,0
G0009156,A00308,S003,2024-11-16,115.9,116.0,100.0,0
G0009157,A00301,S003,2024-11-17,66.81,104.66,100.0,0
G0009158,A00302,S003,2024-11-17,105.38,104.66,100.0,0
G0009159,A00303,S003,2024-11-17,95.3,104.66,100.0,0
G0009160,A00304,S003,2024-11-17,105.83,104.66,100.0,0
G0009161,A00305,S003,2024-11-17,103.3,104.66,100.0,0
G0009162,A00306,S003,2024-11-17,105.97,104.66,100.0,0
G0009163,A00307,S003,2024-11-17,105.65,104.66,100.0,0
G0009164,A00308,S003,2024-11-17,104.34,104.66,100.0,0
G0009165,A00301,S003,2024-11-18,251.48,315.66,100.0,0
G0009166,A00302,S003,2024-11-18,315.31,315.66,100.0,0
G0009167,A00303,S003,2024-11-18,315.83,315.66,100.0,0
G0009168,A00304,S003,2024-11-18,315.87,315.66,100.0,0
G0009169,A00305,S003,2024-11-18,314.99,315.66,100.0,0
G0009170,A00306,S003,2024-11-18,315.25,315.66,100.0,0
G0009171,A00307,S003,2024-11-18,316.56,315.66,100.0,0
G0009172,A00308,S003,2024-11-18,292.4,315.66,100.0,0
G0009173,A00301,S003,2024-11-19,230.25,240.76,95.83,1
G0009174,A00302,S003,2024-11-19,239.04,240.76,100.0,0
G0009175,A00303,S003,2024-11-19,194.58,240.76,100.0,0
G0009176,A00304,S003,2024-11-19,242.34,240.76,100.0,0
G0009177,A00305,S003,2024-11-19,242.09,240.76,100.0,0
G0009178,A00306,S003,2024-11-19,220.12,240.76,100.0,0
G0009179,A00307,S003,2024-11-19,242.17,240.76,100.0,0
G0009180,A00308,S003,2024-11-19,220.3,240.76,100.0,0
G0009181,A00301,S003,2024-11-20,425.85,427.5,100.0,0
G0009182,A00302,S003,2024-11-20,429.26,427.5,100.0,0
G0009183,A00303,S003,2024-11-20,427.32,427.5,100.0,0
G0009184,A00304,S003,2024-11-20,408.74,427.5,95.83,1
G0009185,A00305,S003,2024-11-20,425.89,427.5,100.0,0
G0009186,A00306,S003,2024-11-20,426.78,427.5,100.0,0
G0009187,A00307,S003,2024-11-20,428.29,427.5,100.0,0
G0009188,A00308,S003,2024-11-20,427.84,427.5,100.0,0
G0009189,A00301,S003,2024-11-21,427.37,427.5,100.0,0
G0009190,A00302,S003,2024-11-21,426.25,427.5,100.0,0
G0009191,A00303,S003,2024-11-21,392.8,427.5,91.67,2
G0009192,A00304,S003,2024-11-21,427.67,427.5,100.0,0
G0009193,A00305,S003,2024-11-21,425.98,427.5,100.0,0
G0009194,A00306,S003,2024-11-21,427.56,427.5,100.0,0
G0009195,A00307,S003,2024-11-21,425.67,427.5,100.0,0
G0009196,A00308,S003,2024-11-21,409.9,427.5,95.83,1
G0009197,A00301,S003,2024-11-22,349.06,362.21,95.83,1
G0009198,A00302,S003,2024-11-22,361.63,362.21,100.0,0
G0009199,A00303,S003,2024-11-22,332.37,362.21,100.0,0
G0009200,A00304,S003,2024-11-22,361.49,362.21,100.0,0
G0009201,A00305,S003,2024-11-22,331.75,362.21,100.0,0
G0009202,A00306,S003,2024-11-22,361.7,362.21,100.0,0
G0009203,A00307,S003,2024-11-22,362.4,362.21,100.0,0
G0009204,A00308,S003,2024-11-22,360.62,362.21,100.0,0
G0009205,A00301,S003,2024-11-23,166.62,166.14,100.0,0
G0009206,A00302,S003,2024-11-23,164.29,166.14,100.0,0
G0009207,A00303,S003,2024-11-23,153.07,166.14,91.67,2
G0009208,A00304,S003,2024-11-23,152.08,166.14,100.0,0
G0009209,A00305,S003,2024-11-23,165.58,166.14,100.0,0
G0009210,A00306,S003,2024-11-23,154.2,166.14,100.0,0
G0009211,A00307,S003,2024-11-23,165.11,166.14,100.0,0
G0009212,A00308,S003,2024-11-23,164.99,166.14,100.0,0
G0009213,A00301,S003,2024-11-24,147.52,146.65,100.0,0
G0009214,A00302,S003,2024-11-24,145.88,146.65,100.0,0
G0009215,A00303,S003,2024-11-24,145.71,146.65,100.0,0
G0009216,A00304,S003,2024-11-24,145.43,146.65,100.0,0
G0009217,A00305,S003,2024-11-24,139.92,146.65,95.83,1
G0009218,A00306,S003,2024-11-24,91.92,146.65,66.67,8
G0009219,A00307,S003,2024-11-24,118.72,146.65,100.0,0
G0009220,A00308,S003,2024-11-24,121.64,146.65,83.33,4
G0009221,A00301,S003,2024-11-25,87.91,88.21,100.0,0
G0009222,A00302,S003,2024-11-25,58.91,88.21,66.67,8
G0009223,A00303,S003,2024-11-25,70.46,88.21,100.0,0
G0009224,A00304,S003,2024-11-25,87.62,88.21,100.0,0
G0009225,A00305,S003,2024-11-25,80.11,88.21,100.0,0
G0009226,A00306,S003,2024-11-25,87.27,88.21,100.0,0
G0009227,A00307,S003,2024-11-25,86.23,88.21,100.0,0
G0009228,A00308,S003,2024-11-25,86.35,88.21,100.0,0
G0009229,A00301,S003,2024-11-26,85.43,87.67,95.83,1
G0009230,A00302,S003,2024-11-26,86.46,87.67,100.0,0
G0009231,A00303,S003,2024-11-26,88.14,87.67,100.0,0
G0009232,A00304,S003,2024-11-26,87.77,87.67,100.0,0
G0009233,A00305,S003,2024-11-26,81.25,87.67,100.0,0
G0009234,A00306,S003,2024-11-26,89.06,87.67,100.0,0
G0009235,A00307,S003,2024-11-26,85.69,87.67,100.0,0
G0009236,A00308,S003,2024-11-26,88.8,87.67,100.0,0
G0009237,A00301,S003,2024-11-27,216.77,282.64,83.33,4
G0009238,A00302,S003,2024-11-27,182.61,282.64,100.0,0
G0009239,A00303,S003,2024-11-27,284.63,282.64,100.0,0
G0009240,A00304,S003,2024-11-27,282.2,282.64,100.0,0
G0009241,A00305,S003,2024-11-27,282.66,282.64,100.0,0
G0009242,A00306,S003,2024-11-27,284.33,282.64,100.0,0
G0009243,A00307,S003,2024-11-27,284.51,282.64,100.0,0
G0009244,A00308,S003,2024-11-27,281.39,282.64,100.0,0
G0009245,A00301,S003,2024-11-28,135.19,137.05,100.0,0
G0009246,A00302,S003,2024-11-28,135.31,137.05,100.0,0
G0009247,A00303,S003,2024-11-28,138.43,137.05,100.0,0
G0009248,A00304,S003,2024-11-28,138.25,137.05,100.0,0
G0009249,A00305,S003,2024-11-28,136.52,137.05,100.0,0
G0009250,A00306,S003,2024-11-28,124.91,137.05,91.67,2
G0009251,A00307,S003,2024-11-28,136.71,137.05,100.0,0
G0009252,A00308,S003,2024-11-28,136.85,137.05,100.0,0
G0009253,A00301,S003,2024-11-29,266.47,267.53,100.0,0
G0009254,A00302,S003,2024-11-29,266.22,267.53,100.0,0
G0009255,A00303,S003,2024-11-29,269.39,267.53,100.0,0
G0009256,A00304,S003,2024-11-29,244.44,267.53,100.0,0
G0009257,A00305,S003,2024-11-29,268.33,267.53,100.0,0
G0009258,A00306,S003,2024-11-29,268.66,267.53,100.0,0
G0009259,A00307,S003,2024-11-29,266.06,267.53,100.0,0
G0009260,A00308,S003,2024-11-29,266.56,267.53,100.0,0
G0009261,A00301,S003,2024-11-30,411.97,412.03,100.0,0
G0009262,A00302,S003,2024-11-30,411.15,412.03,100.0,0
G0009263,A00303,S003,2024-11-30,269.36,412.03,100.0,0
G0009264,A00304,S003,2024-11-30,342.82,412.03,83.33,4
G0009265,A00305,S003,2024-11-30,412.4,412.03,100.0,0
G0009266,A00306,S003,2024-11-30,376.38,412.03,91.67,2
G0009267,A00307,S003,2024-11-30,410.38,412.03,100.0,0
G0009268,A00308,S003,2024-11-30,342.76,412.03,83.33,4
G0009269,A00301,S003,2024-12-01,76.76,75.78,100.0,0
G0009270,A00302,S003,2024-12-01,73.99,75.78,100.0,0
G0009271,A00303,S003,2024-12-01,74.77,75.78,100.0,0
G0009272,A00304,S003,2024-12-01,68.75,75.78,100.0,0
G0009273,A00305,S003,2024-12-01,56.78,75.78,91.67,2
G0009274,A00306,S003,2024-12-01,74.09,75.78,100.0,0
G0009275,A00307,S003,2024-12-01,74.85,75.78,100.0,0
G0009276,A00308,S003,2024-12-01,68.92,75.78,91.67,2
G0009277,A00301,S003,2024-12-02,242.22,240.3,100.0,0
G0009278,A00302,S003,2024-12-02,239.73,240.3,100.0,0
G0009279,A00303,S003,2024-12-02,240.4,240.3,100.0,0
G0009280,A00304,S003,2024-12-02,240.56,240.3,100.0,0
G0009281,A00305,S003,2024-12-02,240.54,240.3,100.0,0
G0009282,A00306,S003,2024-12-02,241.15,240.3,100.0,0
G0009283,A00307,S003,2024-12-02,230.39,240.3,95.83,1
G0009284,A00308,S003,2024-12-02,159.82,240.3,83.33,4
G0009285,A00301,S003,2024-12-03,133.39,139.38,95.83,1
G0009286,A00302,S003,2024-12-03,138.95,139.38,100.0,0
G0009287,A00303,S003,2024-12-03,139.92,139.38,100.0,0
G0009288,A00304,S003,2024-12-03,141.11,139.38,100.0,0
G0009289,A00305,S003,2024-12-03,140.23,139.38,100.0,0
G0009290,A00306,S003,2024-12-03,137.55,139.38,100.0,0
G0009291,A00307,S003,2024-12-03,137.64,139.38,100.0,0
G0009292,A00308,S003,2024-12-03,139.64,139.38,100.0,0
G0009293,A00301,S003,2024-12-04,428.69,427.5,100.0,0
G0009294,A00302,S003,2024-12-04,428.83,427.5,100.0,0
G0009295,A00303,S003,2024-12-04,426.03,427.5,100.0,0
G0009296,A00304,S003,2024-12-04,428.92,427.5,100.0,0
G0009297,A00305,S003,2024-12-04,428.59,427.5,100.0,0
G0009298,A00306,S003,2024-12-04,390.46,427.5,91.67,2
G0009299,A00307,S003,2024-12-04,425.59,427.5,100.0,0
G0009300,A00308,S003,2024-12-04,425.56,427.5,100.0,0
G0009301,A00301,S003,2024-12-05,350.11,351.17,100.0,0
G0009302,A00302,S003,2024-12-05,349.55,351.17,100.0,0
G0009303,A00303,S003,2024-12-05,351.58,351.17,100.0,0
G0009304,A00304,S003,2024-12-05,282.92,351.17,100.0,0
G0009305,A00305,S003,2024-12-05,351.24,351.17,100.0,0
G0009306,A00306,S003,2024-12-05,349.39,351.17,100.0,0
G0009307,A00307,S003,2024-12-05,323.46,351.17,100.0,0
G0009308,A00308,S003,2024-12-05,350.67,351.17,100.0,0
G0009309,A00301,S003,2024-12-06,321.69,319.97,100.0,0
G0009310,A00302,S003,2024-12-06,257.62,319.97,100.0,0
G0009311,A00303,S003,2024-12-06,320.87,319.97,100.0,0
G0009312,A00304,S003,2024-12-06,257.1,319.97,100.0,0
G0009313,A00305,S003,2024-12-06,321.22,319.97,100.0,0
G0009314,A00306,S003,2024-12-06,321.43,319.97,100.0,0
G0009315,A00307,S003,2024-12-06,319.18,319.97,100.0,0
G0009316,A00308,S003,2024-12-06,318.64,319.97,100.0,0
G0009317,A00301,S003,2024-12-07,256.34,257.55,100.0,0
G0009318,A00302,S003,2024-12-07,256.42,257.55,100.0,0
G0009319,A00303,S003,2024-12-07,258.28,257.55,100.0,0
G0009320,A00304,S003,2024-12-07,248.77,257.55,95.83,1
G0009321,A00305,S003,2024-12-07,248.82,257.55,95.83,1
G0009322,A00306,S003,2024-12-07,256.19,257.55,100.0,0
G0009323,A00307,S003,2024-12-07,257.1,257.55,100.0,0
G0009324,A00308,S003,2024-12-07,237.22,257.55,100.0,0
G0009325,A00301,S003,2024-12-08,268.85,266.99,100.0,0
G0009326,A00302,S003,2024-12-08,212.7,266.99,100.0,0
G0009327,A00303,S003,2024-12-08,268.26,266.99,100.0,0
G0009328,A00304,S003,2024-12-08,245.6,266.99,91.67,2
G0009329,A00305,S003,2024-12-08,268.14,266.99,100.0,0
G0009330,A00306,S003,2024-12-08,202.78,266.99,95.83,1
G0009331,A00307,S003,2024-12-08,266.06,266.99,100.0,0
G0009332,A00308,S003,2024-12-08,267.02,266.99,100.0,0
G0009333,A00301,S003,2024-12-09,89.56,91.53,100.0,0
G0009334,A00302,S003,2024-12-09,90.73,91.53,100.0,0
G0009335,A00303,S003,2024-12-09,92.55,91.53,100.0,0
G0009336,A00304,S003,2024-12-09,90.53,91.53,100.0,0
G0009337,A00305,S003,2024-12-09,82.38,91.53,100.0,0
G0009338,A00306,S003,2024-12-09,92.89,91.53,100.0,0
G0009339,A00307,S003,2024-12-09,65.13,91.53,91.67,2
G0009340,A00308,S003,2024-12-09,91.01,91.53,100.0,0
G0009341,A00301,S003,2024-12-10,178.43,177.43,100.0,0
G0009342,A00302,S003,2024-12-10,176.64,177.43,100.0,0
G0009343,A00303,S003,2024-12-10,177.11,177.43,100.0,0
G0009344,A00304,S003,2024-12-10,177.71,177.43,100.0,0
G0009345,A00305,S003,2024-12-10,177.04,177.43,100.0,0
G0009346,A00306,S003,2024-12-10,176.49,177.43,100.0,0
G0009347,A00307,S003,2024-12-10,176.22,177.43,100.0,0
G0009348,A00308,S003,2024-12-10,178.83,177.43,100.0,0
G0009349,A00301,S003,2024-12-11,321.26,320.6,100.0,0
G0009350,A00302,S003,2024-12-11,294.87,320.6,100.0,0
G0009351,A00303,S003,2024-12-11,306.0,320.6,95.83,1
G0009352,A00304,S003,2024-12-11,321.98,320.6,100.0,0
G0009353,A00305,S003,2024-12-11,295.43,320.6,100.0,0
G0009354,A00306,S003,2024-12-11,322.39,320.6,100.0,0
G0009355,A00307,S003,2024-12-11,207.04,320.6,100.0,0
G0009356,A00308,S003,2024-12-11,319.73,320.6,100.0,0
G0009357,A00301,S003,2024-12-12,377.65,377.14,100.0,0
G0009358,A00302,S003,2024-12-12,246.09,377.14,100.0,0
G0009359,A00303,S003,2024-12-12,375.42,377.14,100.0,0
G0009360,A00304,S003,2024-12-12,247.02,377.14,100.0,0
G0009361,A00305,S003,2024-12-12,377.7,377.14,100.0,0
G0009362,A00306,S003,2024-12-12,377.07,377.14,100.0,0
G0009363,A00307,S003,2024-12-12,376.17,377.14,100.0,0
G0009364,A00308,S003,2024-12-12,302.61,377.14,100.0,0
G0009365,A00301,S003,2024-12-13,150.37,166.09,91.67,2
G0009366,A00302,S003,2024-12-13,165.74,166.09,100.0,0
G0009367,A00303,S003,2024-12-13,164.32,166.09,100.0,0
G0009368,A00304,S003,2024-12-13,164.91,166.09,100.0,0
G0009369,A00305,S003,2024-12-13,164.95,166.09,100.0,0
G0009370,A00306,S003,2024-12-13,165.35,166.09,100.0,0
G0009371,A00307,S003,2024-12-13,167.95,166.09,100.0,0
G0009372,A00308,S003,2024-12-13,166.17,166.09,100.0,0
G0009373,A00301,S003,2024-12-14,290.66,363.46,100.0,0
G0009374,A00302,S003,2024-12-14,363.62,363.46,100.0,0
G0009375,A00303,S003,2024-12-14,301.2,363.46,83.33,4
G0009376,A00304,S003,2024-12-14,364.84,363.46,100.0,0
G0009377,A00305,S003,2024-12-14,362.51,363.46,100.0,0
G0009378,A00306,S003,2024-12-14,336.23,363.46,100.0,0
G0009379,A00307,S003,2024-12-14,364.25,363.46,100.0,0
G0009380,A00308,S003,2024-12-14,362.04,363.46,100.0,0
G0009381,A00301,S003,2024-12-15,210.47,211.27,100.0,0
G0009382,A00302,S003,2024-12-15,209.41,211.27,100.0,0
G0009383,A00303,S003,2024-12-15,212.33,211.27,100.0,0
G0009384,A00304,S003,2024-12-15,211.96,211.27,100.0,0
G0009385,A00305,S003,2024-12-15,211.57,211.27,100.0,0
G0009386,A00306,S003,2024-12-15,209.66,211.27,100.0,0
G0009387,A00307,S003,2024-12-15,209.37,211.27,100.0,0
G0009388,A00308,S003,2024-12-15,212.61,211.27,100.0,0
G0009389,A00301,S003,2024-12-16,65.72,70.82,100.0,0
G0009390,A00302,S003,2024-12-16,66.09,70.82,100.0,0
G0009391,A00303,S003,2024-12-16,65.64,70.82,100.0,0
G0009392,A00304,S003,2024-12-16,71.65,70.82,100.0,0
G0009393,A00305,S003,2024-12-16,71.4,70.82,100.0,0
G0009394,A00306,S003,2024-12-16,71.32,70.82,100.0,0
G0009395,A00307,S003,2024-12-16,65.35,70.82,100.0,0
G0009396,A00308,S003,2024-12-16,71.88,70.82,100.0,0
G0009397,A00301,S003,2024-12-17,200.2,200.23,100.0,0
G0009398,A00302,S003,2024-12-17,200.06,200.23,100.0,0
G0009399,A00303,S003,2024-12-17,201.0,200.23,100.0,0
G0009400,A00304,S003,2024-12-17,168.03,200.23,83.33,4
G0009401,A00305,S003,2024-12-17,201.78,200.23,100.0,0
G0009402,A00306,S003,2024-12-17,129.97,200.23,100.0,0
G0009403,A00307,S003,2024-12-17,201.4,200.23,100.0,0
G0009404,A00308,S003,2024-12-17,198.89,200.23,100.0,0
G0009405,A00301,S003,2024-12-18,382.62,383.09,100.0,0
G0009406,A00302,S003,2024-12-18,352.69,383.09,100.0,0
G0009407,A00303,S003,2024-12-18,317.68,383.09,83.33,4
G0009408,A00304,S003,2024-12-18,317.25,383.09,83.33,4
G0009409,A00305,S003,2024-12-18,383.72,383.09,100.0,0
G0009410,A00306,S003,2024-12-18,191.48,383.09,50.0,12
G0009411,A00307,S003,2024-12-18,382.01,383.09,100.0,0
G0009412,A00308,S003,2024-12-18,383.68,383.09,100.0,0
G0009413,A00301,S003,2024-12-19,93.41,93.99,100.0,0
G0009414,A00302,S003,2024-12-19,95.32,93.99,100.0,0
G0009415,A00303,S003,2024-12-19,92.16,93.99,100.0,0
G0009416,A00304,S003,2024-12-19,94.83,93.99,100.0,0
G0009417,A00305,S003,2024-12-19,95.89,93.99,100.0,0
G0009418,A00306,S003,2024-12-19,95.19,93.99,100.0,0
G0009419,A00307,S003,2024-12-19,95.37,93.99,100.0,0
G0009420,A00308,S003,2024-12-19,93.48,93.99,100.0,0
G0009421,A00301,S003,2024-12-20,78.71,80.24,100.0,0
G0009422,A00302,S003,2024-12-20,73.06,80.24,100.0,0
G0009423,A00303,S003,2024-12-20,79.3,80.24,100.0,0
G0009424,A00304,S003,2024-12-20,63.99,80.24,100.0,0
G0009425,A00305,S003,2024-12-20,82.14,80.24,100.0,0
G0009426,A00306,S003,2024-12-20,78.34,80.24,100.0,0
G0009427,A00307,S003,2024-12-20,79.0,80.24,100.0,0
G0009428,A00308,S003,2024-12-20,81.74,80.24,100.0,0
G0009429,A00301,S003,2024-12-21,82.48,81.62,100.0,0
G0009430,A00302,S003,2024-12-21,80.41,81.62,100.0,0
G0009431,A00303,S003,2024-12-21,81.84,81.62,100.0,0
G0009432,A00304,S003,2024-12-21,83.42,81.62,100.0,0
G0009433,A00305,S003,2024-12-21,79.92,81.62,100.0,0
G0009434,A00306,S003,2024-12-21,83.53,81.62,100.0,0
G0009435,A00307,S003,2024-12-21,79.62,81.62,100.0,0
G0009436,A00308,S003,2024-12-21,82.67,81.62,100.0,0
G0009437,A00301,S003,2024-12-22,273.03,271.57,100.0,0
G0009438,A00302,S003,2024-12-22,269.95,271.57,100.0,0
G0009439,A00303,S003,2024-12-22,269.66,271.57,100.0,0
G0009440,A00304,S003,2024-12-22,272.79,271.57,100.0,0
G0009441,A00305,S003,2024-12-22,260.5,271.57,95.83,1
G0009442,A00306,S003,2024-12-22,273.15,271.57,100.0,0
G0009443,A00307,S003,2024-12-22,272.54,271.57,100.0,0
G0009444,A00308,S003,2024-12-22,259.99,271.57,95.83,1
G0009445,A00301,S003,2024-12-23,284.54,286.46,100.0,0
G0009446,A00302,S003,2024-12-23,261.7,286.46,100.0,0
G0009447,A00303,S003,2024-12-23,263.64,286.46,100.0,0
G0009448,A00304,S003,2024-12-23,285.79,286.46,100.0,0
G0009449,A00305,S003,2024-12-23,285.73,286.46,100.0,0
G0009450,A00306,S003,2024-12-23,265.04,286.46,100.0,0
G0009451,A00307,S003,2024-12-23,253.24,286.46,95.83,1
G0009452,A00308,S003,2024-12-23,286.89,286.46,100.0,0
G0009453,A00301,S003,2024-12-24,327.99,328.78,100.0,0
G0009454,A00302,S003,2024-12-24,329.48,328.78,100.0,0
G0009455,A00303,S003,2024-12-24,329.36,328.78,100.0,0
G0009456,A00304,S003,2024-12-24,328.53,328.78,100.0,0
G0009457,A00305,S003,2024-12-24,328.55,328.78,100.0,0
G0009458,A00306,S003,2024-12-24,329.39,328.78,100.0,0
G0009459,A00307,S003,2024-12-24,327.92,328.78,100.0,0
G0009460,A00308,S003,2024-12-24,329.96,328.78,100.0,0
G0009461,A00301,S003,2024-12-25,215.28,266.8,100.0,0
G0009462,A00302,S003,2024-12-25,267.74,266.8,100.0,0
G0009463,A00303,S003,2024-12-25,242.92,266.8,91.67,2
G0009464,A00304,S003,2024-12-25,235.25,266.8,95.83,1
G0009465,A00305,S003,2024-12-25,266.04,266.8,100.0,0
G0009466,A00306,S003,2024-12-25,265.32,266.8,100.0,0
G0009467,A00307,S003,2024-12-25,267.61,266.8,100.0,0
G0009468,A00308,S003,2024-12-25,265.98,266.8,100.0,0
G0009469,A00301,S003,2024-12-26,128.78,135.41,95.83,1
G0009470,A00302,S003,2024-12-26,88.36,135.41,66.67,8
G0009471,A00303,S003,2024-12-26,134.97,135.41,100.0,0
G0009472,A00304,S003,2024-12-26,134.73,135.41,100.0,0
G0009473,A00305,S003,2024-12-26,134.3,135.41,100.0,0
G0009474,A00306,S003,2024-12-26,135.32,135.41,100.0,0
G0009475,A00307,S003,2024-12-26,88.49,135.41,100.0,0
G0009476,A00308,S003,2024-12-26,135.47,135.41,100.0,0
G0009477,A00301,S003,2024-12-27,217.76,270.04,100.0,0
G0009478,A00302,S003,2024-12-27,270.16,270.04,100.0,0
G0009479,A00303,S003,2024-12-27,269.14,270.04,100.0,0
G0009480,A00304,S003,2024-12-27,270.29,270.04,100.0,0
G0009481,A00305,S003,2024-12-27,270.88,270.04,100.0,0
G0009482,A00306,S003,2024-12-27,271.7,270.04,100.0,0
G0009483,A00307,S003,2024-12-27,268.84,270.04,100.0,0
G0009484,A00308,S003,2024-12-27,271.26,270.04,100.0,0
G0009485,A00301,S003,2024-12-28,115.61,114.61,100.0,0
G0009486,A00302,S003,2024-12-28,111.41,114.61,95.83,1
G0009487,A00303,S003,2024-12-28,116.05,114.61,100.0,0
G0009488,A00304,S003,2024-12-28,56.03,114.61,50.0,12
G0009489,A00305,S003,2024-12-28,75.55,114.61,100.0,0
G0009490,A00306,S003,2024-12-28,115.07,114.61,100.0,0
G0009491,A00307,S003,2024-12-28,114.64,114.61,100.0,0
G0009492,A00308,S003,2024-12-28,115.41,114.61,100.0,0
G0009493,A00301,S003,2024-12-29,105.43,104.45,100.0,0
G0009494,A00302,S003,2024-12-29,103.49,104.45,100.0,0
G0009495,A00303,S003,2024-12-29,103.47,104.45,100.0,0
G0009496,A00304,S003,2024-12-29,105.35,104.45,100.0,0
G0009497,A00305,S003,2024-12-29,104.1,104.45,100.0,0
G0009498,A00306,S003,2024-12-29,95.41,104.45,100.0,0
G0009499,A00307,S003,2024-12-29,87.87,104.45,91.67,2
G0009500,A00308,S003,2024-12-29,104.36,104.45,100.0,0
G0009501,A00301,S003,2024-12-30,219.47,221.02,100.0,0
G0009502,A00302,S003,2024-12-30,204.45,221.02,100.0,0
G0009503,A00303,S003,2024-12-30,220.44,221.02,100.0,0
G0009504,A00304,S003,2024-12-30,175.54,221.02,100.0,0
G0009505,A00305,S003,2024-12-30,220.57,221.02,100.0,0
G0009506,A00306,S003,2024-12-30,222.32,221.02,100.0,0
G0009507,A00307,S003,2024-12-30,222.89,221.02,100.0,0
G0009508,A00308,S003,2024-12-30,183.98,221.02,83.33,4
G0009509,A00301,S003,2024-12-31,166.6,166.29,100.0,0
G0009510,A00302,S003,2024-12-31,152.96,166.29,100.0,0
G0009511,A00303,S003,2024-12-31,165.09,166.29,100.0,0
G0009512,A00304,S003,2024-12-31,151.03,166.29,100.0,0
G0009513,A00305,S003,2024-12-31,167.38,166.29,100.0,0
G0009514,A00306,S003,2024-12-31,165.38,166.29,100.0,0
G0009515,A00307,S003,2024-12-31,151.57,166.29,100.0,0
G0009516,A00308,S003,2024-12-31,152.4,166.29,100.0,0
G0009517,A00401,S004,2024-01-01,115.83,125.38,100.0,0
G0009518,A00402,S004,2024-01-01,119.43,125.38,95.83,1
G0009519,A00403,S004,2024-01-01,123.62,125.38,100.0,0
G0009520,A00404,S004,2024-01-01,64.24,125.38,50.0,12
G0009521,A00405,S004,2024-01-01,125.48,125.38,100.0,0
G0009522,A00406,S004,2024-01-01,121.99,125.38,95.83,1
G0009523,A00407,S004,2024-01-01,124.98,125.38,100.0,0
G0009524,A00408,S004,2024-01-01,99.0,125.38,100.0,0
G0009525,A00409,S004,2024-01-01,123.83,125.38,100.0,0
G0009526,A00410,S004,2024-01-01,127.15,125.38,100.0,0
G0009527,A00401,S004,2024-01-02,66.52,64.79,100.0,0
G0009528,A00402,S004,2024-01-02,64.77,64.79,100.0,0
G0009529,A00403,S004,2024-01-02,63.65,64.79,100.0,0
G0009530,A00404,S004,2024-01-02,64.49,64.79,100.0,0
G0009531,A00405,S004,2024-01-02,64.03,64.79,100.0,0
G0009532,A00406,S004,2024-01-02,64.88,64.79,100.0,0
G0009533,A00407,S004,2024-01-02,66.48,64.79,100.0,0
G0009534,A00408,S004,2024-01-02,63.51,64.79,100.0,0
G0009535,A00409,S004,2024-01-02,52.49,64.79,83.33,4
G0009536,A00410,S004,2024-01-02,59.81,64.79,100.0,0
G0009537,A00401,S004,2024-01-03,73.18,72.9,100.0,0
G0009538,A00402,S004,2024-01-03,72.38,72.9,100.0,0
G0009539,A00403,S004,2024-01-03,39.88,72.9,83.33,4
G0009540,A00404,S004,2024-01-03,35.21,72.9,50.0,12
G0009541,A00405,S004,2024-01-03,71.9,72.9,100.0,0
G0009542,A00406,S004,2024-01-03,37.94,72.9,50.0,12
G0009543,A00407,S004,2024-01-03,60.01,72.9,83.33,4
G0009544,A00408,S004,2024-01-03,58.55,72.9,100.0,0
G0009545,A00409,S004,2024-01-03,74.03,72.9,100.0,0
G0009546,A00410,S004,2024-01-03,72.72,72.9,100.0,0
G0009547,A00401,S004,2024-01-04,64.85,68.74,100.0,0
G0009548,A00402,S004,2024-01-04,68.34,68.74,100.0,0
G0009549,A00403,S004,2024-01-04,46.1,68.74,100.0,0
G0009550,A00404,S004,2024-01-04,69.69,68.74,100.0,0
G0009551,A00405,S004,2024-01-04,66.87,68.74,100.0,0
G0009552,A00406,S004,2024-01-04,62.82,68.74,91.67,2
G0009553,A00407,S004,2024-01-04,69.1,68.74,100.0,0
G0009554,A00408,S004,2024-01-04,69.77,68.74,100.0,0
G0009555,A00409,S004,2024-01-04,68.66,68.74,100.0,0
G0009556,A00410,S004,2024-01-04,68.22,68.74,100.0,0
G0009557,A00401,S004,2024-01-05,96.36,94.71,100.0,0
G0009558,A00402,S004,2024-01-05,94.75,94.71,100.0,0
G0009559,A00403,S004,2024-01-05,63.14,94.71,66.67,8
G0009560,A00404,S004,2024-01-05,89.06,94.71,100.0,0
G0009561,A00405,S004,2024-01-05,96.21,94.71,100.0,0
G0009562,A00406,S004,2024-01-05,76.77,94.71,100.0,0
G0009563,A00407,S004,2024-01-05,94.96,94.71,100.0,0
G0009564,A00408,S004,2024-01-05,92.8,94.71,100.0,0
G0009565,A00409,S004,2024-01-05,63.6,94.71,66.67,8
G0009566,A00410,S004,2024-01-05,96.02,94.71,100.0,0
G0009567,A00401,S004,2024-01-06,99.5,99.56,100.0,0
G0009568,A00402,S004,2024-01-06,98.39,99.56,100.0,0
G0009569,A00403,S004,2024-01-06,97.14,99.56,95.83,1
G0009570,A00404,S004,2024-01-06,99.58,99.56,100.0,0
G0009571,A00405,S004,2024-01-06,100.9,99.56,100.0,0
G0009572,A00406,S004,2024-01-06,100.23,99.56,100.0,0
G0009573,A00407,S004,2024-01-06,84.73,99.56,83.33,4
G0009574,A00408,S004,2024-01-06,101.51,99.56,100.0,0
G0009575,A00409,S004,2024-01-06,97.7,99.56,100.0,0
G0009576,A00410,S004,2024-01-06,77.77,99.56,100.0,0
G0009577,A00401,S004,2024-01-07,163.55,162.47,100.0,0
G0009578,A00402,S004,2024-01-07,157.37,162.47,95.83,1
G0009579,A00403,S004,2024-01-07,147.72,162.47,91.67,2
G0009580,A00404,S004,2024-01-07,157.64,162.47,95.83,1
G0009581,A00405,S004,2024-01-07,163.09,162.47,100.0,0
G0009582,A00406,S004,2024-01-07,162.37,162.47,100.0,0
G0009583,A00407,S004,2024-01-07,164.44,162.47,100.0,0
G0009584,A00408,S004,2024-01-07,163.93,162.47,100.0,0
G0009585,A00409,S004,2024-01-07,162.14,162.47,100.0,0
G0009586,A00410,S004,2024-01-07,163.84,162.47,100.0,0
G0009587,A00401,S004,2024-01-08,36.97,56.85,95.83,1
G0009588,A00402,S004,2024-01-08,55.28,56.85,100.0,0
G0009589,A00403,S004,2024-01-08,48.99,56.85,95.83,1
G0009590,A00404,S004,2024-01-08,55.69,56.85,100.0,0
G0009591,A00405,S004,2024-01-08,37.57,56.85,100.0,0
G0009592,A00406,S004,2024-01-08,54.86,56.85,100.0,0
G0009593,A00407,S004,2024-01-08,55.63,56.85,100.0,0
G0009594,A00408,S004,2024-01-08,43.59,56.85,100.0,0
G0009595,A00409,S004,2024-01-08,56.58,56.85,100.0,0
G0009596,A00410,S004,2024-01-08,37.19,56.85,100.0,0
G0009597,A00401,S004,2024-01-09,41.0,42.38,95.83,1
G0009598,A00402,S004,2024-01-09,43.19,42.38,100.0,0
G0009599,A00403,S004,2024-01-09,27.87,42.38,66.67,8
G0009600,A00404,S004,2024-01-09,43.76,42.38,100.0,0
G0009601,A00405,S004,2024-01-09,43.55,42.38,100.0,0
G0009602,A00406,S004,2024-01-09,42.94,42.38,100.0,0
G0009603,A00407,S004,2024-01-09,40.39,42.38,100.0,0
G0009604,A00408,S004,2024-01-09,41.97,42.38,100.0,0
G0009605,A00409,S004,2024-01-09,42.88,42.38,100.0,0
G0009606,A00410,S004,2024-01-09,42.41,42.38,100.0,0
G0009607,A00401,S004,2024-01-10,15.07,16.32,100.0,0
G0009608,A00402,S004,2024-01-10,17.49,16.32,100.0,0
G0009609,A00403,S004,2024-01-10,9.91,16.32,100.0,0
G0009610,A00404,S004,2024-01-10,16.25,16.32,100.0,0
G0009611,A00405,S004,2024-01-10,16.5,16.32,100.0,0
G0009612,A00406,S004,2024-01-10,15.14,16.32,100.0,0
G0009613,A00407,S004,2024-01-10,14.21,16.32,100.0,0
G0009614,A00408,S004,2024-01-10,15.74,16.32,100.0,0
G0009615,A00409,S004,2024-01-10,18.11,16.32,100.0,0
G0009616,A00410,S004,2024-01-10,13.95,16.32,100.0,0
G0009617,A00401,S004,2024-01-11,12.91,12.07,100.0,0
G0009618,A00402,S004,2024-01-11,9.12,12.07,100.0,0
G0009619,A00403,S004,2024-01-11,12.99,12.07,100.0,0
G0009620,A00404,S004,2024-01-11,8.2,12.07,100.0,0
G0009621,A00405,S004,2024-01-11,7.69,12.07,100.0,0
G0009622,A00406,S004,2024-01-11,11.35,12.07,100.0,0
G0009623,A00407,S004,2024-01-11,11.37,12.07,100.0,0
G0009624,A00408,S004,2024-01-11,13.82,12.07,100.0,0
G0009625,A00409,S004,2024-01-11,13.01,12.07,100.0,0
G0009626,A00410,S004,2024-01-11,13.43,12.07,100.0,0
G0009627,A00401,S004,2024-01-12,59.69,61.25,100.0,0
G0009628,A00402,S004,2024-01-12,47.63,61.25,100.0,0
G0009629,A00403,S004,2024-01-12,60.62,61.25,100.0,0
G0009630,A00404,S004,2024-01-12,54.45,61.25,91.67,2
G0009631,A00405,S004,2024-01-12,62.1,61.25,100.0,0
G0009632,A00406,S004,2024-01-12,61.79,61.25,100.0,0
G0009633,A00407,S004,2024-01-12,61.07,61.25,100.0,0
G0009634,A00408,S004,2024-01-12,63.19,61.25,100.0,0
G0009635,A00409,S004,2024-01-12,58.89,61.25,95.83,1
G0009636,A00410,S004,2024-01-12,40.85,61.25,66.67,8
G0009637,A00401,S004,2024-01-13,102.82,103.77,100.0,0
G0009638,A00402,S004,2024-01-13,67.5,103.77,100.0,0
G0009639,A00403,S004,2024-01-13,101.82,103.77,100.0,0
G0009640,A00404,S004,2024-01-13,105.38,103.77,100.0,0
G0009641,A00405,S004,2024-01-13,102.04,103.77,100.0,0
G0009642,A00406,S004,2024-01-13,103.55,103.77,100.0,0
G0009643,A00407,S004,2024-01-13,102.51,103.77,100.0,0
G0009644,A00408,S004,2024-01-13,77.43,103.77,91.67,2
G0009645,A00409,S004,2024-01-13,82.41,103.77,100.0,0
G0009646,A00410,S004,2024-01-13,100.79,103.77,95.83,1
G0009647,A00401,S004,2024-01-14,96.82,98.15,100.0,0
G0009648,A00402,S004,2024-01-14,96.7,98.15,100.0,0
G0009649,A00403,S004,2024-01-14,97.2,98.15,100.0,0
G0009650,A00404,S004,2024-01-14,90.23,98.15,91.67,2
G0009651,A00405,S004,2024-01-14,90.76,98.15,100.0,0
G0009652,A00406,S004,2024-01-14,97.4,98.15,100.0,0
G0009653,A00407,S004,2024-01-14,96.73,98.15,100.0,0
G0009654,A00408,S004,2024-01-14,99.16,98.15,100.0,0
G0009655,A00409,S004,2024-01-14,99.98,98.15,100.0,0
G0009656,A00410,S004,2024-01-14,96.39,98.15,100.0,0
G0009657,A00401,S004,2024-01-15,126.61,126.91,100.0,0
G0009658,A00402,S004,2024-01-15,126.77,126.91,100.0,0
G0009659,A00403,S004,2024-01-15,128.77,126.91,100.0,0
G0009660,A00404,S004,2024-01-15,127.87,126.91,100.0,0
G0009661,A00405,S004,2024-01-15,106.4,126.91,83.33,4
G0009662,A00406,S004,2024-01-15,126.51,126.91,100.0,0
G0009663,A00407,S004,2024-01-15,128.78,126.91,100.0,0
G0009664,A00408,S004,2024-01-15,127.6,126.91,100.0,0
G0009665,A00409,S004,2024-01-15,125.76,126.91,100.0,0
G0009666,A00410,S004,2024-01-15,126.07,126.91,100.0,0
G0009667,A00401,S004,2024-01-16,93.65,91.87,100.0,0
G0009668,A00402,S004,2024-01-16,83.35,91.87,91.67,2
G0009669,A00403,S004,2024-01-16,92.41,91.87,100.0,0
G0009670,A00404,S004,2024-01-16,93.25,91.87,100.0,0
G0009671,A00405,S004,2024-01-16,74.43,91.87,100.0,0
G0009672,A00406,S004,2024-01-16,76.84,91.87,83.33,4
G0009673,A00407,S004,2024-01-16,83.36,91.87,100.0,0
G0009674,A00408,S004,2024-01-16,90.32,91.87,100.0,0
G0009675,A00409,S004,2024-01-16,83.84,91.87,91.67,2
G0009676,A00410,S004,2024-01-16,88.76,91.87,95.83,1
G0009677,A00401,S004,2024-01-17,48.55,96.46,50.0,12
G0009678,A00402,S004,2024-01-17,96.44,96.46,100.0,0
G0009679,A00403,S004,2024-01-17,98.11,96.46,100.0,0
G0009680,A00404,S004,2024-01-17,98.15,96.46,100.0,0
G0009681,A00405,S004,2024-01-17,95.3,96.46,100.0,0
G0009682,A00406,S004,2024-01-17,97.65,96.46,100.0,0
G0009683,A00407,S004,2024-01-17,65.27,96.46,66.67,8
G0009684,A00408,S004,2024-01-17,96.31,96.46,100.0,0
G0009685,A00409,S004,2024-01-17,97.14,96.46,100.0,0
G0009686,A00410,S004,2024-01-17,94.73,96.46,100.0,0
G0009687,A00401,S004,2024-01-18,42.61,41.31,100.0,0
G0009688,A00402,S004,2024-01-18,40.54,41.31,100.0,0
G0009689,A00403,S004,2024-01-18,40.87,41.31,100.0,0
G0009690,A00404,S004,2024-01-18,40.9,41.31,100.0,0
G0009691,A00405,S004,2024-01-18,41.41,41.31,100.0,0
G0009692,A00406,S004,2024-01-18,42.18,41.31,100.0,0
G0009693,A00407,S004,2024-01-18,40.46,41.31,100.0,0
G0009694,A00408,S004,2024-01-18,33.92,41.31,83.33,4
G0009695,A00409,S004,2024-01-18,38.56,41.31,95.83,1
G0009696,A00410,S004,2024-01-18,42.52,41.31,100.0,0
G0009697,A00401,S004,2024-01-19,112.96,112.45,100.0,0
G0009698,A00402,S004,2024-01-19,112.84,112.45,100.0,0
G0009699,A00403,S004,2024-01-19,113.58,112.45,100.0,0
G0009700,A00404,S004,2024-01-19,109.09,112.45,95.83,1
G0009701,A00405,S004,2024-01-19,88.06,112.45,100.0,0
G0009702,A00406,S004,2024-01-19,114.16,112.45,100.0,0
G0009703,A00407,S004,2024-01-19,90.31,112.45,100.0,0
G0009704,A00408,S004,2024-01-19,111.88,112.45,100.0,0
G0009705,A00409,S004,2024-01-19,111.91,112.45,100.0,0
G0009706,A00410,S004,2024-01-19,104.48,112.45,91.67,2
G0009707,A00401,S004,2024-01-20,79.89,85.35,91.67,2
G0009708,A00402,S004,2024-01-20,84.58,85.35,100.0,0
G0009709,A00403,S004,2024-01-20,84.09,85.35,100.0,0
G0009710,A00404,S004,2024-01-20,86.97,85.35,100.0,0
G0009711,A00405,S004,2024-01-20,83.98,85.35,100.0,0
G0009712,A00406,S004,2024-01-20,86.25,85.35,100.0,0
G0009713,A00407,S004,2024-01-20,85.16,85.35,100.0,0
G0009714,A00408,S004,2024-01-20,85.64,85.35,100.0,0
G0009715,A00409,S004,2024-01-20,70.49,85.35,83.33,4
G0009716,A00410,S004,2024-01-20,55.62,85.35,66.67,8
G0009717,A00401,S004,2024-01-21,77.06,76.37,100.0,0
G0009718,A00402,S004,2024-01-21,75.38,76.37,100.0,0
G0009719,A00403,S004,2024-01-21,76.69,76.37,100.0,0
G0009720,A00404,S004,2024-01-21,77.57,76.37,100.0,0
G0009721,A00405,S004,2024-01-21,76.65,76.37,100.0,0
G0009722,A00406,S004,2024-01-21,78.16,76.37,100.0,0
G0009723,A00407,S004,2024-01-21,77.72,76.37,100.0,0
G0009724,A00408,S004,2024-01-21,62.14,76.37,83.33,4
G0009725,A00409,S004,2024-01-21,76.68,76.37,100.0,0
G0009726,A00410,S004,2024-01-21,74.69,76.37,100.0,0
G0009727,A00401,S004,2024-01-22,44.86,49.99,100.0,0
G0009728,A00402,S004,2024-01-22,48.67,49.99,100.0,0
G0009729,A00403,S004,2024-01-22,51.79,49.99,100.0,0
G0009730,A00404,S004,2024-01-22,46.76,49.99,91.67,2
G0009731,A00405,S004,2024-01-22,49.58,49.99,100.0,0
G0009732,A00406,S004,2024-01-22,33.26,49.99,100.0,0
G0009733,A00407,S004,2024-01-22,46.76,49.99,95.83,1
G0009734,A00408,S004,2024-01-22,46.33,49.99,95.83,1
G0009735,A00409,S004,2024-01-22,50.74,49.99,100.0,0
G0009736,A00410,S004,2024-01-22,45.28,49.99,91.67,2
G0009737,A00401,S004,2024-01-23,106.26,106.67,100.0,0
G0009738,A00402,S004,2024-01-23,107.4,106.67,100.0,0
G0009739,A00403,S004,2024-01-23,108.05,106.67,100.0,0
G0009740,A00404,S004,2024-01-23,106.26,106.67,100.0,0
G0009741,A00405,S004,2024-01-23,106.54,106.67,100.0,0
G0009742,A00406,S004,2024-01-23,104.9,106.67,100.0,0
G0009743,A00407,S004,2024-01-23,100.54,106.67,95.83,1
G0009744,A00408,S004,2024-01-23,105.92,106.67,100.0,0
G0009745,A00409,S004,2024-01-23,107.12,106.67,100.0,0
G0009746,A00410,S004,2024-01-23,106.14,106.67,100.0,0
G0009747,A00401,S004,2024-01-24,71.11,70.64,100.0,0
G0009748,A00402,S004,2024-01-24,62.79,70.64,91.67,2
G0009749,A00403,S004,2024-01-24,63.94,70.64,100.0,0
G0009750,A00404,S004,2024-01-24,70.22,70.64,100.0,0
G0009751,A00405,S004,2024-01-24,45.5,70.64,100.0,0
G0009752,A00406,S004,2024-01-24,66.47,70.64,100.0,0
G0009753,A00407,S004,2024-01-24,64.27,70.64,100.0,0
G0009754,A00408,S004,2024-01-24,65.68,70.64,100.0,0
G0009755,A00409,S004,2024-01-24,71.89,70.64,100.0,0
G0009756,A00410,S004,2024-01-24,71.48,70.64,100.0,0
G0009757,A00401,S004,2024-01-25,142.14,156.67,91.67,2
G0009758,A00402,S004,2024-01-25,156.86,156.67,100.0,0
G0009759,A00403,S004,2024-01-25,156.58,156.67,100.0,0
G0009760,A00404,S004,2024-01-25,157.39,156.67,100.0,0
G0009761,A00405,S004,2024-01-25,145.85,156.67,100.0,0
G0009762,A00406,S004,2024-01-25,151.59,156.67,95.83,1
G0009763,A00407,S004,2024-01-25,156.91,156.67,100.0,0
G0009764,A00408,S004,2024-01-25,155.48,156.67,100.0,0
G0009765,A00409,S004,2024-01-25,156.24,156.67,100.0,0
G0009766,A00410,S004,2024-01-25,155.4,156.67,100.0,0
G0009767,A00401,S004,2024-01-26,70.95,71.28,100.0,0
G0009768,A00402,S004,2024-01-26,69.85,71.28,100.0,0
G0009769,A00403,S004,2024-01-26,70.92,71.28,100.0,0
G0009770,A00404,S004,2024-01-26,66.05,71.28,100.0,0
G0009771,A00405,S004,2024-01-26,72.49,71.28,100.0,0
G0009772,A00406,S004,2024-01-26,71.17,71.28,100.0,0
G0009773,A00407,S004,2024-01-26,64.49,71.28,100.0,0
G0009774,A00408,S004,2024-01-26,72.17,71.28,100.0,0
G0009775,A00409,S004,2024-01-26,70.32,71.28,100.0,0
G0009776,A00410,S004,2024-01-26,66.02,71.28,100.0,0
G0009777,A00401,S004,2024-01-27,10.64,11.4,100.0,0
G0009778,A00402,S004,2024-01-27,8.83,11.4,100.0,0
G0009779,A00403,S004,2024-01-27,9.82,11.4,100.0,0
G0009780,A00404,S004,2024-01-27,11.4,11.4,100.0,0
G0009781,A00405,S004,2024-01-27,11.8,11.4,100.0,0
G0009782,A00406,S004,2024-01-27,10.23,11.4,100.0,0
G0009783,A00407,S004,2024-01-27,10.47,11.4,100.0,0
G0009784,A00408,S004,2024-01-27,10.84,11.4,100.0,0
G0009785,A00409,S004,2024-01-27,9.94,11.4,100.0,0
G0009786,A00410,S004,2024-01-27,12.98,11.4,100.0,0
G0009787,A00401,S004,2024-01-28,105.33,105.02,100.0,0
G0009788,A00402,S004,2024-01-28,83.78,105.02,100.0,0
G0009789,A00403,S004,2024-01-28,104.37,105.02,100.0,0
G0009790,A00404,S004,2024-01-28,103.03,105.02,100.0,0
G0009791,A00405,S004,2024-01-28,105.39,105.02,100.0,0
G0009792,A00406,S004,2024-01-28,104.72,105.02,100.0,0
G0009793,A00407,S004,2024-01-28,104.38,105.02,100.0,0
G0009794,A00408,S004,2024-01-28,104.64,105.02,100.0,0
G0009795,A00409,S004,2024-01-28,102.55,105.02,95.83,1
G0009796,A00410,S004,2024-01-28,95.15,105.02,100.0,0
G0009797,A00401,S004,2024-01-29,34.53,34.88,100.0,0
G0009798,A00402,S004,2024-01-29,34.92,34.88,100.0,0
G0009799,A00403,S004,2024-01-29,27.74,34.88,100.0,0
G0009800,A00404,S004,2024-01-29,31.51,34.88,100.0,0
G0009801,A00405,S004,2024-01-29,36.72,34.88,100.0,0
G0009802,A00406,S004,2024-01-29,34.51,34.88,100.0,0
G0009803,A00407,S004,2024-01-29,36.82,34.88,100.0,0
G0009804,A00408,S004,2024-01-29,35.63,34.88,100.0,0
G0009805,A00409,S004,2024-01-29,35.84,34.88,100.0,0
G0009806,A00410,S004,2024-01-29,27.09,34.88,100.0,0
G0009807,A00401,S004,2024-01-30,92.94,93.84,100.0,0
G0009808,A00402,S004,2024-01-30,93.05,93.84,100.0,0
G0009809,A00403,S004,2024-01-30,94.21,93.84,100.0,0
G0009810,A00404,S004,2024-01-30,79.13,93.84,83.33,4
G0009811,A00405,S004,2024-01-30,85.37,93.84,100.0,0
G0009812,A00406,S004,2024-01-30,94.49,93.84,100.0,0
G0009813,A00407,S004,2024-01-30,94.08,93.84,100.0,0
G0009814,A00408,S004,2024-01-30,93.74,93.84,100.0,0
G0009815,A00409,S004,2024-01-30,93.13,93.84,100.0,0
G0009816,A00410,S004,2024-01-30,92.65,93.84,100.0,0
G0009817,A00401,S004,2024-01-31,81.44,99.47,100.0,0
G0009818,A00402,S004,2024-01-31,78.36,99.47,100.0,0
G0009819,A00403,S004,2024-01-31,98.9,99.47,100.0,0
G0009820,A00404,S004,2024-01-31,66.87,99.47,66.67,8
G0009821,A00405,S004,2024-01-31,93.76,99.47,95.83,1
G0009822,A00406,S004,2024-01-31,80.33,99.47,100.0,0
G0009823,A00407,S004,2024-01-31,99.75,99.47,100.0,0
G0009824,A00408,S004,2024-01-31,96.42,99.47,95.83,1
G0009825,A00409,S004,2024-01-31,98.68,99.47,100.0,0
G0009826,A00410,S004,2024-01-31,101.29,99.47,100.0,0
G0009827,A00401,S004,2024-02-01,24.72,25.54,100.0,0
G0009828,A00402,S004,2024-02-01,24.54,25.54,100.0,0
G0009829,A00403,S004,2024-02-01,25.61,25.54,100.0,0
G0009830,A00404,S004,2024-02-01,26.31,25.54,100.0,0
G0009831,A00405,S004,2024-02-01,26.85,25.54,100.0,0
G0009832,A00406,S004,2024-02-01,23.62,25.54,100.0,0
G0009833,A00407,S004,2024-02-01,23.03,25.54,100.0,0
G0009834,A00408,S004,2024-02-01,23.56,25.54,100.0,0
G0009835,A00409,S004,2024-02-01,22.37,25.54,91.67,2
G0009836,A00410,S004,2024-02-01,26.81,25.54,100.0,0
G0009837,A00401,S004,2024-02-02,36.17,36.39,100.0,0
G0009838,A00402,S004,2024-02-02,36.11,36.39,100.0,0
G0009839,A00403,S004,2024-02-02,34.81,36.39,100.0,0
G0009840,A00404,S004,2024-02-02,29.64,36.39,100.0,0
G0009841,A00405,S004,2024-02-02,37.15,36.39,100.0,0
G0009842,A00406,S004,2024-02-02,35.01,36.39,100.0,0
G0009843,A00407,S004,2024-02-02,35.37,36.39,100.0,0
G0009844,A00408,S004,2024-02-02,28.33,36.39,83.33,4
G0009845,A00409,S004,2024-02-02,37.21,36.39,100.0,0
G0009846,A00410,S004,2024-02-02,27.31,36.39,100.0,0
G0009847,A00401,S004,2024-02-03,90.52,89.99,100.0,0
G0009848,A00402,S004,2024-02-03,91.72,89.99,100.0,0
G0009849,A00403,S004,2024-02-03,89.62,89.99,100.0,0
G0009850,A00404,S004,2024-02-03,89.28,89.99,100.0,0
G0009851,A00405,S004,2024-02-03,91.75,89.99,100.0,0
G0009852,A00406,S004,2024-02-03,90.03,89.99,100.0,0
G0009853,A00407,S004,2024-02-03,89.42,89.99,100.0,0
G0009854,A00408,S004,2024-02-03,88.42,89.99,100.0,0
G0009855,A00409,S004,2024-02-03,85.23,89.99,95.83,1
G0009856,A00410,S004,2024-02-03,83.12,89.99,91.67,2
G0009857,A00401,S004,2024-02-04,118.25,118.63,100.0,0
G0009858,A00402,S004,2024-02-04,117.09,118.63,100.0,0
G0009859,A00403,S004,2024-02-04,119.18,118.63,100.0,0
G0009860,A00404,S004,2024-02-04,95.33,118.63,100.0,0
G0009861,A00405,S004,2024-02-04,118.9,118.63,100.0,0
G0009862,A00406,S004,2024-02-04,119.06,118.63,100.0,0
G0009863,A00407,S004,2024-02-04,119.06,118.63,100.0,0
G0009864,A00408,S004,2024-02-04,117.93,118.63,100.0,0
G0009865,A00409,S004,2024-02-04,119.43,118.63,100.0,0
G0009866,A00410,S004,2024-02-04,117.88,118.63,100.0,0
G0009867,A00401,S004,2024-02-05,69.86,89.65,100.0,0
G0009868,A00402,S004,2024-02-05,91.29,89.65,100.0,0
G0009869,A00403,S004,2024-02-05,72.84,89.65,83.33,4
G0009870,A00404,S004,2024-02-05,90.33,89.65,100.0,0
G0009871,A00405,S004,2024-02-05,59.44,89.65,100.0,0
G0009872,A00406,S004,2024-02-05,89.17,89.65,100.0,0
G0009873,A00407,S004,2024-02-05,89.46,89.65,100.0,0
G0009874,A00408,S004,2024-02-05,86.35,89.65,95.83,1
G0009875,A00409,S004,2024-02-05,87.77,89.65,100.0,0
G0009876,A00410,S004,2024-02-05,91.29,89.65,100.0,0
G0009877,A00401,S004,2024-02-06,113.12,114.71,100.0,0
G0009878,A00402,S004,2024-02-06,112.96,114.71,100.0,0
G0009879,A00403,S004,2024-02-06,112.92,114.71,100.0,0
G0009880,A00404,S004,2024-02-06,113.55,114.71,100.0,0
G0009881,A00405,S004,2024-02-06,112.89,114.71,100.0,0
G0009882,A00406,S004,2024-02-06,116.32,114.71,100.0,0
G0009883,A00407,S004,2024-02-06,112.93,114.71,100.0,0
G0009884,A00408,S004,2024-02-06,114.64,114.71,100.0,0
G0009885,A00409,S004,2024-02-06,116.55,114.71,100.0,0
G0009886,A00410,S004,2024-02-06,113.96,114.71,100.0,0
G0009887,A00401,S004,2024-02-07,95.72,94.12,100.0,0
G0009888,A00402,S004,2024-02-07,95.04,94.12,100.0,0
G0009889,A00403,S004,2024-02-07,85.42,94.12,100.0,0
G0009890,A00404,S004,2024-02-07,92.67,94.12,100.0,0
G0009891,A00405,S004,2024-02-07,92.32,94.12,100.0,0
G0009892,A00406,S004,2024-02-07,95.08,94.12,100.0,0
G0009893,A00407,S004,2024-02-07,95.1,94.12,100.0,0
G0009894,A00408,S004,2024-02-07,36.12,94.12,50.0,12
G0009895,A00409,S004,2024-02-07,88.51,94.12,100.0,0
G0009896,A00410,S004,2024-02-07,95.86,94.12,100.0,0
G0009897,A00401,S004,2024-02-08,89.8,91.19,100.0,0
G0009898,A00402,S004,2024-02-08,89.56,91.19,100.0,0
G0009899,A00403,S004,2024-02-08,89.95,91.19,100.0,0
G0009900,A00404,S004,2024-02-08,90.7,91.19,100.0,0
G0009901,A00405,S004,2024-02-08,89.53,91.19,100.0,0
G0009902,A00406,S004,2024-02-08,92.91,91.19,100.0,0
G0009903,A00407,S004,2024-02-08,80.63,91.19,95.83,1
G0009904,A00408,S004,2024-02-08,47.24,91.19,50.0,12
G0009905,A00409,S004,2024-02-08,85.07,91.19,100.0,0
G0009906,A00410,S004,2024-02-08,86.83,91.19,95.83,1
G0009907,A00401,S004,2024-02-09,12.42,13.71,100.0,0
G0009908,A00402,S004,2024-02-09,13.98,13.71,100.0,0
G0009909,A00403,S004,2024-02-09,12.34,13.71,100.0,0
G0009910,A00404,S004,2024-02-09,11.94,13.71,100.0,0
G0009911,A00405,S004,2024-02-09,12.76,13.71,100.0,0
G0009912,A00406,S004,2024-02-09,13.63,13.71,100.0,0
G0009913,A00407,S004,2024-02-09,13.07,13.71,100.0,0
G0009914,A00408,S004,2024-02-09,12.3,13.71,100.0,0
G0009915,A00409,S004,2024-02-09,12.59,13.71,100.0,0
G0009916,A00410,S004,2024-02-09,15.66,13.71,100.0,0
G0009917,A00401,S004,2024-02-10,66.38,66.82,100.0,0
G0009918,A00402,S004,2024-02-10,67.05,66.82,100.0,0
G0009919,A00403,S004,2024-02-10,64.93,66.82,100.0,0
G0009920,A00404,S004,2024-02-10,61.44,66.82,100.0,0
G0009921,A00405,S004,2024-02-10,65.24,66.82,100.0,0
G0009922,A00406,S004,2024-02-10,61.34,66.82,100.0,0
G0009923,A00407,S004,2024-02-10,67.71,66.82,100.0,0
G0009924,A00408,S004,2024-02-10,65.36,66.82,100.0,0
G0009925,A00409,S004,2024-02-10,68.57,66.82,100.0,0
G0009926,A00410,S004,2024-02-10,68.76,66.82,100.0,0
G0009927,A00401,S004,2024-02-11,59.14,60.92,100.0,0
G0009928,A00402,S004,2024-02-11,59.61,60.92,100.0,0
G0009929,A00403,S004,2024-02-11,60.35,60.92,100.0,0
G0009930,A00404,S004,2024-02-11,59.14,60.92,100.0,0
G0009931,A00405,S004,2024-02-11,62.63,60.92,100.0,0
G0009932,A00406,S004,2024-02-11,62.1,60.92,100.0,0
G0009933,A00407,S004,2024-02-11,60.67,60.92,100.0,0
G0009934,A00408,S004,2024-02-11,59.57,60.92,100.0,0
G0009935,A00409,S004,2024-02-11,54.9,60.92,100.0,0
G0009936,A00410,S004,2024-02-11,57.09,60.92,95.83,1
G0009937,A00401,S004,2024-02-12,103.21,101.47,100.0,0
G0009938,A00402,S004,2024-02-12,102.41,101.47,100.0,0
G0009939,A00403,S004,2024-02-12,101.47,101.47,100.0,0
G0009940,A00404,S004,2024-02-12,100.26,101.47,100.0,0
G0009941,A00405,S004,2024-02-12,102.77,101.47,100.0,0
G0009942,A00406,S004,2024-02-12,101.51,101.47,100.0,0
G0009943,A00407,S004,2024-02-12,62.96,101.47,95.83,1
G0009944,A00408,S004,2024-02-12,97.23,101.47,95.83,1
G0009945,A00409,S004,2024-02-12,102.92,101.47,100.0,0
G0009946,A00410,S004,2024-02-12,102.39,101.47,100.0,0
G0009947,A00401,S004,2024-02-13,42.9,44.35,100.0,0
G0009948,A00402,S004,2024-02-13,42.36,44.35,100.0,0
G0009949,A00403,S004,2024-02-13,44.79,44.35,100.0,0
G0009950,A00404,S004,2024-02-13,42.54,44.35,100.0,0
G0009951,A00405,S004,2024-02-13,42.38,44.35,100.0,0
G0009952,A00406,S004,2024-02-13,45.48,44.35,100.0,0
G0009953,A00407,S004,2024-02-13,43.53,44.35,100.0,0
G0009954,A00408,S004,2024-02-13,45.79,44.35,100.0,0
G0009955,A00409,S004,2024-02-13,42.98,44.35,100.0,0
G0009956,A00410,S004,2024-02-13,45.6,44.35,100.0,0
G0009957,A00401,S004,2024-02-14,107.18,132.08,100.0,0
G0009958,A00402,S004,2024-02-14,133.91,132.08,100.0,0
G0009959,A00403,S004,2024-02-14,125.63,132.08,95.83,1
G0009960,A00404,S004,2024-02-14,130.47,132.08,100.0,0
G0009961,A00405,S004,2024-02-14,122.09,132.08,91.67,2
G0009962,A00406,S004,2024-02-14,85.11,132.08,100.0,0
G0009963,A00407,S004,2024-02-14,88.06,132.08,66.67,8
G0009964,A00408,S004,2024-02-14,132.49,132.08,100.0,0
G0009965,A00409,S004,2024-02-14,131.47,132.08,100.0,0
G0009966,A00410,S004,2024-02-14,121.47,132.08,91.67,2
G0009967,A00401,S004,2024-02-15,117.1,116.33,100.0,0
G0009968,A00402,S004,2024-02-15,117.35,116.33,100.0,0
G0009969,A00403,S004,2024-02-15,115.48,116.33,100.0,0
G0009970,A00404,S004,2024-02-15,114.43,116.33,100.0,0
G0009971,A00405,S004,2024-02-15,91.28,116.33,100.0,0
G0009972,A00406,S004,2024-02-15,74.9,116.33,100.0,0
G0009973,A00407,S004,2024-02-15,116.95,116.33,100.0,0
G0009974,A00408,S004,2024-02-15,98.33,116.33,83.33,4
G0009975,A00409,S004,2024-02-15,115.16,116.33,100.0,0
G0009976,A00410,S004,2024-02-15,78.49,116.33,66.67,8
G0009977,A00401,S004,2024-02-16,79.04,78.98,100.0,0
G0009978,A00402,S004,2024-02-16,71.49,78.98,91.67,2
G0009979,A00403,S004,2024-02-16,78.28,78.98,100.0,0
G0009980,A00404,S004,2024-02-16,80.95,78.98,100.0,0
G0009981,A00405,S004,2024-02-16,78.46,78.98,100.0,0
G0009982,A00406,S004,2024-02-16,80.33,78.98,100.0,0
G0009983,A00407,S004,2024-02-16,51.97,78.98,100.0,0
G0009984,A00408,S004,2024-02-16,80.62,78.98,100.0,0
G0009985,A00409,S004,2024-02-16,78.44,78.98,100.0,0
G0009986,A00410,S004,2024-02-16,80.43,78.98,100.0,0
G0009987,A00401,S004,2024-02-17,50.42,51.78,100.0,0
G0009988,A00402,S004,2024-02-17,52.26,51.78,100.0,0
G0009989,A00403,S004,2024-02-17,52.41,51.78,100.0,0
G0009990,A00404,S004,2024-02-17,53.35,51.78,100.0,0
G0009991,A00405,S004,2024-02-17,51.88,51.78,100.0,0
G0009992,A00406,S004,2024-02-17,50.46,51.78,100.0,0
G0009993,A00407,S004,2024-02-17,49.89,51.78,100.0,0
G0009994,A00408,S004,2024-02-17,49.97,51.78,95.83,1
G0009995,A00409,S004,2024-02-17,52.91,51.78,100.0,0
G0009996,A00410,S004,2024-02-17,50.56,51.78,100.0,0
G0009997,A00401,S004,2024-02-18,46.15,49.13,95.83,1
G0009998,A00402,S004,2024-02-18,49.02,49.13,100.0,0
G0009999,A00403,S004,2024-02-18,49.37,49.13,100.0,0
G0010000,A00404,S004,2024-02-18,49.95,49.13,100.0,0
G0010001,A00405,S004,2024-02-18,49.02,49.13,100.0,0
G0010002,A00406,S004,2024-02-18,47.93,49.13,100.0,0
G0010003,A00407,S004,2024-02-18,50.75,49.13,100.0,0
G0010004,A00408,S004,2024-02-18,47.52,49.13,100.0,0
G0010005,A00409,S004,2024-02-18,48.09,49.13,100.0,0
G0010006,A00410,S004,2024-02-18,49.71,49.13,100.0,0
G0010007,A00401,S004,2024-02-19,52.52,53.95,100.0,0
G0010008,A00402,S004,2024-02-19,54.59,53.95,100.0,0
G0010009,A00403,S004,2024-02-19,51.67,53.95,95.83,1
G0010010,A00404,S004,2024-02-19,55.47,53.95,100.0,0
G0010011,A00405,S004,2024-02-19,52.09,53.95,100.0,0
G0010012,A00406,S004,2024-02-19,51.6,53.95,100.0,0
G0010013,A00407,S004,2024-02-19,54.48,53.95,100.0,0
G0010014,A00408,S004,2024-02-19,52.34,53.95,100.0,0
G0010015,A00409,S004,2024-02-19,54.57,53.95,100.0,0
G0010016,A00410,S004,2024-02-19,52.33,53.95,100.0,0
G0010017,A00401,S004,2024-02-20,49.48,55.03,95.83,1
G0010018,A00402,S004,2024-02-20,55.59,55.03,100.0,0
G0010019,A00403,S004,2024-02-20,44.11,55.03,100.0,0
G0010020,A00404,S004,2024-02-20,53.22,55.03,100.0,0
G0010021,A00405,S004,2024-02-20,56.86,55.03,100.0,0
G0010022,A00406,S004,2024-02-20,57.03,55.03,100.0,0
G0010023,A00407,S004,2024-02-20,54.84,55.03,100.0,0
G0010024,A00408,S004,2024-02-20,53.58,55.03,100.0,0
G0010025,A00409,S004,2024-02-20,56.39,55.03,100.0,0
G0010026,A00410,S004,2024-02-20,55.58,55.03,100.0,0
G0010027,A00401,S004,2024-02-21,86.86,95.14,100.0,0
G0010028,A00402,S004,2024-02-21,94.16,95.14,100.0,0
G0010029,A00403,S004,2024-02-21,97.07,95.14,100.0,0
G0010030,A00404,S004,2024-02-21,96.42,95.14,100.0,0
G0010031,A00405,S004,2024-02-21,96.9,95.14,100.0,0
G0010032,A00406,S004,2024-02-21,96.78,95.14,100.0,0
G0010033,A00407,S004,2024-02-21,94.55,95.14,100.0,0
G0010034,A00408,S004,2024-02-21,85.75,95.14,100.0,0
G0010035,A00409,S004,2024-02-21,93.64,95.14,100.0,0
G0010036,A00410,S004,2024-02-21,95.41,95.14,100.0,0
G0010037,A00401,S004,2024-02-22,54.19,53.42,100.0,0
G0010038,A00402,S004,2024-02-22,52.59,53.42,100.0,0
G0010039,A00403,S004,2024-02-22,53.46,53.42,100.0,0
G0010040,A00404,S004,2024-02-22,52.93,53.42,100.0,0
G0010041,A00405,S004,2024-02-22,52.77,53.42,95.83,1
G0010042,A00406,S004,2024-02-22,35.84,53.42,66.67,8
G0010043,A00407,S004,2024-02-22,52.31,53.42,100.0,0
G0010044,A00408,S004,2024-02-22,42.1,53.42,100.0,0
G0010045,A00409,S004,2024-02-22,53.35,53.42,100.0,0
G0010046,A00410,S004,2024-02-22,35.67,53.42,100.0,0
G0010047,A00401,S004,2024-02-23,96.79,95.61,100.0,0
G0010048,A00402,S004,2024-02-23,94.71,95.61,100.0,0
G0010049,A00403,S004,2024-02-23,94.53,95.61,100.0,0
G0010050,A00404,S004,2024-02-23,95.39,95.61,100.0,0
G0010051,A00405,S004,2024-02-23,96.9,95.61,100.0,0
G0010052,A00406,S004,2024-02-23,86.91,95.61,100.0,0
G0010053,A00407,S004,2024-02-23,88.3,95.61,91.67,2
G0010054,A00408,S004,2024-02-23,94.52,95.61,100.0,0
G0010055,A00409,S004,2024-02-23,94.98,95.61,100.0,0
G0010056,A00410,S004,2024-02-23,79.1,95.61,83.33,4
G0010057,A00401,S004,2024-02-24,38.9,38.49,100.0,0
G0010058,A00402,S004,2024-02-24,36.89,38.49,100.0,0
G0010059,A00403,S004,2024-02-24,38.74,38.49,100.0,0
G0010060,A00404,S004,2024-02-24,36.86,38.49,100.0,0
G0010061,A00405,S004,2024-02-24,31.27,38.49,100.0,0
G0010062,A00406,S004,2024-02-24,39.33,38.49,100.0,0
G0010063,A00407,S004,2024-02-24,38.13,38.49,100.0,0
G0010064,A00408,S004,2024-02-24,39.11,38.49,100.0,0
G0010065,A00409,S004,2024-02-24,37.27,38.49,100.0,0
G0010066,A00410,S004,2024-02-24,39.56,38.49,100.0,0
G0010067,A00401,S004,2024-02-25,55.91,56.74,100.0,0
G0010068,A00402,S004,2024-02-25,57.83,56.74,100.0,0
G0010069,A00403,S004,2024-02-25,52.7,56.74,95.83,1
G0010070,A00404,S004,2024-02-25,56.25,56.74,100.0,0
G0010071,A00405,S004,2024-02-25,57.37,56.74,100.0,0
G0010072,A00406,S004,2024-02-25,55.43,56.74,100.0,0
G0010073,A00407,S004,2024-02-25,53.15,56.74,100.0,0
G0010074,A00408,S004,2024-02-25,58.39,56.74,100.0,0
G0010075,A00409,S004,2024-02-25,58.51,56.74,100.0,0
G0010076,A00410,S004,2024-02-25,55.33,56.74,100.0,0
G0010077,A00401,S004,2024-02-26,37.53,59.03,100.0,0
G0010078,A00402,S004,2024-02-26,58.57,59.03,100.0,0
G0010079,A00403,S004,2024-02-26,60.3,59.03,100.0,0
G0010080,A00404,S004,2024-02-26,47.49,59.03,100.0,0
G0010081,A00405,S004,2024-02-26,58.65,59.03,100.0,0
G0010082,A00406,S004,2024-02-26,59.17,59.03,100.0,0
G0010083,A00407,S004,2024-02-26,48.23,59.03,100.0,0
G0010084,A00408,S004,2024-02-26,60.49,59.03,100.0,0
G0010085,A00409,S004,2024-02-26,58.92,59.03,100.0,0
G0010086,A00410,S004,2024-02-26,38.9,59.03,66.67,8
G0010087,A00401,S004,2024-02-27,61.99,67.0,91.67,2
G0010088,A00402,S004,2024-02-27,67.55,67.0,100.0,0
G0010089,A00403,S004,2024-02-27,68.2,67.0,100.0,0
G0010090,A00404,S004,2024-02-27,68.44,67.0,100.0,0
G0010091,A00405,S004,2024-02-27,65.31,67.0,100.0,0
G0010092,A00406,S004,2024-02-27,43.45,67.0,100.0,0
G0010093,A00407,S004,2024-02-27,67.38,67.0,100.0,0
G0010094,A00408,S004,2024-02-27,63.46,67.0,100.0,0
G0010095,A00409,S004,2024-02-27,65.93,67.0,100.0,0
G0010096,A00410,S004,2024-02-27,67.69,67.0,100.0,0
G0010097,A00401,S004,2024-02-28,56.31,54.91,100.0,0
G0010098,A00402,S004,2024-02-28,55.73,54.91,100.0,0
G0010099,A00403,S004,2024-02-28,54.64,54.91,100.0,0
G0010100,A00404,S004,2024-02-28,52.33,54.91,100.0,0
G0010101,A00405,S004,2024-02-28,56.91,54.91,100.0,0
G0010102,A00406,S004,2024-02-28,54.35,54.91,95.83,1
G0010103,A00407,S004,2024-02-28,36.3,54.91,66.67,8
G0010104,A00408,S004,2024-02-28,54.55,54.91,100.0,0
G0010105,A00409,S004,2024-02-28,55.49,54.91,100.0,0
G0010106,A00410,S004,2024-02-28,55.92,54.91,100.0,0
G0010107,A00401,S004,2024-02-29,46.51,47.47,100.0,0
G0010108,A00402,S004,2024-02-29,47.6,47.47,100.0,0
G0010109,A00403,S004,2024-02-29,48.84,47.47,100.0,0
G0010110,A00404,S004,2024-02-29,44.1,47.47,91.67,2
G0010111,A00405,S004,2024-02-29,47.41,47.47,100.0,0
G0010112,A00406,S004,2024-02-29,45.96,47.47,100.0,0
G0010113,A00407,S004,2024-02-29,43.94,47.47,100.0,0
G0010114,A00408,S004,2024-02-29,44.48,47.47,91.67,2
G0010115,A00409,S004,2024-02-29,46.2,47.47,100.0,0
G0010116,A00410,S004,2024-02-29,48.63,47.47,100.0,0
G0010117,A00401,S004,2024-03-01,146.61,147.13,100.0,0
G0010118,A00402,S004,2024-03-01,116.6,147.13,100.0,0
G0010119,A00403,S004,2024-03-01,146.63,147.13,100.0,0
G0010120,A00404,S004,2024-03-01,147.98,147.13,100.0,0
G0010121,A00405,S004,2024-03-01,145.78,147.13,100.0,0
G0010122,A00406,S004,2024-03-01,99.48,147.13,66.67,8
G0010123,A00407,S004,2024-03-01,146.44,147.13,100.0,0
G0010124,A00408,S004,2024-03-01,147.82,147.13,100.0,0
G0010125,A00409,S004,2024-03-01,135.17,147.13,100.0,0
G0010126,A00410,S004,2024-03-01,129.65,147.13,95.83,1
G0010127,A00401,S004,2024-03-02,127.02,136.05,100.0,0
G0010128,A00402,S004,2024-03-02,124.22,136.05,100.0,0
G0010129,A00403,S004,2024-03-02,126.78,136.05,100.0,0
G0010130,A00404,S004,2024-03-02,135.71,136.05,100.0,0
G0010131,A00405,S004,2024-03-02,136.43,136.05,100.0,0
G0010132,A00406,S004,2024-03-02,134.48,136.05,100.0,0
G0010133,A00407,S004,2024-03-02,136.55,136.05,100.0,0
G0010134,A00408,S004,2024-03-02,129.15,136.05,95.83,1
G0010135,A00409,S004,2024-03-02,124.57,136.05,100.0,0
G0010136,A00410,S004,2024-03-02,136.31,136.05,100.0,0
G0010137,A00401,S004,2024-03-03,151.21,149.35,100.0,0
G0010138,A00402,S004,2024-03-03,150.67,149.35,100.0,0
G0010139,A00403,S004,2024-03-03,149.06,149.35,100.0,0
G0010140,A00404,S004,2024-03-03,125.58,149.35,83.33,4
G0010141,A00405,S004,2024-03-03,150.24,149.35,100.0,0
G0010142,A00406,S004,2024-03-03,147.71,149.35,100.0,0
G0010143,A00407,S004,2024-03-03,148.34,149.35,100.0,0
G0010144,A00408,S004,2024-03-03,149.46,149.35,100.0,0
G0010145,A00409,S004,2024-03-03,149.21,149.35,100.0,0
G0010146,A00410,S004,2024-03-03,149.89,149.35,100.0,0
G0010147,A00401,S004,2024-03-04,65.95,67.76,100.0,0
G0010148,A00402,S004,2024-03-04,58.12,67.76,83.33,4
G0010149,A00403,S004,2024-03-04,68.14,67.76,100.0,0
G0010150,A00404,S004,2024-03-04,67.24,67.76,100.0,0
G0010151,A00405,S004,2024-03-04,69.23,67.76,100.0,0
G0010152,A00406,S004,2024-03-04,69.4,67.76,100.0,0
G0010153,A00407,S004,2024-03-04,67.76,67.76,100.0,0
G0010154,A00408,S004,2024-03-04,63.34,67.76,100.0,0
G0010155,A00409,S004,2024-03-04,68.0,67.76,100.0,0
G0010156,A00410,S004,2024-03-04,55.74,67.76,83.33,4
G0010157,A00401,S004,2024-03-05,126.7,142.64,95.83,1
G0010158,A00402,S004,2024-03-05,141.09,142.64,100.0,0
G0010159,A00403,S004,2024-03-05,130.83,142.64,91.67,2
G0010160,A00404,S004,2024-03-05,129.67,142.64,100.0,0
G0010161,A00405,S004,2024-03-05,144.4,142.64,100.0,0
G0010162,A00406,S004,2024-03-05,141.24,142.64,100.0,0
G0010163,A00407,S004,2024-03-05,143.73,142.64,100.0,0
G0010164,A00408,S004,2024-03-05,104.63,142.64,91.67,2
G0010165,A00409,S004,2024-03-05,140.89,142.64,100.0,0
G0010166,A00410,S004,2024-03-05,143.89,142.64,100.0,0
G0010167,A00401,S004,2024-03-06,155.8,184.93,83.33,4
G0010168,A00402,S004,2024-03-06,170.79,184.93,100.0,0
G0010169,A00403,S004,2024-03-06,155.01,184.93,91.67,2
G0010170,A00404,S004,2024-03-06,184.31,184.93,100.0,0
G0010171,A00405,S004,2024-03-06,118.89,184.93,100.0,0
G0010172,A00406,S004,2024-03-06,184.61,184.93,100.0,0
G0010173,A00407,S004,2024-03-06,185.57,184.93,100.0,0
G0010174,A00408,S004,2024-03-06,186.7,184.93,100.0,0
G0010175,A00409,S004,2024-03-06,152.73,184.93,83.33,4
G0010176,A00410,S004,2024-03-06,185.48,184.93,100.0,0
G0010177,A00401,S004,2024-03-07,150.35,151.12,100.0,0
G0010178,A00402,S004,2024-03-07,151.34,151.12,100.0,0
G0010179,A00403,S004,2024-03-07,152.8,151.12,100.0,0
G0010180,A00404,S004,2024-03-07,151.91,151.12,100.0,0
G0010181,A00405,S004,2024-03-07,140.06,151.12,100.0,0
G0010182,A00406,S004,2024-03-07,149.75,151.12,100.0,0
G0010183,A00407,S004,2024-03-07,151.72,151.12,100.0,0
G0010184,A00408,S004,2024-03-07,139.58,151.12,100.0,0
G0010185,A00409,S004,2024-03-07,150.78,151.12,100.0,0
G0010186,A00410,S004,2024-03-07,140.98,151.12,100.0,0
G0010187,A00401,S004,2024-03-08,76.52,74.74,100.0,0
G0010188,A00402,S004,2024-03-08,73.18,74.74,100.0,0
G0010189,A00403,S004,2024-03-08,75.06,74.74,100.0,0
G0010190,A00404,S004,2024-03-08,68.61,74.74,100.0,0
G0010191,A00405,S004,2024-03-08,69.73,74.74,91.67,2
G0010192,A00406,S004,2024-03-08,75.76,74.74,100.0,0
G0010193,A00407,S004,2024-03-08,73.96,74.74,100.0,0
G0010194,A00408,S004,2024-03-08,49.33,74.74,100.0,0
G0010195,A00409,S004,2024-03-08,76.31,74.74,100.0,0
G0010196,A00410,S004,2024-03-08,76.14,74.74,100.0,0
G0010197,A00401,S004,2024-03-09,142.31,154.45,100.0,0
G0010198,A00402,S004,2024-03-09,104.89,154.45,66.67,8
G0010199,A00403,S004,2024-03-09,127.58,154.45,83.33,4
G0010200,A00404,S004,2024-03-09,152.98,154.45,100.0,0
G0010201,A00405,S004,2024-03-09,154.11,154.45,100.0,0
G0010202,A00406,S004,2024-03-09,154.87,154.45,100.0,0
G0010203,A00407,S004,2024-03-09,125.47,154.45,100.0,0
G0010204,A00408,S004,2024-03-09,153.26,154.45,100.0,0
G0010205,A00409,S004,2024-03-09,155.62,154.45,100.0,0
G0010206,A00410,S004,2024-03-09,156.34,154.45,100.0,0
G0010207,A00401,S004,2024-03-10,138.64,139.12,100.0,0
G0010208,A00402,S004,2024-03-10,138.21,139.12,100.0,0
G0010209,A00403,S004,2024-03-10,140.62,139.12,100.0,0
G0010210,A00404,S004,2024-03-10,137.37,139.12,100.0,0
G0010211,A00405,S004,2024-03-10,127.44,139.12,100.0,0
G0010212,A00406,S004,2024-03-10,140.13,139.12,100.0,0
G0010213,A00407,S004,2024-03-10,137.37,139.12,100.0,0
G0010214,A00408,S004,2024-03-10,126.24,139.12,100.0,0
G0010215,A00409,S004,2024-03-10,137.18,139.12,100.0,0
G0010216,A00410,S004,2024-03-10,137.17,139.12,100.0,0
G0010217,A00401,S004,2024-03-11,142.97,142.44,100.0,0
G0010218,A00402,S004,2024-03-11,110.69,142.44,95.83,1
G0010219,A00403,S004,2024-03-11,143.0,142.44,100.0,0
G0010220,A00404,S004,2024-03-11,142.27,142.44,100.0,0
G0010221,A00405,S004,2024-03-11,132.56,142.44,100.0,0
G0010222,A00406,S004,2024-03-11,143.84,142.44,100.0,0
G0010223,A00407,S004,2024-03-11,129.58,142.44,100.0,0
G0010224,A00408,S004,2024-03-11,143.64,142.44,100.0,0
G0010225,A00409,S004,2024-03-11,135.3,142.44,95.83,1
G0010226,A00410,S004,2024-03-11,143.93,142.44,100.0,0
G0010227,A00401,S004,2024-03-12,125.58,126.34,100.0,0
G0010228,A00402,S004,2024-03-12,125.38,126.34,100.0,0
G0010229,A00403,S004,2024-03-12,125.68,126.34,100.0,0
G0010230,A00404,S004,2024-03-12,117.1,126.34,91.67,2
G0010231,A00405,S004,2024-03-12,127.99,126.34,100.0,0
G0010232,A00406,S004,2024-03-12,128.04,126.34,100.0,0
G0010233,A00407,S004,2024-03-12,127.25,126.34,100.0,0
G0010234,A00408,S004,2024-03-12,124.79,126.34,100.0,0
G0010235,A00409,S004,2024-03-12,127.38,126.34,100.0,0
G0010236,A00410,S004,2024-03-12,125.46,126.34,100.0,0
G0010237,A00401,S004,2024-03-13,77.77,76.04,100.0,0
G0010238,A00402,S004,2024-03-13,77.18,76.04,100.0,0
G0010239,A00403,S004,2024-03-13,77.76,76.04,100.0,0
G0010240,A00404,S004,2024-03-13,77.62,76.04,100.0,0
G0010241,A00405,S004,2024-03-13,61.21,76.04,100.0,0
G0010242,A00406,S004,2024-03-13,75.64,76.04,100.0,0
G0010243,A00407,S004,2024-03-13,77.02,76.04,100.0,0
G0010244,A00408,S004,2024-03-13,75.49,76.04,100.0,0
G0010245,A00409,S004,2024-03-13,74.92,76.04,100.0,0
G0010246,A00410,S004,2024-03-13,75.44,76.04,100.0,0
G0010247,A00401,S004,2024-03-14,95.85,97.14,100.0,0
G0010248,A00402,S004,2024-03-14,96.39,97.14,100.0,0
G0010249,A00403,S004,2024-03-14,92.93,97.14,95.83,1
G0010250,A00404,S004,2024-03-14,97.58,97.14,100.0,0
G0010251,A00405,S004,2024-03-14,97.48,97.14,100.0,0
G0010252,A00406,S004,2024-03-14,88.16,97.14,91.67,2
G0010253,A00407,S004,2024-03-14,96.88,97.14,100.0,0
G0010254,A00408,S004,2024-03-14,98.29,97.14,100.0,0
G0010255,A00409,S004,2024-03-14,89.09,97.14,100.0,0
G0010256,A00410,S004,2024-03-14,95.71,97.14,100.0,0
G0010257,A00401,S004,2024-03-15,82.68,82.76,100.0,0
G0010258,A00402,S004,2024-03-15,83.92,82.76,100.0,0
G0010259,A00403,S004,2024-03-15,77.13,82.76,100.0,0
G0010260,A00404,S004,2024-03-15,83.13,82.76,100.0,0
G0010261,A00405,S004,2024-03-15,53.98,82.76,100.0,0
G0010262,A00406,S004,2024-03-15,83.02,82.76,100.0,0
G0010263,A00407,S004,2024-03-15,83.04,82.76,100.0,0
G0010264,A00408,S004,2024-03-15,82.04,82.76,100.0,0
G0010265,A00409,S004,2024-03-15,84.61,82.76,100.0,0
G0010266,A00410,S004,2024-03-15,82.83,82.76,100.0,0
G0010267,A00401,S004,2024-03-16,69.96,69.22,100.0,0
G0010268,A00402,S004,2024-03-16,62.26,69.22,100.0,0
G0010269,A00403,S004,2024-03-16,67.59,69.22,100.0,0
G0010270,A00404,S004,2024-03-16,70.47,69.22,100.0,0
G0010271,A00405,S004,2024-03-16,69.81,69.22,100.0,0
G0010272,A00406,S004,2024-03-16,68.3,69.22,100.0,0
G0010273,A00407,S004,2024-03-16,69.8,69.22,100.0,0
G0010274,A00408,S004,2024-03-16,71.09,69.22,100.0,0
G0010275,A00409,S004,2024-03-16,69.81,69.22,100.0,0
G0010276,A00410,S004,2024-03-16,64.98,69.22,100.0,0
G0010277,A00401,S004,2024-03-17,140.67,139.23,100.0,0
G0010278,A00402,S004,2024-03-17,137.39,139.23,100.0,0
G0010279,A00403,S004,2024-03-17,140.49,139.23,100.0,0
G0010280,A00404,S004,2024-03-17,89.25,139.23,100.0,0
G0010281,A00405,S004,2024-03-17,141.19,139.23,100.0,0
G0010282,A00406,S004,2024-03-17,139.8,139.23,100.0,0
G0010283,A00407,S004,2024-03-17,137.83,139.23,100.0,0
G0010284,A00408,S004,2024-03-17,138.87,139.23,100.0,0
G0010285,A00409,S004,2024-03-17,138.78,139.23,100.0,0
G0010286,A00410,S004,2024-03-17,128.69,139.23,100.0,0
G0010287,A00401,S004,2024-03-18,149.24,150.1,100.0,0
G0010288,A00402,S004,2024-03-18,149.66,150.1,100.0,0
G0010289,A00403,S004,2024-03-18,150.63,150.1,100.0,0
G0010290,A00404,S004,2024-03-18,150.95,150.1,100.0,0
G0010291,A00405,S004,2024-03-18,150.37,150.1,100.0,0
G0010292,A00406,S004,2024-03-18,151.47,150.1,100.0,0
G0010293,A00407,S004,2024-03-18,150.52,150.1,100.0,0
G0010294,A00408,S004,2024-03-18,150.2,150.1,100.0,0
G0010295,A00409,S004,2024-03-18,151.08,150.1,100.0,0
G0010296,A00410,S004,2024-03-18,150.96,150.1,100.0,0
G0010297,A00401,S004,2024-03-19,142.17,141.43,100.0,0
G0010298,A00402,S004,2024-03-19,142.61,141.43,100.0,0
G0010299,A00403,S004,2024-03-19,136.53,141.43,95.83,1
G0010300,A00404,S004,2024-03-19,139.76,141.43,100.0,0
G0010301,A00405,S004,2024-03-19,130.39,141.43,100.0,0
G0010302,A00406,S004,2024-03-19,142.6,141.43,100.0,0
G0010303,A00407,S004,2024-03-19,118.99,141.43,83.33,4
G0010304,A00408,S004,2024-03-19,112.83,141.43,100.0,0
G0010305,A00409,S004,2024-03-19,139.94,141.43,100.0,0
G0010306,A00410,S004,2024-03-19,134.89,141.43,95.83,1
G0010307,A00401,S004,2024-03-20,103.63,103.97,100.0,0
G0010308,A00402,S004,2024-03-20,63.55,103.97,95.83,1
G0010309,A00403,S004,2024-03-20,102.78,103.97,100.0,0
G0010310,A00404,S004,2024-03-20,104.34,103.97,100.0,0
G0010311,A00405,S004,2024-03-20,86.43,103.97,83.33,4
G0010312,A00406,S004,2024-03-20,103.19,103.97,100.0,0
G0010313,A00407,S004,2024-03-20,105.53,103.97,100.0,0
G0010314,A00408,S004,2024-03-20,68.22,103.97,100.0,0
G0010315,A00409,S004,2024-03-20,103.28,103.97,100.0,0
G0010316,A00410,S004,2024-03-20,105.26,103.97,100.0,0
G0010317,A00401,S004,2024-03-21,144.17,144.68,100.0,0
G0010318,A00402,S004,2024-03-21,144.35,144.68,100.0,0
G0010319,A00403,S004,2024-03-21,144.86,144.68,100.0,0
G0010320,A00404,S004,2024-03-21,131.42,144.68,100.0,0
G0010321,A00405,S004,2024-03-21,145.24,144.68,100.0,0
G0010322,A00406,S004,2024-03-21,133.67,144.68,100.0,0
G0010323,A00407,S004,2024-03-21,144.15,144.68,100.0,0
G0010324,A00408,S004,2024-03-21,139.55,144.68,95.83,1
G0010325,A00409,S004,2024-03-21,132.15,144.68,91.67,2
G0010326,A00410,S004,2024-03-21,142.85,144.68,100.0,0
G0010327,A00401,S004,2024-03-22,126.9,125.48,100.0,0
G0010328,A00402,S004,2024-03-22,113.58,125.48,100.0,0
G0010329,A00403,S004,2024-03-22,82.47,125.48,66.67,8
G0010330,A00404,S004,2024-03-22,123.93,125.48,100.0,0
G0010331,A00405,S004,2024-03-22,114.31,125.48,100.0,0
G0010332,A00406,S004,2024-03-22,124.46,125.48,100.0,0
G0010333,A00407,S004,2024-03-22,126.22,125.48,100.0,0
G0010334,A00408,S004,2024-03-22,127.16,125.48,100.0,0
G0010335,A00409,S004,2024-03-22,115.68,125.48,91.67,2
G0010336,A00410,S004,2024-03-22,116.25,125.48,100.0,0
G0010337,A00401,S004,2024-03-23,91.65,99.08,100.0,0
G0010338,A00402,S004,2024-03-23,100.5,99.08,100.0,0
G0010339,A00403,S004,2024-03-23,100.6,99.08,100.0,0
G0010340,A00404,S004,2024-03-23,98.25,99.08,100.0,0
G0010341,A00405,S004,2024-03-23,80.64,99.08,100.0,0
G0010342,A00406,S004,2024-03-23,100.81,99.08,100.0,0
G0010343,A00407,S004,2024-03-23,93.86,99.08,95.83,1
G0010344,A00408,S004,2024-03-23,99.24,99.08,100.0,0
G0010345,A00409,S004,2024-03-23,100.73,99.08,100.0,0
G0010346,A00410,S004,2024-03-23,100.93,99.08,100.0,0
G0010347,A00401,S004,2024-03-24,89.98,91.9,100.0,0
G0010348,A00402,S004,2024-03-24,90.14,91.9,100.0,0
G0010349,A00403,S004,2024-03-24,90.46,91.9,100.0,0
G0010350,A00404,S004,2024-03-24,92.84,91.9,100.0,0
G0010351,A00405,S004,2024-03-24,93.13,91.9,100.0,0
G0010352,A00406,S004,2024-03-24,92.3,91.9,100.0,0
G0010353,A00407,S004,2024-03-24,92.42,91.9,100.0,0
G0010354,A00408,S004,2024-03-24,86.19,91.9,95.83,1
G0010355,A00409,S004,2024-03-24,76.85,91.9,83.33,4
G0010356,A00410,S004,2024-03-24,92.99,91.9,100.0,0
G0010357,A00401,S004,2024-03-25,113.92,113.96,100.0,0
G0010358,A00402,S004,2024-03-25,82.35,113.96,91.67,2
G0010359,A00403,S004,2024-03-25,115.93,113.96,100.0,0
G0010360,A00404,S004,2024-03-25,76.94,113.96,66.67,8
G0010361,A00405,S004,2024-03-25,105.2,113.96,91.67,2
G0010362,A00406,S004,2024-03-25,115.43,113.96,100.0,0
G0010363,A00407,S004,2024-03-25,89.43,113.96,100.0,0
G0010364,A00408,S004,2024-03-25,105.53,113.96,91.67,2
G0010365,A00409,S004,2024-03-25,115.07,113.96,100.0,0
G0010366,A00410,S004,2024-03-25,90.97,113.96,100.0,0
G0010367,A00401,S004,2024-03-26,103.31,104.12,100.0,0
G0010368,A00402,S004,2024-03-26,104.62,104.12,100.0,0
G0010369,A00403,S004,2024-03-26,97.27,104.12,100.0,0
G0010370,A00404,S004,2024-03-26,105.25,104.12,100.0,0
G0010371,A00405,S004,2024-03-26,105.05,104.12,100.0,0
G0010372,A00406,S004,2024-03-26,83.86,104.12,100.0,0
G0010373,A00407,S004,2024-03-26,102.66,104.12,100.0,0
G0010374,A00408,S004,2024-03-26,104.95,104.12,100.0,0
G0010375,A00409,S004,2024-03-26,101.72,104.12,95.83,1
G0010376,A00410,S004,2024-03-26,103.06,104.12,100.0,0
G0010377,A00401,S004,2024-03-27,137.82,137.33,100.0,0
G0010378,A00402,S004,2024-03-27,135.7,137.33,100.0,0
G0010379,A00403,S004,2024-03-27,136.74,137.33,100.0,0
G0010380,A00404,S004,2024-03-27,109.99,137.33,100.0,0
G0010381,A00405,S004,2024-03-27,138.68,137.33,100.0,0
G0010382,A00406,S004,2024-03-27,138.12,137.33,100.0,0
G0010383,A00407,S004,2024-03-27,126.2,137.33,100.0,0
G0010384,A00408,S004,2024-03-27,136.11,137.33,100.0,0
G0010385,A00409,S004,2024-03-27,131.58,137.33,95.83,1
G0010386,A00410,S004,2024-03-27,138.34,137.33,100.0,0
G0010387,A00401,S004,2024-03-28,125.77,126.67,100.0,0
G0010388,A00402,S004,2024-03-28,81.49,126.67,100.0,0
G0010389,A00403,S004,2024-03-28,127.09,126.67,100.0,0
G0010390,A00404,S004,2024-03-28,128.62,126.67,100.0,0
G0010391,A00405,S004,2024-03-28,102.67,126.67,100.0,0
G0010392,A00406,S004,2024-03-28,128.09,126.67,100.0,0
G0010393,A00407,S004,2024-03-28,115.75,126.67,100.0,0
G0010394,A00408,S004,2024-03-28,127.51,126.67,100.0,0
G0010395,A00409,S004,2024-03-28,125.23,126.67,100.0,0
G0010396,A00410,S004,2024-03-28,126.55,126.67,100.0,0
G0010397,A00401,S004,2024-03-29,158.36,156.92,100.0,0
G0010398,A00402,S004,2024-03-29,145.92,156.92,100.0,0
G0010399,A00403,S004,2024-03-29,158.74,156.92,100.0,0
G0010400,A00404,S004,2024-03-29,155.81,156.92,100.0,0
G0010401,A00405,S004,2024-03-29,155.0,156.92,100.0,0
G0010402,A00406,S004,2024-03-29,157.93,156.92,100.0,0
G0010403,A00407,S004,2024-03-29,157.21,156.92,100.0,0
G0010404,A00408,S004,2024-03-29,126.13,156.92,100.0,0
G0010405,A00409,S004,2024-03-29,155.53,156.92,100.0,0
G0010406,A00410,S004,2024-03-29,157.55,156.92,100.0,0
G0010407,A00401,S004,2024-03-30,114.65,135.37,83.33,4
G0010408,A00402,S004,2024-03-30,136.46,135.37,100.0,0
G0010409,A00403,S004,2024-03-30,133.82,135.37,100.0,0
G0010410,A00404,S004,2024-03-30,136.72,135.37,100.0,0
G0010411,A00405,S004,2024-03-30,136.39,135.37,100.0,0
G0010412,A00406,S004,2024-03-30,136.43,135.37,100.0,0
G0010413,A00407,S004,2024-03-30,135.15,135.37,100.0,0
G0010414,A00408,S004,2024-03-30,136.55,135.37,100.0,0
G0010415,A00409,S004,2024-03-30,135.42,135.37,100.0,0
G0010416,A00410,S004,2024-03-30,124.27,135.37,100.0,0
G0010417,A00401,S004,2024-03-31,109.01,107.7,100.0,0
G0010418,A00402,S004,2024-03-31,107.62,107.7,100.0,0
G0010419,A00403,S004,2024-03-31,106.23,107.7,100.0,0
G0010420,A00404,S004,2024-03-31,107.77,107.7,100.0,0
G0010421,A00405,S004,2024-03-31,106.49,107.7,100.0,0
G0010422,A00406,S004,2024-03-31,109.05,107.7,100.0,0
G0010423,A00407,S004,2024-03-31,107.56,107.7,100.0,0
G0010424,A00408,S004,2024-03-31,107.44,107.7,100.0,0
G0010425,A00409,S004,2024-03-31,102.98,107.7,95.83,1
G0010426,A00410,S004,2024-03-31,109.12,107.7,100.0,0
G0010427,A00401,S004,2024-04-01,31.9,103.74,50.0,12
G0010428,A00402,S004,2024-04-01,95.45,103.74,100.0,0
G0010429,A00403,S004,2024-04-01,97.55,103.74,95.83,1
G0010430,A00404,S004,2024-04-01,103.44,103.74,100.0,0
G0010431,A00405,S004,2024-04-01,104.58,103.74,100.0,0
G0010432,A00406,S004,2024-04-01,103.63,103.74,100.0,0
G0010433,A00407,S004,2024-04-01,102.83,103.74,100.0,0
G0010434,A00408,S004,2024-04-01,96.46,103.74,100.0,0
G0010435,A00409,S004,2024-04-01,103.34,103.74,100.0,0
G0010436,A00410,S004,2024-04-01,86.32,103.74,83.33,4
G0010437,A00401,S004,2024-04-02,105.03,106.89,100.0,0
G0010438,A00402,S004,2024-04-02,106.09,106.89,100.0,0
G0010439,A00403,S004,2024-04-02,106.99,106.89,100.0,0
G0010440,A00404,S004,2024-04-02,108.14,106.89,100.0,0
G0010441,A00405,S004,2024-04-02,100.07,106.89,100.0,0
G0010442,A00406,S004,2024-04-02,86.09,106.89,100.0,0
G0010443,A00407,S004,2024-04-02,106.2,106.89,100.0,0
G0010444,A00408,S004,2024-04-02,107.92,106.89,100.0,0
G0010445,A00409,S004,2024-04-02,106.39,106.89,100.0,0
G0010446,A00410,S004,2024-04-02,105.83,106.89,100.0,0
G0010447,A00401,S004,2024-04-03,154.89,167.9,100.0,0
G0010448,A00402,S004,2024-04-03,168.69,167.9,100.0,0
G0010449,A00403,S004,2024-04-03,159.24,167.9,95.83,1
G0010450,A00404,S004,2024-04-03,152.04,167.9,91.67,2
G0010451,A00405,S004,2024-04-03,167.35,167.9,100.0,0
G0010452,A00406,S004,2024-04-03,155.68,167.9,100.0,0
G0010453,A00407,S004,2024-04-03,168.67,167.9,100.0,0
G0010454,A00408,S004,2024-04-03,166.05,167.9,100.0,0
G0010455,A00409,S004,2024-04-03,168.11,167.9,100.0,0
G0010456,A00410,S004,2024-04-03,167.64,167.9,100.0,0
G0010457,A00401,S004,2024-04-04,143.54,150.18,95.83,1
G0010458,A00402,S004,2024-04-04,145.73,150.18,95.83,1
G0010459,A00403,S004,2024-04-04,144.2,150.18,95.83,1
G0010460,A00404,S004,2024-04-04,142.5,150.18,95.83,1
G0010461,A00405,S004,2024-04-04,119.5,150.18,100.0,0
G0010462,A00406,S004,2024-04-04,152.07,150.18,100.0,0
G0010463,A00407,S004,2024-04-04,148.94,150.18,100.0,0
G0010464,A00408,S004,2024-04-04,148.53,150.18,100.0,0
G0010465,A00409,S004,2024-04-04,151.94,150.18,100.0,0
G0010466,A00410,S004,2024-04-04,149.49,150.18,100.0,0
G0010467,A00401,S004,2024-04-05,127.1,129.05,100.0,0
G0010468,A00402,S004,2024-04-05,127.5,129.05,100.0,0
G0010469,A00403,S004,2024-04-05,128.99,129.05,100.0,0
G0010470,A00404,S004,2024-04-05,127.31,129.05,100.0,0
G0010471,A00405,S004,2024-04-05,86.35,129.05,66.67,8
G0010472,A00406,S004,2024-04-05,128.15,129.05,100.0,0
G0010473,A00407,S004,2024-04-05,83.96,129.05,100.0,0
G0010474,A00408,S004,2024-04-05,127.59,129.05,100.0,0
G0010475,A00409,S004,2024-04-05,118.86,129.05,91.67,2
G0010476,A00410,S004,2024-04-05,129.06,129.05,100.0,0
G0010477,A00401,S004,2024-04-06,132.53,132.89,100.0,0
G0010478,A00402,S004,2024-04-06,134.89,132.89,100.0,0
G0010479,A00403,S004,2024-04-06,133.1,132.89,100.0,0
G0010480,A00404,S004,2024-04-06,106.69,132.89,100.0,0
G0010481,A00405,S004,2024-04-06,111.49,132.89,91.67,2
G0010482,A00406,S004,2024-04-06,134.51,132.89,100.0,0
G0010483,A00407,S004,2024-04-06,121.31,132.89,91.67,2
G0010484,A00408,S004,2024-04-06,132.24,132.89,100.0,0
G0010485,A00409,S004,2024-04-06,123.97,132.89,100.0,0
G0010486,A00410,S004,2024-04-06,86.72,132.89,100.0,0
G0010487,A00401,S004,2024-04-07,148.05,159.15,100.0,0
G0010488,A00402,S004,2024-04-07,144.63,159.15,100.0,0
G0010489,A00403,S004,2024-04-07,160.49,159.15,100.0,0
G0010490,A00404,S004,2024-04-07,158.54,159.15,100.0,0
G0010491,A00405,S004,2024-04-07,158.64,159.15,100.0,0
G0010492,A00406,S004,2024-04-07,159.45,159.15,100.0,0
G0010493,A00407,S004,2024-04-07,158.14,159.15,100.0,0
G0010494,A00408,S004,2024-04-07,158.05,159.15,100.0,0
G0010495,A00409,S004,2024-04-07,159.97,159.15,100.0,0
G0010496,A00410,S004,2024-04-07,160.22,159.15,100.0,0
G0010497,A00401,S004,2024-04-08,112.21,110.58,100.0,0
G0010498,A00402,S004,2024-04-08,112.06,110.58,100.0,0
G0010499,A00403,S004,2024-04-08,108.91,110.58,100.0,0
G0010500,A00404,S004,2024-04-08,110.33,110.58,100.0,0
G0010501,A00405,S004,2024-04-08,110.38,110.58,100.0,0
G0010502,A00406,S004,2024-04-08,100.25,110.58,91.67,2
G0010503,A00407,S004,2024-04-08,112.52,110.58,100.0,0
G0010504,A00408,S004,2024-04-08,53.94,110.58,50.0,12
G0010505,A00409,S004,2024-04-08,100.2,110.58,91.67,2
G0010506,A00410,S004,2024-04-08,109.31,110.58,100.0,0
G0010507,A00401,S004,2024-04-09,75.98,79.65,95.83,1
G0010508,A00402,S004,2024-04-09,65.4,79.65,100.0,0
G0010509,A00403,S004,2024-04-09,79.87,79.65,100.0,0
G0010510,A00404,S004,2024-04-09,71.87,79.65,91.67,2
G0010511,A00405,S004,2024-04-09,81.22,79.65,100.0,0
G0010512,A00406,S004,2024-04-09,80.38,79.65,100.0,0
G0010513,A00407,S004,2024-04-09,63.53,79.65,100.0,0
G0010514,A00408,S004,2024-04-09,63.53,79.65,100.0,0
G0010515,A00409,S004,2024-04-09,81.35,79.65,100.0,0
G0010516,A00410,S004,2024-04-09,75.19,79.65,100.0,0
G0010517,A00401,S004,2024-04-10,126.23,158.93,100.0,0
G0010518,A00402,S004,2024-04-10,151.68,158.93,95.83,1
G0010519,A00403,S004,2024-04-10,160.28,158.93,100.0,0
G0010520,A00404,S004,2024-04-10,158.52,158.93,100.0,0
G0010521,A00405,S004,2024-04-10,160.07,158.93,100.0,0
G0010522,A00406,S004,2024-04-10,146.96,158.93,100.0,0
G0010523,A00407,S004,2024-04-10,145.42,158.93,91.67,2
G0010524,A00408,S004,2024-04-10,150.49,158.93,95.83,1
G0010525,A00409,S004,2024-04-10,128.34,158.93,100.0,0
G0010526,A00410,S004,2024-04-10,158.65,158.93,100.0,0
G0010527,A00401,S004,2024-04-11,135.47,137.08,100.0,0
G0010528,A00402,S004,2024-04-11,136.7,137.08,100.0,0
G0010529,A00403,S004,2024-04-11,136.58,137.08,100.0,0
G0010530,A00404,S004,2024-04-11,137.6,137.08,100.0,0
G0010531,A00405,S004,2024-04-11,112.69,137.08,83.33,4
G0010532,A00406,S004,2024-04-11,137.03,137.08,100.0,0
G0010533,A00407,S004,2024-04-11,139.0,137.08,100.0,0
G0010534,A00408,S004,2024-04-11,135.79,137.08,100.0,0
G0010535,A00409,S004,2024-04-11,131.3,137.08,95.83,1
G0010536,A00410,S004,2024-04-11,109.3,137.08,100.0,0
G0010537,A00401,S004,2024-04-12,85.41,161.85,66.67,8
G0010538,A00402,S004,2024-04-12,161.1,161.85,100.0,0
G0010539,A00403,S004,2024-04-12,161.64,161.85,100.0,0
G0010540,A00404,S004,2024-04-12,162.29,161.85,100.0,0
G0010541,A00405,S004,2024-04-12,161.79,161.85,100.0,0
G0010542,A00406,S004,2024-04-12,163.09,161.85,100.0,0
G0010543,A00407,S004,2024-04-12,149.86,161.85,100.0,0
G0010544,A00408,S004,2024-04-12,160.0,161.85,100.0,0
G0010545,A00409,S004,2024-04-12,163.44,161.85,100.0,0
G0010546,A00410,S004,2024-04-12,160.36,161.85,100.0,0
G0010547,A00401,S004,2024-04-13,168.11,168.3,100.0,0
G0010548,A00402,S004,2024-04-13,168.73,168.3,100.0,0
G0010549,A00403,S004,2024-04-13,167.28,168.3,100.0,0
G0010550,A00404,S004,2024-04-13,166.69,168.3,100.0,0
G0010551,A00405,S004,2024-04-13,170.07,168.3,100.0,0
G0010552,A00406,S004,2024-04-13,166.61,168.3,100.0,0
G0010553,A00407,S004,2024-04-13,169.88,168.3,100.0,0
G0010554,A00408,S004,2024-04-13,167.11,168.3,100.0,0
G0010555,A00409,S004,2024-04-13,168.78,168.3,100.0,0
G0010556,A00410,S004,2024-04-13,166.71,168.3,100.0,0
G0010557,A00401,S004,2024-04-14,115.82,116.38,100.0,0
G0010558,A00402,S004,2024-04-14,115.24,116.38,100.0,0
G0010559,A00403,S004,2024-04-14,97.37,116.38,83.33,4
G0010560,A00404,S004,2024-04-14,105.27,116.38,100.0,0
G0010561,A00405,S004,2024-04-14,109.81,116.38,95.83,1
G0010562,A00406,S004,2024-04-14,116.26,116.38,100.0,0
G0010563,A00407,S004,2024-04-14,108.37,116.38,100.0,0
G0010564,A00408,S004,2024-04-14,115.63,116.38,100.0,0
G0010565,A00409,S004,2024-04-14,115.33,116.38,100.0,0
G0010566,A00410,S004,2024-04-14,115.82,116.38,100.0,0
G0010567,A00401,S004,2024-04-15,81.56,83.44,100.0,0
G0010568,A00402,S004,2024-04-15,85.42,83.44,100.0,0
G0010569,A00403,S004,2024-04-15,84.57,83.44,100.0,0
G0010570,A00404,S004,2024-04-15,75.0,83.44,100.0,0
G0010571,A00405,S004,2024-04-15,85.0,83.44,100.0,0
G0010572,A00406,S004,2024-04-15,82.87,83.44,100.0,0
G0010573,A00407,S004,2024-04-15,84.74,83.44,100.0,0
G0010574,A00408,S004,2024-04-15,85.3,83.44,100.0,0
G0010575,A00409,S004,2024-04-15,85.27,83.44,100.0,0
G0010576,A00410,S004,2024-04-15,82.92,83.44,100.0,0
G0010577,A00401,S004,2024-04-16,74.42,73.13,100.0,0
G0010578,A00402,S004,2024-04-16,72.96,73.13,100.0,0
G0010579,A00403,S004,2024-04-16,68.44,73.13,95.83,1
G0010580,A00404,S004,2024-04-16,66.82,73.13,100.0,0
G0010581,A00405,S004,2024-04-16,71.48,73.13,100.0,0
G0010582,A00406,S004,2024-04-16,71.32,73.13,100.0,0
G0010583,A00407,S004,2024-04-16,74.82,73.13,100.0,0
G0010584,A00408,S004,2024-04-16,72.78,73.13,100.0,0
G0010585,A00409,S004,2024-04-16,71.79,73.13,100.0,0
G0010586,A00410,S004,2024-04-16,67.71,73.13,100.0,0
G0010587,A00401,S004,2024-04-17,108.46,114.56,95.83,1
G0010588,A00402,S004,2024-04-17,114.51,114.56,100.0,0
G0010589,A00403,S004,2024-04-17,113.98,114.56,100.0,0
G0010590,A00404,S004,2024-04-17,115.67,114.56,100.0,0
G0010591,A00405,S004,2024-04-17,111.77,114.56,95.83,1
G0010592,A00406,S004,2024-04-17,114.25,114.56,100.0,0
G0010593,A00407,S004,2024-04-17,112.57,114.56,100.0,0
G0010594,A00408,S004,2024-04-17,115.14,114.56,100.0,0
G0010595,A00409,S004,2024-04-17,96.61,114.56,83.33,4
G0010596,A00410,S004,2024-04-17,112.86,114.56,100.0,0
G0010597,A00401,S004,2024-04-18,120.68,120.86,100.0,0
G0010598,A00402,S004,2024-04-18,121.34,120.86,100.0,0
G0010599,A00403,S004,2024-04-18,99.23,120.86,83.33,4
G0010600,A00404,S004,2024-04-18,116.32,120.86,95.83,1
G0010601,A00405,S004,2024-04-18,121.89,120.86,100.0,0
G0010602,A00406,S004,2024-04-18,119.65,120.86,100.0,0
G0010603,A00407,S004,2024-04-18,122.26,120.86,100.0,0
G0010604,A00408,S004,2024-04-18,121.16,120.86,100.0,0
G0010605,A00409,S004,2024-04-18,80.45,120.86,100.0,0
G0010606,A00410,S004,2024-04-18,121.98,120.86,100.0,0
G0010607,A00401,S004,2024-04-19,150.46,151.81,100.0,0
G0010608,A00402,S004,2024-04-19,151.16,151.81,100.0,0
G0010609,A00403,S004,2024-04-19,139.34,151.81,100.0,0
G0010610,A00404,S004,2024-04-19,151.23,151.81,100.0,0
G0010611,A00405,S004,2024-04-19,150.47,151.81,100.0,0
G0010612,A00406,S004,2024-04-19,153.81,151.81,100.0,0
G0010613,A00407,S004,2024-04-19,153.44,151.81,100.0,0
G0010614,A00408,S004,2024-04-19,150.31,151.81,100.0,0
G0010615,A00409,S004,2024-04-19,139.64,151.81,100.0,0
G0010616,A00410,S004,2024-04-19,137.98,151.81,100.0,0
G0010617,A00401,S004,2024-04-20,161.32,162.62,100.0,0
G0010618,A00402,S004,2024-04-20,161.7,162.62,100.0,0
G0010619,A00403,S004,2024-04-20,162.17,162.62,100.0,0
G0010620,A00404,S004,2024-04-20,164.13,162.62,100.0,0
G0010621,A00405,S004,2024-04-20,161.61,162.62,100.0,0
G0010622,A00406,S004,2024-04-20,161.99,162.62,100.0,0
G0010623,A00407,S004,2024-04-20,109.33,162.62,83.33,4
G0010624,A00408,S004,2024-04-20,160.65,162.62,100.0,0
G0010625,A00409,S004,2024-04-20,160.71,162.62,100.0,0
G0010626,A00410,S004,2024-04-20,163.66,162.62,100.0,0
G0010627,A00401,S004,2024-04-21,120.14,120.15,100.0,0
G0010628,A00402,S004,2024-04-21,120.42,120.15,100.0,0
G0010629,A00403,S004,2024-04-21,67.08,120.15,83.33,4
G0010630,A00404,S004,2024-04-21,115.4,120.15,95.83,1
G0010631,A00405,S004,2024-04-21,118.62,120.15,100.0,0
G0010632,A00406,S004,2024-04-21,120.8,120.15,100.0,0
G0010633,A00407,S004,2024-04-21,118.61,120.15,100.0,0
G0010634,A00408,S004,2024-04-21,121.78,120.15,100.0,0
G0010635,A00409,S004,2024-04-21,108.96,120.15,91.67,2
G0010636,A00410,S004,2024-04-21,121.25,120.15,100.0,0
G0010637,A00401,S004,2024-04-22,161.63,176.15,91.67,2
G0010638,A00402,S004,2024-04-22,174.8,176.15,100.0,0
G0010639,A00403,S004,2024-04-22,175.57,176.15,100.0,0
G0010640,A00404,S004,2024-04-22,175.17,176.15,100.0,0
G0010641,A00405,S004,2024-04-22,141.86,176.15,100.0,0
G0010642,A00406,S004,2024-04-22,174.23,176.15,100.0,0
G0010643,A00407,S004,2024-04-22,177.88,176.15,100.0,0
G0010644,A00408,S004,2024-04-22,87.92,176.15,50.0,12
G0010645,A00409,S004,2024-04-22,141.11,176.15,100.0,0
G0010646,A00410,S004,2024-04-22,175.96,176.15,100.0,0
G0010647,A00401,S004,2024-04-23,160.67,161.56,100.0,0
G0010648,A00402,S004,2024-04-23,162.39,161.56,100.0,0
G0010649,A00403,S004,2024-04-23,160.12,161.56,100.0,0
G0010650,A00404,S004,2024-04-23,161.61,161.56,100.0,0
G0010651,A00405,S004,2024-04-23,161.86,161.56,100.0,0
G0010652,A00406,S004,2024-04-23,148.98,161.56,100.0,0
G0010653,A00407,S004,2024-04-23,159.98,161.56,100.0,0
G0010654,A00408,S004,2024-04-23,160.63,161.56,100.0,0
G0010655,A00409,S004,2024-04-23,130.0,161.56,100.0,0
G0010656,A00410,S004,2024-04-23,163.12,161.56,100.0,0
G0010657,A00401,S004,2024-04-24,146.57,145.12,100.0,0
G0010658,A00402,S004,2024-04-24,115.69,145.12,100.0,0
G0010659,A00403,S004,2024-04-24,146.94,145.12,100.0,0
G0010660,A00404,S004,2024-04-24,144.59,145.12,100.0,0
G0010661,A00405,S004,2024-04-24,146.05,145.12,100.0,0
G0010662,A00406,S004,2024-04-24,145.62,145.12,100.0,0
G0010663,A00407,S004,2024-04-24,94.34,145.12,100.0,0
G0010664,A00408,S004,2024-04-24,145.32,145.12,100.0,0
G0010665,A00409,S004,2024-04-24,115.63,145.12,100.0,0
G0010666,A00410,S004,2024-04-24,146.19,145.12,100.0,0
G0010667,A00401,S004,2024-04-25,124.0,123.58,100.0,0
G0010668,A00402,S004,2024-04-25,115.01,123.58,100.0,0
G0010669,A00403,S004,2024-04-25,122.94,123.58,100.0,0
G0010670,A00404,S004,2024-04-25,124.26,123.58,100.0,0
G0010671,A00405,S004,2024-04-25,123.47,123.58,100.0,0
G0010672,A00406,S004,2024-04-25,112.63,123.58,100.0,0
G0010673,A00407,S004,2024-04-25,112.0,123.58,91.67,2
G0010674,A00408,S004,2024-04-25,121.72,123.58,100.0,0
G0010675,A00409,S004,2024-04-25,121.6,123.58,100.0,0
G0010676,A00410,S004,2024-04-25,99.16,123.58,100.0,0
G0010677,A00401,S004,2024-04-26,169.39,182.94,91.67,2
G0010678,A00402,S004,2024-04-26,183.38,182.94,100.0,0
G0010679,A00403,S004,2024-04-26,181.57,182.94,100.0,0
G0010680,A00404,S004,2024-04-26,182.15,182.94,100.0,0
G0010681,A00405,S004,2024-04-26,166.42,182.94,100.0,0
G0010682,A00406,S004,2024-04-26,122.73,182.94,83.33,4
G0010683,A00407,S004,2024-04-26,168.87,182.94,100.0,0
G0010684,A00408,S004,2024-04-26,182.93,182.94,100.0,0
G0010685,A00409,S004,2024-04-26,169.13,182.94,100.0,0
G0010686,A00410,S004,2024-04-26,181.62,182.94,100.0,0
G0010687,A00401,S004,2024-04-27,106.57,107.29,100.0,0
G0010688,A00402,S004,2024-04-27,107.74,107.29,100.0,0
G0010689,A00403,S004,2024-04-27,98.12,107.29,100.0,0
G0010690,A00404,S004,2024-04-27,107.85,107.29,100.0,0
G0010691,A00405,S004,2024-04-27,105.29,107.29,100.0,0
G0010692,A00406,S004,2024-04-27,84.98,107.29,100.0,0
G0010693,A00407,S004,2024-04-27,79.63,107.29,91.67,2
G0010694,A00408,S004,2024-04-27,106.33,107.29,100.0,0
G0010695,A00409,S004,2024-04-27,98.51,107.29,100.0,0
G0010696,A00410,S004,2024-04-27,107.28,107.29,100.0,0
G0010697,A00401,S004,2024-04-28,150.09,150.56,100.0,0
G0010698,A00402,S004,2024-04-28,138.17,150.56,100.0,0
G0010699,A00403,S004,2024-04-28,148.86,150.56,100.0,0
G0010700,A00404,S004,2024-04-28,121.19,150.56,100.0,0
G0010701,A00405,S004,2024-04-28,150.6,150.56,100.0,0
G0010702,A00406,S004,2024-04-28,120.37,150.56,100.0,0
G0010703,A00407,S004,2024-04-28,137.26,150.56,100.0,0
G0010704,A00408,S004,2024-04-28,152.13,150.56,100.0,0
G0010705,A00409,S004,2024-04-28,150.52,150.56,100.0,0
G0010706,A00410,S004,2024-04-28,120.65,150.56,100.0,0
G0010707,A00401,S004,2024-04-29,146.83,146.42,100.0,0
G0010708,A00402,S004,2024-04-29,146.91,146.42,100.0,0
G0010709,A00403,S004,2024-04-29,146.26,146.42,100.0,0
G0010710,A00404,S004,2024-04-29,144.59,146.42,100.0,0
G0010711,A00405,S004,2024-04-29,119.03,146.42,100.0,0
G0010712,A00406,S004,2024-04-29,147.94,146.42,100.0,0
G0010713,A00407,S004,2024-04-29,121.27,146.42,83.33,4
G0010714,A00408,S004,2024-04-29,144.46,146.42,100.0,0
G0010715,A00409,S004,2024-04-29,145.89,146.42,100.0,0
G0010716,A00410,S004,2024-04-29,139.67,146.42,95.83,1
G0010717,A00401,S004,2024-04-30,116.49,123.57,95.83,1
G0010718,A00402,S004,2024-04-30,122.72,123.57,100.0,0
G0010719,A00403,S004,2024-04-30,114.61,123.57,100.0,0
G0010720,A00404,S004,2024-04-30,122.12,123.57,100.0,0
G0010721,A00405,S004,2024-04-30,125.19,123.57,100.0,0
G0010722,A00406,S004,2024-04-30,99.41,123.57,100.0,0
G0010723,A00407,S004,2024-04-30,114.47,123.57,100.0,0
G0010724,A00408,S004,2024-04-30,78.46,123.57,100.0,0
G0010725,A00409,S004,2024-04-30,122.54,123.57,100.0,0
G0010726,A00410,S004,2024-04-30,123.74,123.57,100.0,0
G0010727,A00401,S004,2024-05-01,137.21,204.24,66.67,8
G0010728,A00402,S004,2024-05-01,204.88,204.24,100.0,0
G0010729,A00403,S004,2024-05-01,132.31,204.24,100.0,0
G0010730,A00404,S004,2024-05-01,203.8,204.24,100.0,0
G0010731,A00405,S004,2024-05-01,204.61,204.24,100.0,0
G0010732,A00406,S004,2024-05-01,179.7,204.24,95.83,1
G0010733,A00407,S004,2024-05-01,204.27,204.24,100.0,0
G0010734,A00408,S004,2024-05-01,203.85,204.24,100.0,0
G0010735,A00409,S004,2024-05-01,204.94,204.24,100.0,0
G0010736,A00410,S004,2024-05-01,204.5,204.24,100.0,0
G0010737,A00401,S004,2024-05-02,153.36,154.52,100.0,0
G0010738,A00402,S004,2024-05-02,155.11,154.52,100.0,0
G0010739,A00403,S004,2024-05-02,71.4,154.52,50.0,12
G0010740,A00404,S004,2024-05-02,156.36,154.52,100.0,0
G0010741,A00405,S004,2024-05-02,140.25,154.52,100.0,0
G0010742,A00406,S004,2024-05-02,156.33,154.52,100.0,0
G0010743,A00407,S004,2024-05-02,141.29,154.52,100.0,0
G0010744,A00408,S004,2024-05-02,155.89,154.52,100.0,0
G0010745,A00409,S004,2024-05-02,152.55,154.52,100.0,0
G0010746,A00410,S004,2024-05-02,122.67,154.52,100.0,0
G0010747,A00401,S004,2024-05-03,100.42,148.77,83.33,4
G0010748,A00402,S004,2024-05-03,149.84,148.77,100.0,0
G0010749,A00403,S004,2024-05-03,137.48,148.77,100.0,0
G0010750,A00404,S004,2024-05-03,148.73,148.77,100.0,0
G0010751,A00405,S004,2024-05-03,149.43,148.77,100.0,0
G0010752,A00406,S004,2024-05-03,147.41,148.77,100.0,0
G0010753,A00407,S004,2024-05-03,147.26,148.77,100.0,0
G0010754,A00408,S004,2024-05-03,137.01,148.77,100.0,0
G0010755,A00409,S004,2024-05-03,148.03,148.77,100.0,0
G0010756,A00410,S004,2024-05-03,98.31,148.77,66.67,8
G0010757,A00401,S004,2024-05-04,148.84,148.11,100.0,0
G0010758,A00402,S004,2024-05-04,146.34,148.11,100.0,0
G0010759,A00403,S004,2024-05-04,147.46,148.11,100.0,0
G0010760,A00404,S004,2024-05-04,135.13,148.11,91.67,2
G0010761,A00405,S004,2024-05-04,146.43,148.11,100.0,0
G0010762,A00406,S004,2024-05-04,135.3,148.11,91.67,2
G0010763,A00407,S004,2024-05-04,149.67,148.11,100.0,0
G0010764,A00408,S004,2024-05-04,146.76,148.11,100.0,0
G0010765,A00409,S004,2024-05-04,146.3,148.11,100.0,0
G0010766,A00410,S004,2024-05-04,147.82,148.11,100.0,0
G0010767,A00401,S004,2024-05-05,203.92,205.2,100.0,0
G0010768,A00402,S004,2024-05-05,206.68,205.2,100.0,0
G0010769,A00403,S004,2024-05-05,203.56,205.2,100.0,0
G0010770,A00404,S004,2024-05-05,188.91,205.2,100.0,0
G0010771,A00405,S004,2024-05-05,203.38,205.2,100.0,0
G0010772,A00406,S004,2024-05-05,206.17,205.2,100.0,0
G0010773,A00407,S004,2024-05-05,205.71,205.2,100.0,0
G0010774,A00408,S004,2024-05-05,100.98,205.2,50.0,12
G0010775,A00409,S004,2024-05-05,205.24,205.2,100.0,0
G0010776,A00410,S004,2024-05-05,197.61,205.2,95.83,1
G0010777,A00401,S004,2024-05-06,188.56,189.97,100.0,0
G0010778,A00402,S004,2024-05-06,191.7,189.97,100.0,0
G0010779,A00403,S004,2024-05-06,152.34,189.97,100.0,0
G0010780,A00404,S004,2024-05-06,188.96,189.97,100.0,0
G0010781,A00405,S004,2024-05-06,189.43,189.97,100.0,0
G0010782,A00406,S004,2024-05-06,188.08,189.97,100.0,0
G0010783,A00407,S004,2024-05-06,187.99,189.97,100.0,0
G0010784,A00408,S004,2024-05-06,189.58,189.97,100.0,0
G0010785,A00409,S004,2024-05-06,190.73,189.97,100.0,0
G0010786,A00410,S004,2024-05-06,188.1,189.97,100.0,0
G0010787,A00401,S004,2024-05-07,177.79,185.37,95.83,1
G0010788,A00402,S004,2024-05-07,184.5,185.37,100.0,0
G0010789,A00403,S004,2024-05-07,183.94,185.37,100.0,0
G0010790,A00404,S004,2024-05-07,183.7,185.37,100.0,0
G0010791,A00405,S004,2024-05-07,171.14,185.37,100.0,0
G0010792,A00406,S004,2024-05-07,146.6,185.37,100.0,0
G0010793,A00407,S004,2024-05-07,186.31,185.37,100.0,0
G0010794,A00408,S004,2024-05-07,168.66,185.37,100.0,0
G0010795,A00409,S004,2024-05-07,187.33,185.37,100.0,0
G0010796,A00410,S004,2024-05-07,183.91,185.37,100.0,0
G0010797,A00401,S004,2024-05-08,125.42,124.54,100.0,0
G0010798,A00402,S004,2024-05-08,124.47,124.54,100.0,0
G0010799,A00403,S004,2024-05-08,112.52,124.54,91.67,2
G0010800,A00404,S004,2024-05-08,124.09,124.54,100.0,0
G0010801,A00405,S004,2024-05-08,122.94,124.54,100.0,0
G0010802,A00406,S004,2024-05-08,122.92,124.54,100.0,0
G0010803,A00407,S004,2024-05-08,122.87,124.54,100.0,0
G0010804,A00408,S004,2024-05-08,122.96,124.54,100.0,0
G0010805,A00409,S004,2024-05-08,124.65,124.54,100.0,0
G0010806,A00410,S004,2024-05-08,124.5,124.54,100.0,0
G0010807,A00401,S004,2024-05-09,196.49,205.2,95.83,1
G0010808,A00402,S004,2024-05-09,206.59,205.2,100.0,0
G0010809,A00403,S004,2024-05-09,189.21,205.2,100.0,0
G0010810,A00404,S004,2024-05-09,206.56,205.2,100.0,0
G0010811,A00405,S004,2024-05-09,205.88,205.2,100.0,0
G0010812,A00406,S004,2024-05-09,203.24,205.2,100.0,0
G0010813,A00407,S004,2024-05-09,205.57,205.2,100.0,0
G0010814,A00408,S004,2024-05-09,204.07,205.2,100.0,0
G0010815,A00409,S004,2024-05-09,203.46,205.2,100.0,0
G0010816,A00410,S004,2024-05-09,197.96,205.2,95.83,1
G0010817,A00401,S004,2024-05-10,172.06,186.34,100.0,0
G0010818,A00402,S004,2024-05-10,169.6,186.34,100.0,0
G0010819,A00403,S004,2024-05-10,187.67,186.34,100.0,0
G0010820,A00404,S004,2024-05-10,187.61,186.34,100.0,0
G0010821,A00405,S004,2024-05-10,184.91,186.34,100.0,0
G0010822,A00406,S004,2024-05-10,185.42,186.34,100.0,0
G0010823,A00407,S004,2024-05-10,186.72,186.34,100.0,0
G0010824,A00408,S004,2024-05-10,187.41,186.34,100.0,0
G0010825,A00409,S004,2024-05-10,185.09,186.34,100.0,0
G0010826,A00410,S004,2024-05-10,147.39,186.34,100.0,0
G0010827,A00401,S004,2024-05-11,204.47,205.2,100.0,0
G0010828,A00402,S004,2024-05-11,206.03,205.2,100.0,0
G0010829,A00403,S004,2024-05-11,205.69,205.2,100.0,0
G0010830,A00404,S004,2024-05-11,205.66,205.2,100.0,0
G0010831,A00405,S004,2024-05-11,205.75,205.2,100.0,0
G0010832,A00406,S004,2024-05-11,203.86,205.2,100.0,0
G0010833,A00407,S004,2024-05-11,203.35,205.2,100.0,0
G0010834,A00408,S004,2024-05-11,170.35,205.2,83.33,4
G0010835,A00409,S004,2024-05-11,206.49,205.2,100.0,0
G0010836,A00410,S004,2024-05-11,206.18,205.2,100.0,0
G0010837,A00401,S004,2024-05-12,143.91,170.94,83.33,4
G0010838,A00402,S004,2024-05-12,164.13,170.94,95.83,1
G0010839,A00403,S004,2024-05-12,138.11,170.94,100.0,0
G0010840,A00404,S004,2024-05-12,162.78,170.94,95.83,1
G0010841,A00405,S004,2024-05-12,172.38,170.94,100.0,0
G0010842,A00406,S004,2024-05-12,114.15,170.94,66.67,8
G0010843,A00407,S004,2024-05-12,155.33,170.94,100.0,0
G0010844,A00408,S004,2024-05-12,171.69,170.94,100.0,0
G0010845,A00409,S004,2024-05-12,171.95,170.94,100.0,0
G0010846,A00410,S004,2024-05-12,169.85,170.94,100.0,0
G0010847,A00401,S004,2024-05-13,177.12,177.99,100.0,0
G0010848,A00402,S004,2024-05-13,146.58,177.99,83.33,4
G0010849,A00403,S004,2024-05-13,109.54,177.99,66.67,8
G0010850,A00404,S004,2024-05-13,176.4,177.99,100.0,0
G0010851,A00405,S004,2024-05-13,179.12,177.99,100.0,0
G0010852,A00406,S004,2024-05-13,161.46,177.99,91.67,2
G0010853,A00407,S004,2024-05-13,179.88,177.99,100.0,0
G0010854,A00408,S004,2024-05-13,179.19,177.99,100.0,0
G0010855,A00409,S004,2024-05-13,176.26,177.99,100.0,0
G0010856,A00410,S004,2024-05-13,179.0,177.99,100.0,0
G0010857,A00401,S004,2024-05-14,151.25,153.02,100.0,0
G0010858,A00402,S004,2024-05-14,153.13,153.02,100.0,0
G0010859,A00403,S004,2024-05-14,142.67,153.02,100.0,0
G0010860,A00404,S004,2024-05-14,154.08,153.02,100.0,0
G0010861,A00405,S004,2024-05-14,154.39,153.02,100.0,0
G0010862,A00406,S004,2024-05-14,154.65,153.02,100.0,0
G0010863,A00407,S004,2024-05-14,146.38,153.02,95.83,1
G0010864,A00408,S004,2024-05-14,145.3,153.02,95.83,1
G0010865,A00409,S004,2024-05-14,154.7,153.02,100.0,0
G0010866,A00410,S004,2024-05-14,152.86,153.02,100.0,0
G0010867,A00401,S004,2024-05-15,169.74,205.2,83.33,4
G0010868,A00402,S004,2024-05-15,187.9,205.2,100.0,0
G0010869,A00403,S004,2024-05-15,204.11,205.2,100.0,0
G0010870,A00404,S004,2024-05-15,172.73,205.2,91.67,2
G0010871,A00405,S004,2024-05-15,150.03,205.2,91.67,2
G0010872,A00406,S004,2024-05-15,203.67,205.2,100.0,0
G0010873,A00407,S004,2024-05-15,205.8,205.2,100.0,0
G0010874,A00408,S004,2024-05-15,203.34,205.2,100.0,0
G0010875,A00409,S004,2024-05-15,190.53,205.2,100.0,0
G0010876,A00410,S004,2024-05-15,206.2,205.2,100.0,0
G0010877,A00401,S004,2024-05-16,200.43,200.15,100.0,0
G0010878,A00402,S004,2024-05-16,200.76,200.15,100.0,0
G0010879,A00403,S004,2024-05-16,166.18,200.15,83.33,4
G0010880,A00404,S004,2024-05-16,158.95,200.15,100.0,0
G0010881,A00405,S004,2024-05-16,199.73,200.15,100.0,0
G0010882,A00406,S004,2024-05-16,200.39,200.15,100.0,0
G0010883,A00407,S004,2024-05-16,201.92,200.15,100.0,0
G0010884,A00408,S004,2024-05-16,198.46,200.15,100.0,0
G0010885,A00409,S004,2024-05-16,200.3,200.15,100.0,0
G0010886,A00410,S004,2024-05-16,78.78,200.15,50.0,12
G0010887,A00401,S004,2024-05-17,168.22,167.54,100.0,0
G0010888,A00402,S004,2024-05-17,169.22,167.54,100.0,0
G0010889,A00403,S004,2024-05-17,168.2,167.54,100.0,0
G0010890,A00404,S004,2024-05-17,133.65,167.54,100.0,0
G0010891,A00405,S004,2024-05-17,168.63,167.54,100.0,0
G0010892,A00406,S004,2024-05-17,166.82,167.54,100.0,0
G0010893,A00407,S004,2024-05-17,166.72,167.54,100.0,0
G0010894,A00408,S004,2024-05-17,166.05,167.54,100.0,0
G0010895,A00409,S004,2024-05-17,165.73,167.54,100.0,0
G0010896,A00410,S004,2024-05-17,167.25,167.54,100.0,0
G0010897,A00401,S004,2024-05-18,167.96,169.91,100.0,0
G0010898,A00402,S004,2024-05-18,169.57,169.91,100.0,0
G0010899,A00403,S004,2024-05-18,84.29,169.91,50.0,12
G0010900,A00404,S004,2024-05-18,168.22,169.91,100.0,0
G0010901,A00405,S004,2024-05-18,90.11,169.91,66.67,8
G0010902,A00406,S004,2024-05-18,169.35,169.91,100.0,0
G0010903,A00407,S004,2024-05-18,171.64,169.91,100.0,0
G0010904,A00408,S004,2024-05-18,168.47,169.91,100.0,0
G0010905,A00409,S004,2024-05-18,169.76,169.91,100.0,0
G0010906,A00410,S004,2024-05-18,168.11,169.91,100.0,0
G0010907,A00401,S004,2024-05-19,115.28,136.06,83.33,4
G0010908,A00402,S004,2024-05-19,136.8,136.06,100.0,0
G0010909,A00403,S004,2024-05-19,136.31,136.06,100.0,0
G0010910,A00404,S004,2024-05-19,138.04,136.06,100.0,0
G0010911,A00405,S004,2024-05-19,136.6,136.06,100.0,0
G0010912,A00406,S004,2024-05-19,135.11,136.06,100.0,0
G0010913,A00407,S004,2024-05-19,134.1,136.06,100.0,0
G0010914,A00408,S004,2024-05-19,136.05,136.06,100.0,0
G0010915,A00409,S004,2024-05-19,89.97,136.06,66.67,8
G0010916,A00410,S004,2024-05-19,134.49,136.06,100.0,0
G0010917,A00401,S004,2024-05-20,191.88,192.49,100.0,0
G0010918,A00402,S004,2024-05-20,190.73,192.49,100.0,0
G0010919,A00403,S004,2024-05-20,192.36,192.49,100.0,0
G0010920,A00404,S004,2024-05-20,194.17,192.49,100.0,0
G0010921,A00405,S004,2024-05-20,125.12,192.49,100.0,0
G0010922,A00406,S004,2024-05-20,191.2,192.49,100.0,0
G0010923,A00407,S004,2024-05-20,194.32,192.49,100.0,0
G0010924,A00408,S004,2024-05-20,191.61,192.49,100.0,0
G0010925,A00409,S004,2024-05-20,175.14,192.49,91.67,2
G0010926,A00410,S004,2024-05-20,190.66,192.49,100.0,0
G0010927,A00401,S004,2024-05-21,166.88,164.93,100.0,0
G0010928,A00402,S004,2024-05-21,164.46,164.93,100.0,0
G0010929,A00403,S004,2024-05-21,152.59,164.93,100.0,0
G0010930,A00404,S004,2024-05-21,162.96,164.93,100.0,0
G0010931,A00405,S004,2024-05-21,164.83,164.93,100.0,0
G0010932,A00406,S004,2024-05-21,163.63,164.93,100.0,0
G0010933,A00407,S004,2024-05-21,164.07,164.93,100.0,0
G0010934,A00408,S004,2024-05-21,163.57,164.93,100.0,0
G0010935,A00409,S004,2024-05-21,164.62,164.93,100.0,0
G0010936,A00410,S004,2024-05-21,166.19,164.93,100.0,0
G0010937,A00401,S004,2024-05-22,204.99,205.2,100.0,0
G0010938,A00402,S004,2024-05-22,197.64,205.2,95.83,1
G0010939,A00403,S004,2024-05-22,204.89,205.2,100.0,0
G0010940,A00404,S004,2024-05-22,205.65,205.2,100.0,0
G0010941,A00405,S004,2024-05-22,206.85,205.2,100.0,0
G0010942,A00406,S004,2024-05-22,198.46,205.2,95.83,1
G0010943,A00407,S004,2024-05-22,203.98,205.2,100.0,0
G0010944,A00408,S004,2024-05-22,205.37,205.2,100.0,0
G0010945,A00409,S004,2024-05-22,204.52,205.2,100.0,0
G0010946,A00410,S004,2024-05-22,188.61,205.2,100.0,0
G0010947,A00401,S004,2024-05-23,118.03,129.37,100.0,0
G0010948,A00402,S004,2024-05-23,131.17,129.37,100.0,0
G0010949,A00403,S004,2024-05-23,127.78,129.37,100.0,0
G0010950,A00404,S004,2024-05-23,131.35,129.37,100.0,0
G0010951,A00405,S004,2024-05-23,130.06,129.37,100.0,0
G0010952,A00406,S004,2024-05-23,128.64,129.37,100.0,0
G0010953,A00407,S004,2024-05-23,131.15,129.37,100.0,0
G0010954,A00408,S004,2024-05-23,128.22,129.37,100.0,0
G0010955,A00409,S004,2024-05-23,128.14,129.37,100.0,0
G0010956,A00410,S004,2024-05-23,129.27,129.37,100.0,0
G0010957,A00401,S004,2024-05-24,134.96,134.53,100.0,0
G0010958,A00402,S004,2024-05-24,133.22,134.53,100.0,0
G0010959,A00403,S004,2024-05-24,135.95,134.53,100.0,0
G0010960,A00404,S004,2024-05-24,134.27,134.53,100.0,0
G0010961,A00405,S004,2024-05-24,135.08,134.53,100.0,0
G0010962,A00406,S004,2024-05-24,135.03,134.53,100.0,0
G0010963,A00407,S004,2024-05-24,135.47,134.53,100.0,0
G0010964,A00408,S004,2024-05-24,135.05,134.53,100.0,0
G0010965,A00409,S004,2024-05-24,86.4,134.53,100.0,0
G0010966,A00410,S004,2024-05-24,132.64,134.53,100.0,0
G0010967,A00401,S004,2024-05-25,188.52,190.5,100.0,0
G0010968,A00402,S004,2024-05-25,188.72,190.5,100.0,0
G0010969,A00403,S004,2024-05-25,190.85,190.5,100.0,0
G0010970,A00404,S004,2024-05-25,122.02,190.5,100.0,0
G0010971,A00405,S004,2024-05-25,188.78,190.5,100.0,0
G0010972,A00406,S004,2024-05-25,188.87,190.5,100.0,0
G0010973,A00407,S004,2024-05-25,190.36,190.5,100.0,0
G0010974,A00408,S004,2024-05-25,191.58,190.5,100.0,0
G0010975,A00409,S004,2024-05-25,190.07,190.5,100.0,0
G0010976,A00410,S004,2024-05-25,191.02,190.5,100.0,0
G0010977,A00401,S004,2024-05-26,173.13,190.96,91.67,2
G0010978,A00402,S004,2024-05-26,190.18,190.96,100.0,0
G0010979,A00403,S004,2024-05-26,177.49,190.96,100.0,0
G0010980,A00404,S004,2024-05-26,173.93,190.96,100.0,0
G0010981,A00405,S004,2024-05-26,192.59,190.96,100.0,0
G0010982,A00406,S004,2024-05-26,153.2,190.96,100.0,0
G0010983,A00407,S004,2024-05-26,190.69,190.96,100.0,0
G0010984,A00408,S004,2024-05-26,190.55,190.96,100.0,0
G0010985,A00409,S004,2024-05-26,190.61,190.96,100.0,0
G0010986,A00410,S004,2024-05-26,190.98,190.96,100.0,0
G0010987,A00401,S004,2024-05-27,169.97,168.94,100.0,0
G0010988,A00402,S004,2024-05-27,167.66,168.94,100.0,0
G0010989,A00403,S004,2024-05-27,169.1,168.94,100.0,0
G0010990,A00404,S004,2024-05-27,170.55,168.94,100.0,0
G0010991,A00405,S004,2024-05-27,110.69,168.94,100.0,0
G0010992,A00406,S004,2024-05-27,167.41,168.94,100.0,0
G0010993,A00407,S004,2024-05-27,168.62,168.94,100.0,0
G0010994,A00408,S004,2024-05-27,167.14,168.94,100.0,0
G0010995,A00409,S004,2024-05-27,170.88,168.94,100.0,0
G0010996,A00410,S004,2024-05-27,168.01,168.94,100.0,0
G0010997,A00401,S004,2024-05-28,204.34,205.2,100.0,0
G0010998,A00402,S004,2024-05-28,170.56,205.2,83.33,4
G0010999,A00403,S004,2024-05-28,166.04,205.2,100.0,0
G0011000,A00404,S004,2024-05-28,205.79,205.2,100.0,0
G0011001,A00405,S004,2024-05-28,205.04,205.2,100.0,0
G0011002,A00406,S004,2024-05-28,206.92,205.2,100.0,0
G0011003,A00407,S004,2024-05-28,203.97,205.2,100.0,0
G0011004,A00408,S004,2024-05-28,204.22,205.2,100.0,0
G0011005,A00409,S004,2024-05-28,205.87,205.2,100.0,0
G0011006,A00410,S004,2024-05-28,206.06,205.2,100.0,0
G0011007,A00401,S004,2024-05-29,159.43,198.09,100.0,0
G0011008,A00402,S004,2024-05-29,199.54,198.09,100.0,0
G0011009,A00403,S004,2024-05-29,166.44,198.09,83.33,4
G0011010,A00404,S004,2024-05-29,197.54,198.09,100.0,0
G0011011,A00405,S004,2024-05-29,199.4,198.09,100.0,0
G0011012,A00406,S004,2024-05-29,196.41,198.09,100.0,0
G0011013,A00407,S004,2024-05-29,198.68,198.09,100.0,0
G0011014,A00408,S004,2024-05-29,183.94,198.09,100.0,0
G0011015,A00409,S004,2024-05-29,197.83,198.09,100.0,0
G0011016,A00410,S004,2024-05-29,199.37,198.09,100.0,0
G0011017,A00401,S004,2024-05-30,189.61,205.2,100.0,0
G0011018,A00402,S004,2024-05-30,204.08,205.2,100.0,0
G0011019,A00403,S004,2024-05-30,204.49,205.2,100.0,0
G0011020,A00404,S004,2024-05-30,207.03,205.2,100.0,0
G0011021,A00405,S004,2024-05-30,137.32,205.2,66.67,8
G0011022,A00406,S004,2024-05-30,204.82,205.2,100.0,0
G0011023,A00407,S004,2024-05-30,204.93,205.2,100.0,0
G0011024,A00408,S004,2024-05-30,205.57,205.2,100.0,0
G0011025,A00409,S004,2024-05-30,203.89,205.2,100.0,0
G0011026,A00410,S004,2024-05-30,206.24,205.2,100.0,0
G0011027,A00401,S004,2024-05-31,188.92,205.2,100.0,0
G0011028,A00402,S004,2024-05-31,204.67,205.2,100.0,0
G0011029,A00403,S004,2024-05-31,170.16,205.2,83.33,4
G0011030,A00404,S004,2024-05-31,205.27,205.2,100.0,0
G0011031,A00405,S004,2024-05-31,205.39,205.2,100.0,0
G0011032,A00406,S004,2024-05-31,182.53,205.2,95.83,1
G0011033,A00407,S004,2024-05-31,110.82,205.2,66.67,8
G0011034,A00408,S004,2024-05-31,204.35,205.2,100.0,0
G0011035,A00409,S004,2024-05-31,203.95,205.2,100.0,0
G0011036,A00410,S004,2024-05-31,162.52,205.2,100.0,0
G0011037,A00401,S004,2024-06-01,203.9,205.2,100.0,0
G0011038,A00402,S004,2024-06-01,203.46,205.2,100.0,0
G0011039,A00403,S004,2024-06-01,131.8,205.2,100.0,0
G0011040,A00404,S004,2024-06-01,205.31,205.2,100.0,0
G0011041,A00405,S004,2024-06-01,206.71,205.2,100.0,0
G0011042,A00406,S004,2024-06-01,189.53,205.2,100.0,0
G0011043,A00407,S004,2024-06-01,189.14,205.2,100.0,0
G0011044,A00408,S004,2024-06-01,206.48,205.2,100.0,0
G0011045,A00409,S004,2024-06-01,203.85,205.2,100.0,0
G0011046,A00410,S004,2024-06-01,190.3,205.2,100.0,0
G0011047,A00401,S004,2024-06-02,192.62,190.82,100.0,0
G0011048,A00402,S004,2024-06-02,191.79,190.82,100.0,0
G0011049,A00403,S004,2024-06-02,189.22,190.82,100.0,0
G0011050,A00404,S004,2024-06-02,189.61,190.82,100.0,0
G0011051,A00405,S004,2024-06-02,174.69,190.82,91.67,2
G0011052,A00406,S004,2024-06-02,125.88,190.82,100.0,0
G0011053,A00407,S004,2024-06-02,191.57,190.82,100.0,0
G0011054,A00408,S004,2024-06-02,188.88,190.82,100.0,0
G0011055,A00409,S004,2024-06-02,154.21,190.82,100.0,0
G0011056,A00410,S004,2024-06-02,191.09,190.82,100.0,0
G0011057,A00401,S004,2024-06-03,140.28,139.82,100.0,0
G0011058,A00402,S004,2024-06-03,140.08,139.82,100.0,0
G0011059,A00403,S004,2024-06-03,139.63,139.82,100.0,0
G0011060,A00404,S004,2024-06-03,139.51,139.82,100.0,0
G0011061,A00405,S004,2024-06-03,113.02,139.82,100.0,0
G0011062,A00406,S004,2024-06-03,140.2,139.82,100.0,0
G0011063,A00407,S004,2024-06-03,118.15,139.82,83.33,4
G0011064,A00408,S004,2024-06-03,140.98,139.82,100.0,0
G0011065,A00409,S004,2024-06-03,127.9,139.82,100.0,0
G0011066,A00410,S004,2024-06-03,140.44,139.82,100.0,0
G0011067,A00401,S004,2024-06-04,190.99,192.62,100.0,0
G0011068,A00402,S004,2024-06-04,192.62,192.62,100.0,0
G0011069,A00403,S004,2024-06-04,193.2,192.62,100.0,0
G0011070,A00404,S004,2024-06-04,176.18,192.62,91.67,2
G0011071,A00405,S004,2024-06-04,194.51,192.62,100.0,0
G0011072,A00406,S004,2024-06-04,175.56,192.62,91.67,2
G0011073,A00407,S004,2024-06-04,192.65,192.62,100.0,0
G0011074,A00408,S004,2024-06-04,84.57,192.62,66.67,8
G0011075,A00409,S004,2024-06-04,191.96,192.62,100.0,0
G0011076,A00410,S004,2024-06-04,193.65,192.62,100.0,0
G0011077,A00401,S004,2024-06-05,177.3,179.03,100.0,0
G0011078,A00402,S004,2024-06-05,178.7,179.03,100.0,0
G0011079,A00403,S004,2024-06-05,179.99,179.03,100.0,0
G0011080,A00404,S004,2024-06-05,179.28,179.03,100.0,0
G0011081,A00405,S004,2024-06-05,172.12,179.03,95.83,1
G0011082,A00406,S004,2024-06-05,178.98,179.03,100.0,0
G0011083,A00407,S004,2024-06-05,178.2,179.03,100.0,0
G0011084,A00408,S004,2024-06-05,177.98,179.03,100.0,0
G0011085,A00409,S004,2024-06-05,179.92,179.03,100.0,0
G0011086,A00410,S004,2024-06-05,180.76,179.03,100.0,0
G0011087,A00401,S004,2024-06-06,123.21,124.56,100.0,0
G0011088,A00402,S004,2024-06-06,113.58,124.56,100.0,0
G0011089,A00403,S004,2024-06-06,114.29,124.56,100.0,0
G0011090,A00404,S004,2024-06-06,124.6,124.56,100.0,0
G0011091,A00405,S004,2024-06-06,123.89,124.56,100.0,0
G0011092,A00406,S004,2024-06-06,126.12,124.56,100.0,0
G0011093,A00407,S004,2024-06-06,124.99,124.56,100.0,0
G0011094,A00408,S004,2024-06-06,102.11,124.56,83.33,4
G0011095,A00409,S004,2024-06-06,122.69,124.56,100.0,0
G0011096,A00410,S004,2024-06-06,115.65,124.56,91.67,2
G0011097,A00401,S004,2024-06-07,171.26,187.11,100.0,0
G0011098,A00402,S004,2024-06-07,185.45,187.11,100.0,0
G0011099,A00403,S004,2024-06-07,145.19,187.11,83.33,4
G0011100,A00404,S004,2024-06-07,189.06,187.11,100.0,0
G0011101,A00405,S004,2024-06-07,186.75,187.11,100.0,0
G0011102,A00406,S004,2024-06-07,186.04,187.11,100.0,0
G0011103,A00407,S004,2024-06-07,185.19,187.11,100.0,0
G0011104,A00408,S004,2024-06-07,185.83,187.11,100.0,0
G0011105,A00409,S004,2024-06-07,189.04,187.11,100.0,0
G0011106,A00410,S004,2024-06-07,186.95,187.11,100.0,0
G0011107,A00401,S004,2024-06-08,144.54,144.04,100.0,0
G0011108,A00402,S004,2024-06-08,145.22,144.04,100.0,0
G0011109,A00403,S004,2024-06-08,133.78,144.04,91.67,2
G0011110,A00404,S004,2024-06-08,143.3,144.04,100.0,0
G0011111,A00405,S004,2024-06-08,143.1,144.04,100.0,0
G0011112,A00406,S004,2024-06-08,144.12,144.04,100.0,0
G0011113,A00407,S004,2024-06-08,110.82,144.04,95.83,1
G0011114,A00408,S004,2024-06-08,143.49,144.04,100.0,0
G0011115,A00409,S004,2024-06-08,130.86,144.04,100.0,0
G0011116,A00410,S004,2024-06-08,145.5,144.04,100.0,0
G0011117,A00401,S004,2024-06-09,134.14,161.1,83.33,4
G0011118,A00402,S004,2024-06-09,162.31,161.1,100.0,0
G0011119,A00403,S004,2024-06-09,127.26,161.1,100.0,0
G0011120,A00404,S004,2024-06-09,162.04,161.1,100.0,0
G0011121,A00405,S004,2024-06-09,128.45,161.1,100.0,0
G0011122,A00406,S004,2024-06-09,80.76,161.1,50.0,12
G0011123,A00407,S004,2024-06-09,163.03,161.1,100.0,0
G0011124,A00408,S004,2024-06-09,163.02,161.1,100.0,0
G0011125,A00409,S004,2024-06-09,162.74,161.1,100.0,0
G0011126,A00410,S004,2024-06-09,155.87,161.1,95.83,1
G0011127,A00401,S004,2024-06-10,197.4,197.75,100.0,0
G0011128,A00402,S004,2024-06-10,198.47,197.75,100.0,0
G0011129,A00403,S004,2024-06-10,196.09,197.75,100.0,0
G0011130,A00404,S004,2024-06-10,180.52,197.75,100.0,0
G0011131,A00405,S004,2024-06-10,130.32,197.75,66.67,8
G0011132,A00406,S004,2024-06-10,197.24,197.75,100.0,0
G0011133,A00407,S004,2024-06-10,199.18,197.75,100.0,0
G0011134,A00408,S004,2024-06-10,129.33,197.75,100.0,0
G0011135,A00409,S004,2024-06-10,199.74,197.75,100.0,0
G0011136,A00410,S004,2024-06-10,198.92,197.75,100.0,0
G0011137,A00401,S004,2024-06-11,205.34,205.2,100.0,0
G0011138,A00402,S004,2024-06-11,206.45,205.2,100.0,0
G0011139,A00403,S004,2024-06-11,205.15,205.2,100.0,0
G0011140,A00404,S004,2024-06-11,205.78,205.2,100.0,0
G0011141,A00405,S004,2024-06-11,103.17,205.2,50.0,12
G0011142,A00406,S004,2024-06-11,204.07,205.2,100.0,0
G0011143,A00407,S004,2024-06-11,204.93,205.2,100.0,0
G0011144,A00408,S004,2024-06-11,196.22,205.2,95.83,1
G0011145,A00409,S004,2024-06-11,204.37,205.2,100.0,0
G0011146,A00410,S004,2024-06-11,189.87,205.2,91.67,2
G0011147,A00401,S004,2024-06-12,188.47,189.22,100.0,0
G0011148,A00402,S004,2024-06-12,189.57,189.22,100.0,0
G0011149,A00403,S004,2024-06-12,187.95,189.22,100.0,0
G0011150,A00404,S004,2024-06-12,187.74,189.22,100.0,0
G0011151,A00405,S004,2024-06-12,188.15,189.22,100.0,0
G0011152,A00406,S004,2024-06-12,150.85,189.22,100.0,0
G0011153,A00407,S004,2024-06-12,189.64,189.22,100.0,0
G0011154,A00408,S004,2024-06-12,172.0,189.22,91.67,2
G0011155,A00409,S004,2024-06-12,189.02,189.22,100.0,0
G0011156,A00410,S004,2024-06-12,190.08,189.22,100.0,0
G0011157,A00401,S004,2024-06-13,190.03,191.53,100.0,0
G0011158,A00402,S004,2024-06-13,151.88,191.53,100.0,0
G0011159,A00403,S004,2024-06-13,190.0,191.53,100.0,0
G0011160,A00404,S004,2024-06-13,193.44,191.53,100.0,0
G0011161,A00405,S004,2024-06-13,190.06,191.53,100.0,0
G0011162,A00406,S004,2024-06-13,117.5,191.53,66.67,8
G0011163,A00407,S004,2024-06-13,189.54,191.53,100.0,0
G0011164,A00408,S004,2024-06-13,181.69,191.53,95.83,1
G0011165,A00409,S004,2024-06-13,189.54,191.53,100.0,0
G0011166,A00410,S004,2024-06-13,190.31,191.53,100.0,0
G0011167,A00401,S004,2024-06-14,203.72,205.2,100.0,0
G0011168,A00402,S004,2024-06-14,203.55,205.2,100.0,0
G0011169,A00403,S004,2024-06-14,205.12,205.2,100.0,0
G0011170,A00404,S004,2024-06-14,190.13,205.2,100.0,0
G0011171,A00405,S004,2024-06-14,190.39,205.2,100.0,0
G0011172,A00406,S004,2024-06-14,206.16,205.2,100.0,0
G0011173,A00407,S004,2024-06-14,203.34,205.2,100.0,0
G0011174,A00408,S004,2024-06-14,203.22,205.2,100.0,0
G0011175,A00409,S004,2024-06-14,204.13,205.2,100.0,0
G0011176,A00410,S004,2024-06-14,204.59,205.2,100.0,0
G0011177,A00401,S004,2024-06-15,170.29,177.33,95.83,1
G0011178,A00402,S004,2024-06-15,177.5,177.33,100.0,0
G0011179,A00403,S004,2024-06-15,175.89,177.33,100.0,0
G0011180,A00404,S004,2024-06-15,175.51,177.33,100.0,0
G0011181,A00405,S004,2024-06-15,179.2,177.33,100.0,0
G0011182,A00406,S004,2024-06-15,178.45,177.33,100.0,0
G0011183,A00407,S004,2024-06-15,107.7,177.33,66.67,8
G0011184,A00408,S004,2024-06-15,161.55,177.33,91.67,2
G0011185,A00409,S004,2024-06-15,177.98,177.33,100.0,0
G0011186,A00410,S004,2024-06-15,177.64,177.33,100.0,0
G0011187,A00401,S004,2024-06-16,96.4,179.34,66.67,8
G0011188,A00402,S004,2024-06-16,177.64,179.34,100.0,0
G0011189,A00403,S004,2024-06-16,163.13,179.34,91.67,2
G0011190,A00404,S004,2024-06-16,180.93,179.34,100.0,0
G0011191,A00405,S004,2024-06-16,165.99,179.34,91.67,2
G0011192,A00406,S004,2024-06-16,179.1,179.34,100.0,0
G0011193,A00407,S004,2024-06-16,181.28,179.34,100.0,0
G0011194,A00408,S004,2024-06-16,180.32,179.34,100.0,0
G0011195,A00409,S004,2024-06-16,180.6,179.34,100.0,0
G0011196,A00410,S004,2024-06-16,181.08,179.34,100.0,0
G0011197,A00401,S004,2024-06-17,165.88,205.2,100.0,0
G0011198,A00402,S004,2024-06-17,206.92,205.2,100.0,0
G0011199,A00403,S004,2024-06-17,205.37,205.2,100.0,0
G0011200,A00404,S004,2024-06-17,203.78,205.2,100.0,0
G0011201,A00405,S004,2024-06-17,189.57,205.2,100.0,0
G0011202,A00406,S004,2024-06-17,204.23,205.2,100.0,0
G0011203,A00407,S004,2024-06-17,206.04,205.2,100.0,0
G0011204,A00408,S004,2024-06-17,204.02,205.2,100.0,0
G0011205,A00409,S004,2024-06-17,203.68,205.2,100.0,0
G0011206,A00410,S004,2024-06-17,204.26,205.2,100.0,0
G0011207,A00401,S004,2024-06-18,130.95,129.37,100.0,0
G0011208,A00402,S004,2024-06-18,128.45,129.37,100.0,0
G0011209,A00403,S004,2024-06-18,131.04,129.37,100.0,0
G0011210,A00404,S004,2024-06-18,129.8,129.37,100.0,0
G0011211,A00405,S004,2024-06-18,129.37,129.37,100.0,0
G0011212,A00406,S004,2024-06-18,129.17,129.37,100.0,0
G0011213,A00407,S004,2024-06-18,129.68,129.37,100.0,0
G0011214,A00408,S004,2024-06-18,128.22,129.37,100.0,0
G0011215,A00409,S004,2024-06-18,129.74,129.37,100.0,0
G0011216,A00410,S004,2024-06-18,62.88,129.37,50.0,12
G0011217,A00401,S004,2024-06-19,176.64,176.23,100.0,0
G0011218,A00402,S004,2024-06-19,142.56,176.23,100.0,0
G0011219,A00403,S004,2024-06-19,139.66,176.23,100.0,0
G0011220,A00404,S004,2024-06-19,177.57,176.23,100.0,0
G0011221,A00405,S004,2024-06-19,175.58,176.23,100.0,0
G0011222,A00406,S004,2024-06-19,175.95,176.23,100.0,0
G0011223,A00407,S004,2024-06-19,174.67,176.23,100.0,0
G0011224,A00408,S004,2024-06-19,174.62,176.23,100.0,0
G0011225,A00409,S004,2024-06-19,118.8,176.23,66.67,8
G0011226,A00410,S004,2024-06-19,176.22,176.23,100.0,0
G0011227,A00401,S004,2024-06-20,206.57,205.2,100.0,0
G0011228,A00402,S004,2024-06-20,206.74,205.2,100.0,0
G0011229,A00403,S004,2024-06-20,205.24,205.2,100.0,0
G0011230,A00404,S004,2024-06-20,205.39,205.2,100.0,0
G0011231,A00405,S004,2024-06-20,206.39,205.2,100.0,0
G0011232,A00406,S004,2024-06-20,128.64,205.2,95.83,1
G0011233,A00407,S004,2024-06-20,205.06,205.2,100.0,0
G0011234,A00408,S004,2024-06-20,206.31,205.2,100.0,0
G0011235,A00409,S004,2024-06-20,207.06,205.2,100.0,0
G0011236,A00410,S004,2024-06-20,203.66,205.2,100.0,0
G0011237,A00401,S004,2024-06-21,135.18,135.73,100.0,0
G0011238,A00402,S004,2024-06-21,89.67,135.73,100.0,0
G0011239,A00403,S004,2024-06-21,136.87,135.73,100.0,0
G0011240,A00404,S004,2024-06-21,136.37,135.73,100.0,0
G0011241,A00405,S004,2024-06-21,114.64,135.73,83.33,4
G0011242,A00406,S004,2024-06-21,134.93,135.73,100.0,0
G0011243,A00407,S004,2024-06-21,88.5,135.73,100.0,0
G0011244,A00408,S004,2024-06-21,133.99,135.73,100.0,0
G0011245,A00409,S004,2024-06-21,131.46,135.73,95.83,1
G0011246,A00410,S004,2024-06-21,136.5,135.73,100.0,0
G0011247,A00401,S004,2024-06-22,187.29,186.31,100.0,0
G0011248,A00402,S004,2024-06-22,185.3,186.31,100.0,0
G0011249,A00403,S004,2024-06-22,188.12,186.31,100.0,0
G0011250,A00404,S004,2024-06-22,150.22,186.31,100.0,0
G0011251,A00405,S004,2024-06-22,187.28,186.31,100.0,0
G0011252,A00406,S004,2024-06-22,171.98,186.31,100.0,0
G0011253,A00407,S004,2024-06-22,156.61,186.31,83.33,4
G0011254,A00408,S004,2024-06-22,184.35,186.31,100.0,0
G0011255,A00409,S004,2024-06-22,184.72,186.31,100.0,0
G0011256,A00410,S004,2024-06-22,186.2,186.31,100.0,0
G0011257,A00401,S004,2024-06-23,192.81,194.4,100.0,0
G0011258,A00402,S004,2024-06-23,195.5,194.4,100.0,0
G0011259,A00403,S004,2024-06-23,179.43,194.4,100.0,0
G0011260,A00404,S004,2024-06-23,186.14,194.4,95.83,1
G0011261,A00405,S004,2024-06-23,178.22,194.4,100.0,0
G0011262,A00406,S004,2024-06-23,195.57,194.4,100.0,0
G0011263,A00407,S004,2024-06-23,193.44,194.4,100.0,0
G0011264,A00408,S004,2024-06-23,176.87,194.4,100.0,0
G0011265,A00409,S004,2024-06-23,117.74,194.4,66.67,8
G0011266,A00410,S004,2024-06-23,194.91,194.4,100.0,0
G0011267,A00401,S004,2024-06-24,188.38,205.2,100.0,0
G0011268,A00402,S004,2024-06-24,205.38,205.2,100.0,0
G0011269,A00403,S004,2024-06-24,204.13,205.2,100.0,0
G0011270,A00404,S004,2024-06-24,205.23,205.2,100.0,0
G0011271,A00405,S004,2024-06-24,165.91,205.2,100.0,0
G0011272,A00406,S004,2024-06-24,203.63,205.2,100.0,0
G0011273,A00407,S004,2024-06-24,163.11,205.2,100.0,0
G0011274,A00408,S004,2024-06-24,203.8,205.2,100.0,0
G0011275,A00409,S004,2024-06-24,187.56,205.2,91.67,2
G0011276,A00410,S004,2024-06-24,203.98,205.2,100.0,0
G0011277,A00401,S004,2024-06-25,160.65,159.53,100.0,0
G0011278,A00402,S004,2024-06-25,161.0,159.53,100.0,0
G0011279,A00403,S004,2024-06-25,148.08,159.53,100.0,0
G0011280,A00404,S004,2024-06-25,160.22,159.53,100.0,0
G0011281,A00405,S004,2024-06-25,144.63,159.53,91.67,2
G0011282,A00406,S004,2024-06-25,128.39,159.53,100.0,0
G0011283,A00407,S004,2024-06-25,159.83,159.53,100.0,0
G0011284,A00408,S004,2024-06-25,153.67,159.53,95.83,1
G0011285,A00409,S004,2024-06-25,159.27,159.53,100.0,0
G0011286,A00410,S004,2024-06-25,158.13,159.53,100.0,0
G0011287,A00401,S004,2024-06-26,186.68,187.21,100.0,0
G0011288,A00402,S004,2024-06-26,189.13,187.21,100.0,0
G0011289,A00403,S004,2024-06-26,151.01,187.21,100.0,0
G0011290,A00404,S004,2024-06-26,119.87,187.21,100.0,0
G0011291,A00405,S004,2024-06-26,186.13,187.21,100.0,0
G0011292,A00406,S004,2024-06-26,120.93,187.21,100.0,0
G0011293,A00407,S004,2024-06-26,188.41,187.21,100.0,0
G0011294,A00408,S004,2024-06-26,187.61,187.21,100.0,0
G0011295,A00409,S004,2024-06-26,185.47,187.21,100.0,0
G0011296,A00410,S004,2024-06-26,120.33,187.21,100.0,0
G0011297,A00401,S004,2024-06-27,186.97,185.73,100.0,0
G0011298,A00402,S004,2024-06-27,187.53,185.73,100.0,0
G0011299,A00403,S004,2024-06-27,185.72,185.73,100.0,0
G0011300,A00404,S004,2024-06-27,119.02,185.73,100.0,0
G0011301,A00405,S004,2024-06-27,187.55,185.73,100.0,0
G0011302,A00406,S004,2024-06-27,185.05,185.73,100.0,0
G0011303,A00407,S004,2024-06-27,187.04,185.73,100.0,0
G0011304,A00408,S004,2024-06-27,185.11,185.73,100.0,0
G0011305,A00409,S004,2024-06-27,184.57,185.73,100.0,0
G0011306,A00410,S004,2024-06-27,186.55,185.73,100.0,0
G0011307,A00401,S004,2024-06-28,115.61,116.38,100.0,0
G0011308,A00402,S004,2024-06-28,93.07,116.38,100.0,0
G0011309,A00403,S004,2024-06-28,116.12,116.38,100.0,0
G0011310,A00404,S004,2024-06-28,115.23,116.38,100.0,0
G0011311,A00405,S004,2024-06-28,116.64,116.38,100.0,0
G0011312,A00406,S004,2024-06-28,117.87,116.38,100.0,0
G0011313,A00407,S004,2024-06-28,116.19,116.38,100.0,0
G0011314,A00408,S004,2024-06-28,105.33,116.38,100.0,0
G0011315,A00409,S004,2024-06-28,117.09,116.38,100.0,0
G0011316,A00410,S004,2024-06-28,115.01,116.38,100.0,0
G0011317,A00401,S004,2024-06-29,162.56,161.34,100.0,0
G0011318,A00402,S004,2024-06-29,162.48,161.34,100.0,0
G0011319,A00403,S004,2024-06-29,147.67,161.34,100.0,0
G0011320,A00404,S004,2024-06-29,159.81,161.34,100.0,0
G0011321,A00405,S004,2024-06-29,159.71,161.34,100.0,0
G0011322,A00406,S004,2024-06-29,160.22,161.34,100.0,0
G0011323,A00407,S004,2024-06-29,161.48,161.34,100.0,0
G0011324,A00408,S004,2024-06-29,159.8,161.34,100.0,0
G0011325,A00409,S004,2024-06-29,160.63,161.34,100.0,0
G0011326,A00410,S004,2024-06-29,146.48,161.34,91.67,2
G0011327,A00401,S004,2024-06-30,135.5,175.21,83.33,4
G0011328,A00402,S004,2024-06-30,169.68,175.21,95.83,1
G0011329,A00403,S004,2024-06-30,176.62,175.21,100.0,0
G0011330,A00404,S004,2024-06-30,174.79,175.21,100.0,0
G0011331,A00405,S004,2024-06-30,141.96,175.21,100.0,0
G0011332,A00406,S004,2024-06-30,175.84,175.21,100.0,0
G0011333,A00407,S004,2024-06-30,144.64,175.21,83.33,4
G0011334,A00408,S004,2024-06-30,176.57,175.21,100.0,0
G0011335,A00409,S004,2024-06-30,160.38,175.21,91.67,2
G0011336,A00410,S004,2024-06-30,174.49,175.21,100.0,0
G0011337,A00401,S004,2024-07-01,192.42,190.5,100.0,0
G0011338,A00402,S004,2024-07-01,153.23,190.5,100.0,0
G0011339,A00403,S004,2024-07-01,191.36,190.5,100.0,0
G0011340,A00404,S004,2024-07-01,177.1,190.5,100.0,0
G0011341,A00405,S004,2024-07-01,183.87,190.5,95.83,1
G0011342,A00406,S004,2024-07-01,175.63,190.5,100.0,0
G0011343,A00407,S004,2024-07-01,189.69,190.5,100.0,0
G0011344,A00408,S004,2024-07-01,189.79,190.5,100.0,0
G0011345,A00409,S004,2024-07-01,191.12,190.5,100.0,0
G0011346,A00410,S004,2024-07-01,147.25,190.5,95.83,1
G0011347,A00401,S004,2024-07-02,182.06,181.63,100.0,0
G0011348,A00402,S004,2024-07-02,180.57,181.63,100.0,0
G0011349,A00403,S004,2024-07-02,180.37,181.63,100.0,0
G0011350,A00404,S004,2024-07-02,144.54,181.63,100.0,0
G0011351,A00405,S004,2024-07-02,182.76,181.63,100.0,0
G0011352,A00406,S004,2024-07-02,167.82,181.63,100.0,0
G0011353,A00407,S004,2024-07-02,181.84,181.63,100.0,0
G0011354,A00408,S004,2024-07-02,182.37,181.63,100.0,0
G0011355,A00409,S004,2024-07-02,145.96,181.63,100.0,0
G0011356,A00410,S004,2024-07-02,167.42,181.63,100.0,0
G0011357,A00401,S004,2024-07-03,204.66,205.2,100.0,0
G0011358,A00402,S004,2024-07-03,204.09,205.2,100.0,0
G0011359,A00403,S004,2024-07-03,204.76,205.2,100.0,0
G0011360,A00404,S004,2024-07-03,205.74,205.2,100.0,0
G0011361,A00405,S004,2024-07-03,205.72,205.2,100.0,0
G0011362,A00406,S004,2024-07-03,205.68,205.2,100.0,0
G0011363,A00407,S004,2024-07-03,165.18,205.2,100.0,0
G0011364,A00408,S004,2024-07-03,188.28,205.2,100.0,0
G0011365,A00409,S004,2024-07-03,207.08,205.2,100.0,0
G0011366,A00410,S004,2024-07-03,206.75,205.2,100.0,0
G0011367,A00401,S004,2024-07-04,146.58,160.49,91.67,2
G0011368,A00402,S004,2024-07-04,160.05,160.49,100.0,0
G0011369,A00403,S004,2024-07-04,159.61,160.49,100.0,0
G0011370,A00404,S004,2024-07-04,126.99,160.49,100.0,0
G0011371,A00405,S004,2024-07-04,129.31,160.49,100.0,0
G0011372,A00406,S004,2024-07-04,153.91,160.49,95.83,1
G0011373,A00407,S004,2024-07-04,162.25,160.49,100.0,0
G0011374,A00408,S004,2024-07-04,159.63,160.49,100.0,0
G0011375,A00409,S004,2024-07-04,161.13,160.49,100.0,0
G0011376,A00410,S004,2024-07-04,129.86,160.49,100.0,0
G0011377,A00401,S004,2024-07-05,205.19,205.2,100.0,0
G0011378,A00402,S004,2024-07-05,206.7,205.2,100.0,0
G0011379,A00403,S004,2024-07-05,187.0,205.2,100.0,0
G0011380,A00404,S004,2024-07-05,206.75,205.2,100.0,0
G0011381,A00405,S004,2024-07-05,206.84,205.2,100.0,0
G0011382,A00406,S004,2024-07-05,186.97,205.2,100.0,0
G0011383,A00407,S004,2024-07-05,204.59,205.2,100.0,0
G0011384,A00408,S004,2024-07-05,187.47,205.2,100.0,0
G0011385,A00409,S004,2024-07-05,204.33,205.2,100.0,0
G0011386,A00410,S004,2024-07-05,207.07,205.2,100.0,0
G0011387,A00401,S004,2024-07-06,120.51,121.11,100.0,0
G0011388,A00402,S004,2024-07-06,97.33,121.11,100.0,0
G0011389,A00403,S004,2024-07-06,121.69,121.11,100.0,0
G0011390,A00404,S004,2024-07-06,119.36,121.11,100.0,0
G0011391,A00405,S004,2024-07-06,121.9,121.11,100.0,0
G0011392,A00406,S004,2024-07-06,122.23,121.11,100.0,0
G0011393,A00407,S004,2024-07-06,112.11,121.11,91.67,2
G0011394,A00408,S004,2024-07-06,112.04,121.11,100.0,0
G0011395,A00409,S004,2024-07-06,96.89,121.11,100.0,0
G0011396,A00410,S004,2024-07-06,75.4,121.11,95.83,1
G0011397,A00401,S004,2024-07-07,189.15,205.2,91.67,2
G0011398,A00402,S004,2024-07-07,205.94,205.2,100.0,0
G0011399,A00403,S004,2024-07-07,205.81,205.2,100.0,0
G0011400,A00404,S004,2024-07-07,205.27,205.2,100.0,0
G0011401,A00405,S004,2024-07-07,188.03,205.2,100.0,0
G0011402,A00406,S004,2024-07-07,204.4,205.2,100.0,0
G0011403,A00407,S004,2024-07-07,204.29,205.2,100.0,0
G0011404,A00408,S004,2024-07-07,203.69,205.2,100.0,0
G0011405,A00409,S004,2024-07-07,165.9,205.2,100.0,0
G0011406,A00410,S004,2024-07-07,205.49,205.2,100.0,0
G0011407,A00401,S004,2024-07-08,194.87,193.62,100.0,0
G0011408,A00402,S004,2024-07-08,192.88,193.62,100.0,0
G0011409,A00403,S004,2024-07-08,127.33,193.62,100.0,0
G0011410,A00404,S004,2024-07-08,191.85,193.62,100.0,0
G0011411,A00405,S004,2024-07-08,194.4,193.62,100.0,0
G0011412,A00406,S004,2024-07-08,191.66,193.62,100.0,0
G0011413,A00407,S004,2024-07-08,192.35,193.62,100.0,0
G0011414,A00408,S004,2024-07-08,194.55,193.62,100.0,0
G0011415,A00409,S004,2024-07-08,192.34,193.62,100.0,0
G0011416,A00410,S004,2024-07-08,154.44,193.62,100.0,0
G0011417,A00401,S004,2024-07-09,137.82,136.13,100.0,0
G0011418,A00402,S004,2024-07-09,135.07,136.13,100.0,0
G0011419,A00403,S004,2024-07-09,126.69,136.13,91.67,2
G0011420,A00404,S004,2024-07-09,134.96,136.13,100.0,0
G0011421,A00405,S004,2024-07-09,135.05,136.13,100.0,0
G0011422,A00406,S004,2024-07-09,125.44,136.13,100.0,0
G0011423,A00407,S004,2024-07-09,137.95,136.13,100.0,0
G0011424,A00408,S004,2024-07-09,136.51,136.13,100.0,0
G0011425,A00409,S004,2024-07-09,134.14,136.13,100.0,0
G0011426,A00410,S004,2024-07-09,136.9,136.13,100.0,0
G0011427,A00401,S004,2024-07-10,159.08,158.36,100.0,0
G0011428,A00402,S004,2024-07-10,131.02,158.36,83.33,4
G0011429,A00403,S004,2024-07-10,158.32,158.36,100.0,0
G0011430,A00404,S004,2024-07-10,159.71,158.36,100.0,0
G0011431,A00405,S004,2024-07-10,153.22,158.36,95.83,1
G0011432,A00406,S004,2024-07-10,159.09,158.36,100.0,0
G0011433,A00407,S004,2024-07-10,158.51,158.36,100.0,0
G0011434,A00408,S004,2024-07-10,156.92,158.36,100.0,0
G0011435,A00409,S004,2024-07-10,156.38,158.36,100.0,0
G0011436,A00410,S004,2024-07-10,156.87,158.36,100.0,0
G0011437,A00401,S004,2024-07-11,188.46,186.58,100.0,0
G0011438,A00402,S004,2024-07-11,178.78,186.58,95.83,1
G0011439,A00403,S004,2024-07-11,188.17,186.58,100.0,0
G0011440,A00404,S004,2024-07-11,186.8,186.58,100.0,0
G0011441,A00405,S004,2024-07-11,186.75,186.58,100.0,0
G0011442,A00406,S004,2024-07-11,147.93,186.58,100.0,0
G0011443,A00407,S004,2024-07-11,147.77,186.58,100.0,0
G0011444,A00408,S004,2024-07-11,188.01,186.58,100.0,0
G0011445,A00409,S004,2024-07-11,184.9,186.58,100.0,0
G0011446,A00410,S004,2024-07-11,185.36,186.58,100.0,0
G0011447,A00401,S004,2024-07-12,169.15,168.43,100.0,0
G0011448,A00402,S004,2024-07-12,167.86,168.43,100.0,0
G0011449,A00403,S004,2024-07-12,166.54,168.43,100.0,0
G0011450,A00404,S004,2024-07-12,168.87,168.43,100.0,0
G0011451,A00405,S004,2024-07-12,167.48,168.43,100.0,0
G0011452,A00406,S004,2024-07-12,161.86,168.43,95.83,1
G0011453,A00407,S004,2024-07-12,167.44,168.43,100.0,0
G0011454,A00408,S004,2024-07-12,167.28,168.43,100.0,0
G0011455,A00409,S004,2024-07-12,153.53,168.43,100.0,0
G0011456,A00410,S004,2024-07-12,103.13,168.43,95.83,1
G0011457,A00401,S004,2024-07-13,129.97,130.24,100.0,0
G0011458,A00402,S004,2024-07-13,130.27,130.24,100.0,0
G0011459,A00403,S004,2024-07-13,128.61,130.24,100.0,0
G0011460,A00404,S004,2024-07-13,129.17,130.24,100.0,0
G0011461,A00405,S004,2024-07-13,65.11,130.24,50.0,12
G0011462,A00406,S004,2024-07-13,108.67,130.24,83.33,4
G0011463,A00407,S004,2024-07-13,118.98,130.24,100.0,0
G0011464,A00408,S004,2024-07-13,129.39,130.24,100.0,0
G0011465,A00409,S004,2024-07-13,130.68,130.24,100.0,0
G0011466,A00410,S004,2024-07-13,128.85,130.24,100.0,0
G0011467,A00401,S004,2024-07-14,195.57,195.11,100.0,0
G0011468,A00402,S004,2024-07-14,194.93,195.11,100.0,0
G0011469,A00403,S004,2024-07-14,188.57,195.11,95.83,1
G0011470,A00404,S004,2024-07-14,196.02,195.11,100.0,0
G0011471,A00405,S004,2024-07-14,194.4,195.11,100.0,0
G0011472,A00406,S004,2024-07-14,196.6,195.11,100.0,0
G0011473,A00407,S004,2024-07-14,194.78,195.11,100.0,0
G0011474,A00408,S004,2024-07-14,187.4,195.11,95.83,1
G0011475,A00409,S004,2024-07-14,127.96,195.11,100.0,0
G0011476,A00410,S004,2024-07-14,195.62,195.11,100.0,0
G0011477,A00401,S004,2024-07-15,138.5,137.49,100.0,0
G0011478,A00402,S004,2024-07-15,135.5,137.49,100.0,0
G0011479,A00403,S004,2024-07-15,135.97,137.49,100.0,0
G0011480,A00404,S004,2024-07-15,136.77,137.49,100.0,0
G0011481,A00405,S004,2024-07-15,88.15,137.49,100.0,0
G0011482,A00406,S004,2024-07-15,126.53,137.49,100.0,0
G0011483,A00407,S004,2024-07-15,136.57,137.49,100.0,0
G0011484,A00408,S004,2024-07-15,124.91,137.49,91.67,2
G0011485,A00409,S004,2024-07-15,138.27,137.49,100.0,0
G0011486,A00410,S004,2024-07-15,127.0,137.49,100.0,0
G0011487,A00401,S004,2024-07-16,153.09,166.12,100.0,0
G0011488,A00402,S004,2024-07-16,164.65,166.12,100.0,0
G0011489,A00403,S004,2024-07-16,164.69,166.12,100.0,0
G0011490,A00404,S004,2024-07-16,159.5,166.12,95.83,1
G0011491,A00405,S004,2024-07-16,166.64,166.12,100.0,0
G0011492,A00406,S004,2024-07-16,134.22,166.12,100.0,0
G0011493,A00407,S004,2024-07-16,141.17,166.12,91.67,2
G0011494,A00408,S004,2024-07-16,167.77,166.12,100.0,0
G0011495,A00409,S004,2024-07-16,165.99,166.12,100.0,0
G0011496,A00410,S004,2024-07-16,165.75,166.12,100.0,0
G0011497,A00401,S004,2024-07-17,204.57,205.2,100.0,0
G0011498,A00402,S004,2024-07-17,163.45,205.2,100.0,0
G0011499,A00403,S004,2024-07-17,207.17,205.2,100.0,0
G0011500,A00404,S004,2024-07-17,205.21,205.2,100.0,0
G0011501,A00405,S004,2024-07-17,205.76,205.2,100.0,0
G0011502,A00406,S004,2024-07-17,170.94,205.2,83.33,4
G0011503,A00407,S004,2024-07-17,204.58,205.2,100.0,0
G0011504,A00408,S004,2024-07-17,166.04,205.2,100.0,0
G0011505,A00409,S004,2024-07-17,203.68,205.2,100.0,0
G0011506,A00410,S004,2024-07-17,204.73,205.2,100.0,0
G0011507,A00401,S004,2024-07-18,172.85,173.09,100.0,0
G0011508,A00402,S004,2024-07-18,172.72,173.09,100.0,0
G0011509,A00403,S004,2024-07-18,172.67,173.09,100.0,0
G0011510,A00404,S004,2024-07-18,174.68,173.09,100.0,0
G0011511,A00405,S004,2024-07-18,172.02,173.09,100.0,0
G0011512,A00406,S004,2024-07-18,173.59,173.09,100.0,0
G0011513,A00407,S004,2024-07-18,174.12,173.09,100.0,0
G0011514,A00408,S004,2024-07-18,171.46,173.09,100.0,0
G0011515,A00409,S004,2024-07-18,171.17,173.09,100.0,0
G0011516,A00410,S004,2024-07-18,174.77,173.09,100.0,0
G0011517,A00401,S004,2024-07-19,207.09,205.2,100.0,0
G0011518,A00402,S004,2024-07-19,187.41,205.2,100.0,0
G0011519,A00403,S004,2024-07-19,205.55,205.2,100.0,0
G0011520,A00404,S004,2024-07-19,203.93,205.2,100.0,0
G0011521,A00405,S004,2024-07-19,204.0,205.2,100.0,0
G0011522,A00406,S004,2024-07-19,206.7,205.2,100.0,0
G0011523,A00407,S004,2024-07-19,197.42,205.2,95.83,1
G0011524,A00408,S004,2024-07-19,205.13,205.2,100.0,0
G0011525,A00409,S004,2024-07-19,205.6,205.2,100.0,0
G0011526,A00410,S004,2024-07-19,205.91,205.2,100.0,0
G0011527,A00401,S004,2024-07-20,176.3,176.02,100.0,0
G0011528,A00402,S004,2024-07-20,162.66,176.02,100.0,0
G0011529,A00403,S004,2024-07-20,177.92,176.02,100.0,0
G0011530,A00404,S004,2024-07-20,177.31,176.02,100.0,0
G0011531,A00405,S004,2024-07-20,148.28,176.02,83.33,4
G0011532,A00406,S004,2024-07-20,161.42,176.02,91.67,2
G0011533,A00407,S004,2024-07-20,174.73,176.02,100.0,0
G0011534,A00408,S004,2024-07-20,174.67,176.02,100.0,0
G0011535,A00409,S004,2024-07-20,162.8,176.02,100.0,0
G0011536,A00410,S004,2024-07-20,174.16,176.02,100.0,0
G0011537,A00401,S004,2024-07-21,195.12,195.85,100.0,0
G0011538,A00402,S004,2024-07-21,162.36,195.85,83.33,4
G0011539,A00403,S004,2024-07-21,194.59,195.85,100.0,0
G0011540,A00404,S004,2024-07-21,194.25,195.85,100.0,0
G0011541,A00405,S004,2024-07-21,185.86,195.85,95.83,1
G0011542,A00406,S004,2024-07-21,127.47,195.85,100.0,0
G0011543,A00407,S004,2024-07-21,195.78,195.85,100.0,0
G0011544,A00408,S004,2024-07-21,197.05,195.85,100.0,0
G0011545,A00409,S004,2024-07-21,194.24,195.85,100.0,0
G0011546,A00410,S004,2024-07-21,196.29,195.85,100.0,0
G0011547,A00401,S004,2024-07-22,146.66,184.54,100.0,0
G0011548,A00402,S004,2024-07-22,184.92,184.54,100.0,0
G0011549,A00403,S004,2024-07-22,171.66,184.54,100.0,0
G0011550,A00404,S004,2024-07-22,183.15,184.54,100.0,0
G0011551,A00405,S004,2024-07-22,80.96,184.54,66.67,8
G0011552,A00406,S004,2024-07-22,186.17,184.54,100.0,0
G0011553,A00407,S004,2024-07-22,183.7,184.54,100.0,0
G0011554,A00408,S004,2024-07-22,171.17,184.54,100.0,0
G0011555,A00409,S004,2024-07-22,167.96,184.54,100.0,0
G0011556,A00410,S004,2024-07-22,177.68,184.54,95.83,1
G0011557,A00401,S004,2024-07-23,169.45,168.63,100.0,0
G0011558,A00402,S004,2024-07-23,160.59,168.63,95.83,1
G0011559,A00403,S004,2024-07-23,169.69,168.63,100.0,0
G0011560,A00404,S004,2024-07-23,167.77,168.63,100.0,0
G0011561,A00405,S004,2024-07-23,135.4,168.63,100.0,0
G0011562,A00406,S004,2024-07-23,168.81,168.63,100.0,0
G0011563,A00407,S004,2024-07-23,168.39,168.63,100.0,0
G0011564,A00408,S004,2024-07-23,168.71,168.63,100.0,0
G0011565,A00409,S004,2024-07-23,138.84,168.63,83.33,4
G0011566,A00410,S004,2024-07-23,168.24,168.63,100.0,0
G0011567,A00401,S004,2024-07-24,149.7,179.8,83.33,4
G0011568,A00402,S004,2024-07-24,179.79,179.8,100.0,0
G0011569,A00403,S004,2024-07-24,178.94,179.8,100.0,0
G0011570,A00404,S004,2024-07-24,180.51,179.8,100.0,0
G0011571,A00405,S004,2024-07-24,143.28,179.8,100.0,0
G0011572,A00406,S004,2024-07-24,179.89,179.8,100.0,0
G0011573,A00407,S004,2024-07-24,180.08,179.8,100.0,0
G0011574,A00408,S004,2024-07-24,166.26,179.8,100.0,0
G0011575,A00409,S004,2024-07-24,164.35,179.8,100.0,0
G0011576,A00410,S004,2024-07-24,180.89,179.8,100.0,0
G0011577,A00401,S004,2024-07-25,164.35,179.94,91.67,2
G0011578,A00402,S004,2024-07-25,150.6,179.94,83.33,4
G0011579,A00403,S004,2024-07-25,180.73,179.94,100.0,0
G0011580,A00404,S004,2024-07-25,178.58,179.94,100.0,0
G0011581,A00405,S004,2024-07-25,144.12,179.94,100.0,0
G0011582,A00406,S004,2024-07-25,180.52,179.94,100.0,0
G0011583,A00407,S004,2024-07-25,181.84,179.94,100.0,0
G0011584,A00408,S004,2024-07-25,180.05,179.94,100.0,0
G0011585,A00409,S004,2024-07-25,179.28,179.94,100.0,0
G0011586,A00410,S004,2024-07-25,180.35,179.94,100.0,0
G0011587,A00401,S004,2024-07-26,172.12,172.5,100.0,0
G0011588,A00402,S004,2024-07-26,139.59,172.5,100.0,0
G0011589,A00403,S004,2024-07-26,172.4,172.5,100.0,0
G0011590,A00404,S004,2024-07-26,174.48,172.5,100.0,0
G0011591,A00405,S004,2024-07-26,174.08,172.5,100.0,0
G0011592,A00406,S004,2024-07-26,172.58,172.5,100.0,0
G0011593,A00407,S004,2024-07-26,173.39,172.5,100.0,0
G0011594,A00408,S004,2024-07-26,173.95,172.5,100.0,0
G0011595,A00409,S004,2024-07-26,156.79,172.5,91.67,2
G0011596,A00410,S004,2024-07-26,174.34,172.5,100.0,0
G0011597,A00401,S004,2024-07-27,206.47,205.2,100.0,0
G0011598,A00402,S004,2024-07-27,206.23,205.2,100.0,0
G0011599,A00403,S004,2024-07-27,204.67,205.2,100.0,0
G0011600,A00404,S004,2024-07-27,203.38,205.2,100.0,0
G0011601,A00405,S004,2024-07-27,204.89,205.2,100.0,0
G0011602,A00406,S004,2024-07-27,204.84,205.2,100.0,0
G0011603,A00407,S004,2024-07-27,205.46,205.2,100.0,0
G0011604,A00408,S004,2024-07-27,204.52,205.2,100.0,0
G0011605,A00409,S004,2024-07-27,206.1,205.2,100.0,0
G0011606,A00410,S004,2024-07-27,204.2,205.2,100.0,0
G0011607,A00401,S004,2024-07-28,120.07,149.44,100.0,0
G0011608,A00402,S004,2024-07-28,136.7,149.44,91.67,2
G0011609,A00403,S004,2024-07-28,151.1,149.44,100.0,0
G0011610,A00404,S004,2024-07-28,148.04,149.44,100.0,0
G0011611,A00405,S004,2024-07-28,148.26,149.44,100.0,0
G0011612,A00406,S004,2024-07-28,147.8,149.44,100.0,0
G0011613,A00407,S004,2024-07-28,149.06,149.44,100.0,0
G0011614,A00408,S004,2024-07-28,137.8,149.44,100.0,0
G0011615,A00409,S004,2024-07-28,124.51,149.44,83.33,4
G0011616,A00410,S004,2024-07-28,150.89,149.44,100.0,0
G0011617,A00401,S004,2024-07-29,205.5,205.2,100.0,0
G0011618,A00402,S004,2024-07-29,204.51,205.2,100.0,0
G0011619,A00403,S004,2024-07-29,155.61,205.2,95.83,1
G0011620,A00404,S004,2024-07-29,198.28,205.2,95.83,1
G0011621,A00405,S004,2024-07-29,206.35,205.2,100.0,0
G0011622,A00406,S004,2024-07-29,186.98,205.2,100.0,0
G0011623,A00407,S004,2024-07-29,196.4,205.2,95.83,1
G0011624,A00408,S004,2024-07-29,194.73,205.2,95.83,1
G0011625,A00409,S004,2024-07-29,124.92,205.2,66.67,8
G0011626,A00410,S004,2024-07-29,205.39,205.2,100.0,0
G0011627,A00401,S004,2024-07-30,187.69,205.2,100.0,0
G0011628,A00402,S004,2024-07-30,205.16,205.2,100.0,0
G0011629,A00403,S004,2024-07-30,205.75,205.2,100.0,0
G0011630,A00404,S004,2024-07-30,204.32,205.2,100.0,0
G0011631,A00405,S004,2024-07-30,205.94,205.2,100.0,0
G0011632,A00406,S004,2024-07-30,188.97,205.2,91.67,2
G0011633,A00407,S004,2024-07-30,155.84,205.2,95.83,1
G0011634,A00408,S004,2024-07-30,204.36,205.2,100.0,0
G0011635,A00409,S004,2024-07-30,132.24,205.2,100.0,0
G0011636,A00410,S004,2024-07-30,190.03,205.2,91.67,2
G0011637,A00401,S004,2024-07-31,202.02,201.16,100.0,0
G0011638,A00402,S004,2024-07-31,184.42,201.16,100.0,0
G0011639,A00403,S004,2024-07-31,184.69,201.16,91.67,2
G0011640,A00404,S004,2024-07-31,200.51,201.16,100.0,0
G0011641,A00405,S004,2024-07-31,160.37,201.16,100.0,0
G0011642,A00406,S004,2024-07-31,199.75,201.16,100.0,0
G0011643,A00407,S004,2024-07-31,202.21,201.16,100.0,0
G0011644,A00408,S004,2024-07-31,200.97,201.16,100.0,0
G0011645,A00409,S004,2024-07-31,202.55,201.16,100.0,0
G0011646,A00410,S004,2024-07-31,159.33,201.16,100.0,0
G0011647,A00401,S004,2024-08-01,188.03,189.79,100.0,0
G0011648,A00402,S004,2024-08-01,189.18,189.79,100.0,0
G0011649,A00403,S004,2024-08-01,151.9,189.79,100.0,0
G0011650,A00404,S004,2024-08-01,191.6,189.79,100.0,0
G0011651,A00405,S004,2024-08-01,188.17,189.79,100.0,0
G0011652,A00406,S004,2024-08-01,174.6,189.79,100.0,0
G0011653,A00407,S004,2024-08-01,191.26,189.79,100.0,0
G0011654,A00408,S004,2024-08-01,174.47,189.79,100.0,0
G0011655,A00409,S004,2024-08-01,190.83,189.79,100.0,0
G0011656,A00410,S004,2024-08-01,125.28,189.79,66.67,8
G0011657,A00401,S004,2024-08-02,152.55,154.0,100.0,0
G0011658,A00402,S004,2024-08-02,154.08,154.0,100.0,0
G0011659,A00403,S004,2024-08-02,152.51,154.0,100.0,0
G0011660,A00404,S004,2024-08-02,146.43,154.0,95.83,1
G0011661,A00405,S004,2024-08-02,154.23,154.0,100.0,0
G0011662,A00406,S004,2024-08-02,152.64,154.0,100.0,0
G0011663,A00407,S004,2024-08-02,140.51,154.0,100.0,0
G0011664,A00408,S004,2024-08-02,142.4,154.0,100.0,0
G0011665,A00409,S004,2024-08-02,116.35,154.0,83.33,4
G0011666,A00410,S004,2024-08-02,153.45,154.0,100.0,0
G0011667,A00401,S004,2024-08-03,173.37,190.25,100.0,0
G0011668,A00402,S004,2024-08-03,190.23,190.25,100.0,0
G0011669,A00403,S004,2024-08-03,191.97,190.25,100.0,0
G0011670,A00404,S004,2024-08-03,189.7,190.25,100.0,0
G0011671,A00405,S004,2024-08-03,190.6,190.25,100.0,0
G0011672,A00406,S004,2024-08-03,190.57,190.25,100.0,0
G0011673,A00407,S004,2024-08-03,191.94,190.25,100.0,0
G0011674,A00408,S004,2024-08-03,190.35,190.25,100.0,0
G0011675,A00409,S004,2024-08-03,188.9,190.25,100.0,0
G0011676,A00410,S004,2024-08-03,189.65,190.25,100.0,0
G0011677,A00401,S004,2024-08-04,120.88,120.91,100.0,0
G0011678,A00402,S004,2024-08-04,120.35,120.91,100.0,0
G0011679,A00403,S004,2024-08-04,120.03,120.91,100.0,0
G0011680,A00404,S004,2024-08-04,120.61,120.91,100.0,0
G0011681,A00405,S004,2024-08-04,99.52,120.91,83.33,4
G0011682,A00406,S004,2024-08-04,100.56,120.91,83.33,4
G0011683,A00407,S004,2024-08-04,122.57,120.91,100.0,0
G0011684,A00408,S004,2024-08-04,111.03,120.91,100.0,0
G0011685,A00409,S004,2024-08-04,121.27,120.91,100.0,0
G0011686,A00410,S004,2024-08-04,119.49,120.91,100.0,0
G0011687,A00401,S004,2024-08-05,198.04,198.85,100.0,0
G0011688,A00402,S004,2024-08-05,197.1,198.85,100.0,0
G0011689,A00403,S004,2024-08-05,165.86,198.85,83.33,4
G0011690,A00404,S004,2024-08-05,200.82,198.85,100.0,0
G0011691,A00405,S004,2024-08-05,200.28,198.85,100.0,0
G0011692,A00406,S004,2024-08-05,199.56,198.85,100.0,0
G0011693,A00407,S004,2024-08-05,196.97,198.85,100.0,0
G0011694,A00408,S004,2024-08-05,198.13,198.85,100.0,0
G0011695,A00409,S004,2024-08-05,199.95,198.85,100.0,0
G0011696,A00410,S004,2024-08-05,197.36,198.85,100.0,0
G0011697,A00401,S004,2024-08-06,162.4,164.31,100.0,0
G0011698,A00402,S004,2024-08-06,166.1,164.31,100.0,0
G0011699,A00403,S004,2024-08-06,166.03,164.31,100.0,0
G0011700,A00404,S004,2024-08-06,164.39,164.31,100.0,0
G0011701,A00405,S004,2024-08-06,162.73,164.31,100.0,0
G0011702,A00406,S004,2024-08-06,164.26,164.31,100.0,0
G0011703,A00407,S004,2024-08-06,164.13,164.31,100.0,0
G0011704,A00408,S004,2024-08-06,163.93,164.31,100.0,0
G0011705,A00409,S004,2024-08-06,162.5,164.31,100.0,0
G0011706,A00410,S004,2024-08-06,136.54,164.31,83.33,4
G0011707,A00401,S004,2024-08-07,174.33,187.86,100.0,0
G0011708,A00402,S004,2024-08-07,188.27,187.86,100.0,0
G0011709,A00403,S004,2024-08-07,188.79,187.86,100.0,0
G0011710,A00404,S004,2024-08-07,188.68,187.86,100.0,0
G0011711,A00405,S004,2024-08-07,186.84,187.86,100.0,0
G0011712,A00406,S004,2024-08-07,186.42,187.86,100.0,0
G0011713,A00407,S004,2024-08-07,189.78,187.86,100.0,0
G0011714,A00408,S004,2024-08-07,189.15,187.86,100.0,0
G0011715,A00409,S004,2024-08-07,189.05,187.86,100.0,0
G0011716,A00410,S004,2024-08-07,181.13,187.86,95.83,1
G0011717,A00401,S004,2024-08-08,198.27,199.99,100.0,0
G0011718,A00402,S004,2024-08-08,201.48,199.99,100.0,0
G0011719,A00403,S004,2024-08-08,201.75,199.99,100.0,0
G0011720,A00404,S004,2024-08-08,201.68,199.99,100.0,0
G0011721,A00405,S004,2024-08-08,198.88,199.99,100.0,0
G0011722,A00406,S004,2024-08-08,182.0,199.99,100.0,0
G0011723,A00407,S004,2024-08-08,201.28,199.99,100.0,0
G0011724,A00408,S004,2024-08-08,201.72,199.99,100.0,0
G0011725,A00409,S004,2024-08-08,183.64,199.99,100.0,0
G0011726,A00410,S004,2024-08-08,201.33,199.99,100.0,0
G0011727,A00401,S004,2024-08-09,206.71,205.2,100.0,0
G0011728,A00402,S004,2024-08-09,187.23,205.2,91.67,2
G0011729,A00403,S004,2024-08-09,189.91,205.2,100.0,0
G0011730,A00404,S004,2024-08-09,204.2,205.2,100.0,0
G0011731,A00405,S004,2024-08-09,204.52,205.2,100.0,0
G0011732,A00406,S004,2024-08-09,206.08,205.2,100.0,0
G0011733,A00407,S004,2024-08-09,205.42,205.2,100.0,0
G0011734,A00408,S004,2024-08-09,187.29,205.2,100.0,0
G0011735,A00409,S004,2024-08-09,206.12,205.2,100.0,0
G0011736,A00410,S004,2024-08-09,198.41,205.2,95.83,1
G0011737,A00401,S004,2024-08-10,152.23,163.94,100.0,0
G0011738,A00402,S004,2024-08-10,164.84,163.94,100.0,0
G0011739,A00403,S004,2024-08-10,162.02,163.94,100.0,0
G0011740,A00404,S004,2024-08-10,165.44,163.94,100.0,0
G0011741,A00405,S004,2024-08-10,80.89,163.94,50.0,12
G0011742,A00406,S004,2024-08-10,164.2,163.94,100.0,0
G0011743,A00407,S004,2024-08-10,88.48,163.94,83.33,4
G0011744,A00408,S004,2024-08-10,131.75,163.94,100.0,0
G0011745,A00409,S004,2024-08-10,163.27,163.94,100.0,0
G0011746,A00410,S004,2024-08-10,162.68,163.94,100.0,0
G0011747,A00401,S004,2024-08-11,193.51,194.49,100.0,0
G0011748,A00402,S004,2024-08-11,192.52,194.49,100.0,0
G0011749,A00403,S004,2024-08-11,194.45,194.49,100.0,0
G0011750,A00404,S004,2024-08-11,195.88,194.49,100.0,0
G0011751,A00405,S004,2024-08-11,157.22,194.49,100.0,0
G0011752,A00406,S004,2024-08-11,193.35,194.49,100.0,0
G0011753,A00407,S004,2024-08-11,153.78,194.49,100.0,0
G0011754,A00408,S004,2024-08-11,193.33,194.49,100.0,0
G0011755,A00409,S004,2024-08-11,163.45,194.49,91.67,2
G0011756,A00410,S004,2024-08-11,195.14,194.49,100.0,0
G0011757,A00401,S004,2024-08-12,172.48,173.12,100.0,0
G0011758,A00402,S004,2024-08-12,171.41,173.12,100.0,0
G0011759,A00403,S004,2024-08-12,160.68,173.12,100.0,0
G0011760,A00404,S004,2024-08-12,172.36,173.12,100.0,0
G0011761,A00405,S004,2024-08-12,171.77,173.12,100.0,0
G0011762,A00406,S004,2024-08-12,172.38,173.12,100.0,0
G0011763,A00407,S004,2024-08-12,164.26,173.12,95.83,1
G0011764,A00408,S004,2024-08-12,172.71,173.12,100.0,0
G0011765,A00409,S004,2024-08-12,171.86,173.12,100.0,0
G0011766,A00410,S004,2024-08-12,172.48,173.12,100.0,0
G0011767,A00401,S004,2024-08-13,198.82,196.88,100.0,0
G0011768,A00402,S004,2024-08-13,159.23,196.88,100.0,0
G0011769,A00403,S004,2024-08-13,180.61,196.88,100.0,0
G0011770,A00404,S004,2024-08-13,198.79,196.88,100.0,0
G0011771,A00405,S004,2024-08-13,198.09,196.88,100.0,0
G0011772,A00406,S004,2024-08-13,150.77,196.88,83.33,4
G0011773,A00407,S004,2024-08-13,195.87,196.88,100.0,0
G0011774,A00408,S004,2024-08-13,179.99,196.88,100.0,0
G0011775,A00409,S004,2024-08-13,196.2,196.88,100.0,0
G0011776,A00410,S004,2024-08-13,198.69,196.88,100.0,0
G0011777,A00401,S004,2024-08-14,202.71,203.08,100.0,0
G0011778,A00402,S004,2024-08-14,201.41,203.08,100.0,0
G0011779,A00403,S004,2024-08-14,185.08,203.08,91.67,2
G0011780,A00404,S004,2024-08-14,203.02,203.08,100.0,0
G0011781,A00405,S004,2024-08-14,204.18,203.08,100.0,0
G0011782,A00406,S004,2024-08-14,204.47,203.08,100.0,0
G0011783,A00407,S004,2024-08-14,204.78,203.08,100.0,0
G0011784,A00408,S004,2024-08-14,203.71,203.08,100.0,0
G0011785,A00409,S004,2024-08-14,204.12,203.08,100.0,0
G0011786,A00410,S004,2024-08-14,202.77,203.08,100.0,0
G0011787,A00401,S004,2024-08-15,164.61,164.8,100.0,0
G0011788,A00402,S004,2024-08-15,166.71,164.8,100.0,0
G0011789,A00403,S004,2024-08-15,152.27,164.8,100.0,0
G0011790,A00404,S004,2024-08-15,166.57,164.8,100.0,0
G0011791,A00405,S004,2024-08-15,165.55,164.8,100.0,0
G0011792,A00406,S004,2024-08-15,165.03,164.8,100.0,0
G0011793,A00407,S004,2024-08-15,138.34,164.8,83.33,4
G0011794,A00408,S004,2024-08-15,165.85,164.8,100.0,0
G0011795,A00409,S004,2024-08-15,164.94,164.8,100.0,0
G0011796,A00410,S004,2024-08-15,153.28,164.8,100.0,0
G0011797,A00401,S004,2024-08-16,203.11,201.17,100.0,0
G0011798,A00402,S004,2024-08-16,202.54,201.17,100.0,0
G0011799,A00403,S004,2024-08-16,200.04,201.17,100.0,0
G0011800,A00404,S004,2024-08-16,200.11,201.17,100.0,0
G0011801,A00405,S004,2024-08-16,185.3,201.17,100.0,0
G0011802,A00406,S004,2024-08-16,202.64,201.17,100.0,0
G0011803,A00407,S004,2024-08-16,202.2,201.17,100.0,0
G0011804,A00408,S004,2024-08-16,167.07,201.17,83.33,4
G0011805,A00409,S004,2024-08-16,202.99,201.17,100.0,0
G0011806,A00410,S004,2024-08-16,200.08,201.17,100.0,0
G0011807,A00401,S004,2024-08-17,187.37,186.67,100.0,0
G0011808,A00402,S004,2024-08-17,171.53,186.67,100.0,0
G0011809,A00403,S004,2024-08-17,184.85,186.67,100.0,0
G0011810,A00404,S004,2024-08-17,186.78,186.67,100.0,0
G0011811,A00405,S004,2024-08-17,170.85,186.67,100.0,0
G0011812,A00406,S004,2024-08-17,171.6,186.67,91.67,2
G0011813,A00407,S004,2024-08-17,188.53,186.67,100.0,0
G0011814,A00408,S004,2024-08-17,188.63,186.67,100.0,0
G0011815,A00409,S004,2024-08-17,184.81,186.67,100.0,0
G0011816,A00410,S004,2024-08-17,184.84,186.67,100.0,0
G0011817,A00401,S004,2024-08-18,154.95,187.91,83.33,4
G0011818,A00402,S004,2024-08-18,158.13,187.91,83.33,4
G0011819,A00403,S004,2024-08-18,189.49,187.91,100.0,0
G0011820,A00404,S004,2024-08-18,187.9,187.91,100.0,0
G0011821,A00405,S004,2024-08-18,186.09,187.91,100.0,0
G0011822,A00406,S004,2024-08-18,186.38,187.91,100.0,0
G0011823,A00407,S004,2024-08-18,189.85,187.91,100.0,0
G0011824,A00408,S004,2024-08-18,179.7,187.91,95.83,1
G0011825,A00409,S004,2024-08-18,187.26,187.91,100.0,0
G0011826,A00410,S004,2024-08-18,150.09,187.91,100.0,0
G0011827,A00401,S004,2024-08-19,199.01,200.84,100.0,0
G0011828,A00402,S004,2024-08-19,169.66,200.84,91.67,2
G0011829,A00403,S004,2024-08-19,201.98,200.84,100.0,0
G0011830,A00404,S004,2024-08-19,199.29,200.84,100.0,0
G0011831,A00405,S004,2024-08-19,202.82,200.84,100.0,0
G0011832,A00406,S004,2024-08-19,178.03,200.84,95.83,1
G0011833,A00407,S004,2024-08-19,200.94,200.84,100.0,0
G0011834,A00408,S004,2024-08-19,201.04,200.84,100.0,0
G0011835,A00409,S004,2024-08-19,191.61,200.84,95.83,1
G0011836,A00410,S004,2024-08-19,199.85,200.84,100.0,0
G0011837,A00401,S004,2024-08-20,204.76,205.2,100.0,0
G0011838,A00402,S004,2024-08-20,204.04,205.2,100.0,0
G0011839,A00403,S004,2024-08-20,206.74,205.2,100.0,0
G0011840,A00404,S004,2024-08-20,206.22,205.2,100.0,0
G0011841,A00405,S004,2024-08-20,207.09,205.2,100.0,0
G0011842,A00406,S004,2024-08-20,187.99,205.2,100.0,0
G0011843,A00407,S004,2024-08-20,204.06,205.2,100.0,0
G0011844,A00408,S004,2024-08-20,187.03,205.2,91.67,2
G0011845,A00409,S004,2024-08-20,206.45,205.2,100.0,0
G0011846,A00410,S004,2024-08-20,206.03,205.2,100.0,0
G0011847,A00401,S004,2024-08-21,184.87,183.32,100.0,0
G0011848,A00402,S004,2024-08-21,182.47,183.32,100.0,0
G0011849,A00403,S004,2024-08-21,176.33,183.32,95.83,1
G0011850,A00404,S004,2024-08-21,183.21,183.32,100.0,0
G0011851,A00405,S004,2024-08-21,144.98,183.32,100.0,0
G0011852,A00406,S004,2024-08-21,184.81,183.32,100.0,0
G0011853,A00407,S004,2024-08-21,182.28,183.32,100.0,0
G0011854,A00408,S004,2024-08-21,181.67,183.32,100.0,0
G0011855,A00409,S004,2024-08-21,182.19,183.32,100.0,0
G0011856,A00410,S004,2024-08-21,183.06,183.32,100.0,0
G0011857,A00401,S004,2024-08-22,72.45,91.65,100.0,0
G0011858,A00402,S004,2024-08-22,91.11,91.65,100.0,0
G0011859,A00403,S004,2024-08-22,90.93,91.65,100.0,0
G0011860,A00404,S004,2024-08-22,91.24,91.65,100.0,0
G0011861,A00405,S004,2024-08-22,90.25,91.65,100.0,0
G0011862,A00406,S004,2024-08-22,93.37,91.65,100.0,0
G0011863,A00407,S004,2024-08-22,91.97,91.65,100.0,0
G0011864,A00408,S004,2024-08-22,93.61,91.65,100.0,0
G0011865,A00409,S004,2024-08-22,93.28,91.65,100.0,0
G0011866,A00410,S004,2024-08-22,91.72,91.65,100.0,0
G0011867,A00401,S004,2024-08-23,169.33,183.31,100.0,0
G0011868,A00402,S004,2024-08-23,183.38,183.31,100.0,0
G0011869,A00403,S004,2024-08-23,167.88,183.31,100.0,0
G0011870,A00404,S004,2024-08-23,182.53,183.31,100.0,0
G0011871,A00405,S004,2024-08-23,183.25,183.31,100.0,0
G0011872,A00406,S004,2024-08-23,184.54,183.31,100.0,0
G0011873,A00407,S004,2024-08-23,183.3,183.31,100.0,0
G0011874,A00408,S004,2024-08-23,183.87,183.31,100.0,0
G0011875,A00409,S004,2024-08-23,184.96,183.31,100.0,0
G0011876,A00410,S004,2024-08-23,182.27,183.31,100.0,0
G0011877,A00401,S004,2024-08-24,97.34,129.43,83.33,4
G0011878,A00402,S004,2024-08-24,117.65,129.43,100.0,0
G0011879,A00403,S004,2024-08-24,127.85,129.43,100.0,0
G0011880,A00404,S004,2024-08-24,129.67,129.43,100.0,0
G0011881,A00405,S004,2024-08-24,130.6,129.43,100.0,0
G0011882,A00406,S004,2024-08-24,129.59,129.43,100.0,0
G0011883,A00407,S004,2024-08-24,104.08,129.43,100.0,0
G0011884,A00408,S004,2024-08-24,102.04,129.43,100.0,0
G0011885,A00409,S004,2024-08-24,129.4,129.43,100.0,0
G0011886,A00410,S004,2024-08-24,131.22,129.43,100.0,0
G0011887,A00401,S004,2024-08-25,160.37,174.55,91.67,2
G0011888,A00402,S004,2024-08-25,173.01,174.55,100.0,0
G0011889,A00403,S004,2024-08-25,162.17,174.55,100.0,0
G0011890,A00404,S004,2024-08-25,174.57,174.55,100.0,0
G0011891,A00405,S004,2024-08-25,174.22,174.55,100.0,0
G0011892,A00406,S004,2024-08-25,172.65,174.55,100.0,0
G0011893,A00407,S004,2024-08-25,174.9,174.55,100.0,0
G0011894,A00408,S004,2024-08-25,88.94,174.55,50.0,12
G0011895,A00409,S004,2024-08-25,173.68,174.55,100.0,0
G0011896,A00410,S004,2024-08-25,174.31,174.55,100.0,0
G0011897,A00401,S004,2024-08-26,195.67,205.2,95.83,1
G0011898,A00402,S004,2024-08-26,205.41,205.2,100.0,0
G0011899,A00403,S004,2024-08-26,162.4,205.2,100.0,0
G0011900,A00404,S004,2024-08-26,204.15,205.2,100.0,0
G0011901,A00405,S004,2024-08-26,206.42,205.2,100.0,0
G0011902,A00406,S004,2024-08-26,205.88,205.2,100.0,0
G0011903,A00407,S004,2024-08-26,206.79,205.2,100.0,0
G0011904,A00408,S004,2024-08-26,173.18,205.2,91.67,2
G0011905,A00409,S004,2024-08-26,93.45,205.2,50.0,12
G0011906,A00410,S004,2024-08-26,204.32,205.2,100.0,0
G0011907,A00401,S004,2024-08-27,204.43,205.2,100.0,0
G0011908,A00402,S004,2024-08-27,205.8,205.2,100.0,0
G0011909,A00403,S004,2024-08-27,204.12,205.2,100.0,0
G0011910,A00404,S004,2024-08-27,186.96,205.2,100.0,0
G0011911,A00405,S004,2024-08-27,189.21,205.2,91.67,2
G0011912,A00406,S004,2024-08-27,204.6,205.2,100.0,0
G0011913,A00407,S004,2024-08-27,205.61,205.2,100.0,0
G0011914,A00408,S004,2024-08-27,206.13,205.2,100.0,0
G0011915,A00409,S004,2024-08-27,207.06,205.2,100.0,0
G0011916,A00410,S004,2024-08-27,204.97,205.2,100.0,0
G0011917,A00401,S004,2024-08-28,204.11,203.14,100.0,0
G0011918,A00402,S004,2024-08-28,202.51,203.14,100.0,0
G0011919,A00403,S004,2024-08-28,184.93,203.14,100.0,0
G0011920,A00404,S004,2024-08-28,202.33,203.14,100.0,0
G0011921,A00405,S004,2024-08-28,204.64,203.14,100.0,0
G0011922,A00406,S004,2024-08-28,204.58,203.14,100.0,0
G0011923,A00407,S004,2024-08-28,201.45,203.14,100.0,0
G0011924,A00408,S004,2024-08-28,160.91,203.14,100.0,0
G0011925,A00409,S004,2024-08-28,204.06,203.14,100.0,0
G0011926,A00410,S004,2024-08-28,188.61,203.14,100.0,0
G0011927,A00401,S004,2024-08-29,183.01,184.61,100.0,0
G0011928,A00402,S004,2024-08-29,185.71,184.61,100.0,0
G0011929,A00403,S004,2024-08-29,185.94,184.61,100.0,0
G0011930,A00404,S004,2024-08-29,184.08,184.61,100.0,0
G0011931,A00405,S004,2024-08-29,170.99,184.61,100.0,0
G0011932,A00406,S004,2024-08-29,186.54,184.61,100.0,0
G0011933,A00407,S004,2024-08-29,112.73,184.61,66.67,8
G0011934,A00408,S004,2024-08-29,171.22,184.61,91.67,2
G0011935,A00409,S004,2024-08-29,183.15,184.61,100.0,0
G0011936,A00410,S004,2024-08-29,186.04,184.61,100.0,0
G0011937,A00401,S004,2024-08-30,189.92,191.87,100.0,0
G0011938,A00402,S004,2024-08-30,192.45,191.87,100.0,0
G0011939,A00403,S004,2024-08-30,190.41,191.87,100.0,0
G0011940,A00404,S004,2024-08-30,192.56,191.87,100.0,0
G0011941,A00405,S004,2024-08-30,190.59,191.87,100.0,0
G0011942,A00406,S004,2024-08-30,177.35,191.87,100.0,0
G0011943,A00407,S004,2024-08-30,193.43,191.87,100.0,0
G0011944,A00408,S004,2024-08-30,192.23,191.87,100.0,0
G0011945,A00409,S004,2024-08-30,193.01,191.87,100.0,0
G0011946,A00410,S004,2024-08-30,193.3,191.87,100.0,0
G0011947,A00401,S004,2024-08-31,206.36,205.2,100.0,0
G0011948,A00402,S004,2024-08-31,197.61,205.2,95.83,1
G0011949,A00403,S004,2024-08-31,189.03,205.2,100.0,0
G0011950,A00404,S004,2024-08-31,205.08,205.2,100.0,0
G0011951,A00405,S004,2024-08-31,207.01,205.2,100.0,0
G0011952,A00406,S004,2024-08-31,162.73,205.2,100.0,0
G0011953,A00407,S004,2024-08-31,135.23,205.2,66.67,8
G0011954,A00408,S004,2024-08-31,203.48,205.2,100.0,0
G0011955,A00409,S004,2024-08-31,207.1,205.2,100.0,0
G0011956,A00410,S004,2024-08-31,206.61,205.2,100.0,0
G0011957,A00401,S004,2024-09-01,140.93,154.61,91.67,2
G0011958,A00402,S004,2024-09-01,144.13,154.61,100.0,0
G0011959,A00403,S004,2024-09-01,156.19,154.61,100.0,0
G0011960,A00404,S004,2024-09-01,153.0,154.61,100.0,0
G0011961,A00405,S004,2024-09-01,152.95,154.61,100.0,0
G0011962,A00406,S004,2024-09-01,155.7,154.61,100.0,0
G0011963,A00407,S004,2024-09-01,156.25,154.61,100.0,0
G0011964,A00408,S004,2024-09-01,153.79,154.61,100.0,0
G0011965,A00409,S004,2024-09-01,154.27,154.61,100.0,0
G0011966,A00410,S004,2024-09-01,143.55,154.61,100.0,0
G0011967,A00401,S004,2024-09-02,153.19,153.26,100.0,0
G0011968,A00402,S004,2024-09-02,139.56,153.26,100.0,0
G0011969,A00403,S004,2024-09-02,152.67,153.26,100.0,0
G0011970,A00404,S004,2024-09-02,153.5,153.26,100.0,0
G0011971,A00405,S004,2024-09-02,151.74,153.26,100.0,0
G0011972,A00406,S004,2024-09-02,154.14,153.26,100.0,0
G0011973,A00407,S004,2024-09-02,154.41,153.26,100.0,0
G0011974,A00408,S004,2024-09-02,151.96,153.26,100.0,0
G0011975,A00409,S004,2024-09-02,142.61,153.26,100.0,0
G0011976,A00410,S004,2024-09-02,153.25,153.26,100.0,0
G0011977,A00401,S004,2024-09-03,71.36,69.89,100.0,0
G0011978,A00402,S004,2024-09-03,68.17,69.89,100.0,0
G0011979,A00403,S004,2024-09-03,69.29,69.89,100.0,0
G0011980,A00404,S004,2024-09-03,68.12,69.89,100.0,0
G0011981,A00405,S004,2024-09-03,71.17,69.89,100.0,0
G0011982,A00406,S004,2024-09-03,68.37,69.89,100.0,0
G0011983,A00407,S004,2024-09-03,69.74,69.89,100.0,0
G0011984,A00408,S004,2024-09-03,70.88,69.89,100.0,0
G0011985,A00409,S004,2024-09-03,70.53,69.89,100.0,0
G0011986,A00410,S004,2024-09-03,66.69,69.89,95.83,1
G0011987,A00401,S004,2024-09-04,120.17,118.79,100.0,0
G0011988,A00402,S004,2024-09-04,99.62,118.79,83.33,4
G0011989,A00403,S004,2024-09-04,109.62,118.79,100.0,0
G0011990,A00404,S004,2024-09-04,118.74,118.79,100.0,0
G0011991,A00405,S004,2024-09-04,79.95,118.79,66.67,8
G0011992,A00406,S004,2024-09-04,118.29,118.79,100.0,0
G0011993,A00407,S004,2024-09-04,117.96,118.79,100.0,0
G0011994,A00408,S004,2024-09-04,117.02,118.79,100.0,0
G0011995,A00409,S004,2024-09-04,117.82,118.79,100.0,0
G0011996,A00410,S004,2024-09-04,90.64,118.79,95.83,1
G0011997,A00401,S004,2024-09-05,66.07,134.03,50.0,12
G0011998,A00402,S004,2024-09-05,132.94,134.03,100.0,0
G0011999,A00403,S004,2024-09-05,133.02,134.03,100.0,0
G0012000,A00404,S004,2024-09-05,122.69,134.03,91.67,2
G0012001,A00405,S004,2024-09-05,135.39,134.03,100.0,0
G0012002,A00406,S004,2024-09-05,107.99,134.03,100.0,0
G0012003,A00407,S004,2024-09-05,134.43,134.03,100.0,0
G0012004,A00408,S004,2024-09-05,135.5,134.03,100.0,0
G0012005,A00409,S004,2024-09-05,133.33,134.03,100.0,0
G0012006,A00410,S004,2024-09-05,133.69,134.03,100.0,0
G0012007,A00401,S004,2024-09-06,102.27,113.48,91.67,2
G0012008,A00402,S004,2024-09-06,113.03,113.48,100.0,0
G0012009,A00403,S004,2024-09-06,114.43,113.48,100.0,0
G0012010,A00404,S004,2024-09-06,112.88,113.48,100.0,0
G0012011,A00405,S004,2024-09-06,113.4,113.48,100.0,0
G0012012,A00406,S004,2024-09-06,115.05,113.48,100.0,0
G0012013,A00407,S004,2024-09-06,113.84,113.48,100.0,0
G0012014,A00408,S004,2024-09-06,112.03,113.48,100.0,0
G0012015,A00409,S004,2024-09-06,113.79,113.48,100.0,0
G0012016,A00410,S004,2024-09-06,111.64,113.48,100.0,0
G0012017,A00401,S004,2024-09-07,74.79,81.05,100.0,0
G0012018,A00402,S004,2024-09-07,79.87,81.05,100.0,0
G0012019,A00403,S004,2024-09-07,76.42,81.05,95.83,1
G0012020,A00404,S004,2024-09-07,75.31,81.05,91.67,2
G0012021,A00405,S004,2024-09-07,82.5,81.05,100.0,0
G0012022,A00406,S004,2024-09-07,81.74,81.05,100.0,0
G0012023,A00407,S004,2024-09-07,82.3,81.05,100.0,0
G0012024,A00408,S004,2024-09-07,82.65,81.05,100.0,0
G0012025,A00409,S004,2024-09-07,81.53,81.05,100.0,0
G0012026,A00410,S004,2024-09-07,81.72,81.05,100.0,0
G0012027,A00401,S004,2024-09-08,134.11,146.79,91.67,2
G0012028,A00402,S004,2024-09-08,148.67,146.79,100.0,0
G0012029,A00403,S004,2024-09-08,148.31,146.79,100.0,0
G0012030,A00404,S004,2024-09-08,133.98,146.79,100.0,0
G0012031,A00405,S004,2024-09-08,146.61,146.79,100.0,0
G0012032,A00406,S004,2024-09-08,148.25,146.79,100.0,0
G0012033,A00407,S004,2024-09-08,147.96,146.79,100.0,0
G0012034,A00408,S004,2024-09-08,147.4,146.79,100.0,0
G0012035,A00409,S004,2024-09-08,116.36,146.79,100.0,0
G0012036,A00410,S004,2024-09-08,146.06,146.79,100.0,0
G0012037,A00401,S004,2024-09-09,120.44,120.45,100.0,0
G0012038,A00402,S004,2024-09-09,111.32,120.45,91.67,2
G0012039,A00403,S004,2024-09-09,109.51,120.45,100.0,0
G0012040,A00404,S004,2024-09-09,118.61,120.45,100.0,0
G0012041,A00405,S004,2024-09-09,122.14,120.45,100.0,0
G0012042,A00406,S004,2024-09-09,97.08,120.45,100.0,0
G0012043,A00407,S004,2024-09-09,121.23,120.45,100.0,0
G0012044,A00408,S004,2024-09-09,111.06,120.45,100.0,0
G0012045,A00409,S004,2024-09-09,73.29,120.45,66.67,8
G0012046,A00410,S004,2024-09-09,110.99,120.45,100.0,0
G0012047,A00401,S004,2024-09-10,167.95,167.45,100.0,0
G0012048,A00402,S004,2024-09-10,167.85,167.45,100.0,0
G0012049,A00403,S004,2024-09-10,166.92,167.45,100.0,0
G0012050,A00404,S004,2024-09-10,159.32,167.45,95.83,1
G0012051,A00405,S004,2024-09-10,165.68,167.45,100.0,0
G0012052,A00406,S004,2024-09-10,161.37,167.45,95.83,1
G0012053,A00407,S004,2024-09-10,168.47,167.45,100.0,0
G0012054,A00408,S004,2024-09-10,154.81,167.45,100.0,0
G0012055,A00409,S004,2024-09-10,168.32,167.45,100.0,0
G0012056,A00410,S004,2024-09-10,160.89,167.45,95.83,1
G0012057,A00401,S004,2024-09-11,90.07,91.89,100.0,0
G0012058,A00402,S004,2024-09-11,84.11,91.89,91.67,2
G0012059,A00403,S004,2024-09-11,90.53,91.89,100.0,0
G0012060,A00404,S004,2024-09-11,83.95,91.89,91.67,2
G0012061,A00405,S004,2024-09-11,90.88,91.89,100.0,0
G0012062,A00406,S004,2024-09-11,90.29,91.89,100.0,0
G0012063,A00407,S004,2024-09-11,76.18,91.89,83.33,4
G0012064,A00408,S004,2024-09-11,93.46,91.89,100.0,0
G0012065,A00409,S004,2024-09-11,93.17,91.89,100.0,0
G0012066,A00410,S004,2024-09-11,84.81,91.89,100.0,0
G0012067,A00401,S004,2024-09-12,146.36,145.5,100.0,0
G0012068,A00402,S004,2024-09-12,135.62,145.5,100.0,0
G0012069,A00403,S004,2024-09-12,133.49,145.5,100.0,0
G0012070,A00404,S004,2024-09-12,146.2,145.5,100.0,0
G0012071,A00405,S004,2024-09-12,146.4,145.5,100.0,0
G0012072,A00406,S004,2024-09-12,146.92,145.5,100.0,0
G0012073,A00407,S004,2024-09-12,145.54,145.5,100.0,0
G0012074,A00408,S004,2024-09-12,132.53,145.5,91.67,2
G0012075,A00409,S004,2024-09-12,143.58,145.5,100.0,0
G0012076,A00410,S004,2024-09-12,145.71,145.5,100.0,0
G0012077,A00401,S004,2024-09-13,86.25,87.83,100.0,0
G0012078,A00402,S004,2024-09-13,88.29,87.83,100.0,0
G0012079,A00403,S004,2024-09-13,87.94,87.83,100.0,0
G0012080,A00404,S004,2024-09-13,88.23,87.83,100.0,0
G0012081,A00405,S004,2024-09-13,87.77,87.83,100.0,0
G0012082,A00406,S004,2024-09-13,70.43,87.83,100.0,0
G0012083,A00407,S004,2024-09-13,88.61,87.83,100.0,0
G0012084,A00408,S004,2024-09-13,89.67,87.83,100.0,0
G0012085,A00409,S004,2024-09-13,86.05,87.83,100.0,0
G0012086,A00410,S004,2024-09-13,85.31,87.83,95.83,1
G0012087,A00401,S004,2024-09-14,98.33,124.44,100.0,0
G0012088,A00402,S004,2024-09-14,120.17,124.44,95.83,1
G0012089,A00403,S004,2024-09-14,123.64,124.44,100.0,0
G0012090,A00404,S004,2024-09-14,126.21,124.44,100.0,0
G0012091,A00405,S004,2024-09-14,115.95,124.44,91.67,2
G0012092,A00406,S004,2024-09-14,124.62,124.44,100.0,0
G0012093,A00407,S004,2024-09-14,118.15,124.44,95.83,1
G0012094,A00408,S004,2024-09-14,123.63,124.44,100.0,0
G0012095,A00409,S004,2024-09-14,114.24,124.44,100.0,0
G0012096,A00410,S004,2024-09-14,114.43,124.44,100.0,0
G0012097,A00401,S004,2024-09-15,173.2,174.44,100.0,0
G0012098,A00402,S004,2024-09-15,175.35,174.44,100.0,0
G0012099,A00403,S004,2024-09-15,145.26,174.44,83.33,4
G0012100,A00404,S004,2024-09-15,173.53,174.44,100.0,0
G0012101,A00405,S004,2024-09-15,172.59,174.44,100.0,0
G0012102,A00406,S004,2024-09-15,166.25,174.44,95.83,1
G0012103,A00407,S004,2024-09-15,172.66,174.44,100.0,0
G0012104,A00408,S004,2024-09-15,166.22,174.44,95.83,1
G0012105,A00409,S004,2024-09-15,175.31,174.44,100.0,0
G0012106,A00410,S004,2024-09-15,160.46,174.44,91.67,2
G0012107,A00401,S004,2024-09-16,156.71,155.2,100.0,0
G0012108,A00402,S004,2024-09-16,153.36,155.2,100.0,0
G0012109,A00403,S004,2024-09-16,124.14,155.2,100.0,0
G0012110,A00404,S004,2024-09-16,155.21,155.2,100.0,0
G0012111,A00405,S004,2024-09-16,155.49,155.2,100.0,0
G0012112,A00406,S004,2024-09-16,157.18,155.2,100.0,0
G0012113,A00407,S004,2024-09-16,155.2,155.2,100.0,0
G0012114,A00408,S004,2024-09-16,140.94,155.2,100.0,0
G0012115,A00409,S004,2024-09-16,157.08,155.2,100.0,0
G0012116,A00410,S004,2024-09-16,154.88,155.2,100.0,0
G0012117,A00401,S004,2024-09-17,23.43,33.37,100.0,0
G0012118,A00402,S004,2024-09-17,26.72,33.37,95.83,1
G0012119,A00403,S004,2024-09-17,34.66,33.37,100.0,0
G0012120,A00404,S004,2024-09-17,31.81,33.37,100.0,0
G0012121,A00405,S004,2024-09-17,34.11,33.37,100.0,0
G0012122,A00406,S004,2024-09-17,31.66,33.37,100.0,0
G0012123,A00407,S004,2024-09-17,33.9,33.37,100.0,0
G0012124,A00408,S004,2024-09-17,32.04,33.37,100.0,0
G0012125,A00409,S004,2024-09-17,32.09,33.37,100.0,0
G0012126,A00410,S004,2024-09-17,32.8,33.37,100.0,0
G0012127,A00401,S004,2024-09-18,131.93,136.19,95.83,1
G0012128,A00402,S004,2024-09-18,126.27,136.19,91.67,2
G0012129,A00403,S004,2024-09-18,137.32,136.19,100.0,0
G0012130,A00404,S004,2024-09-18,109.26,136.19,100.0,0
G0012131,A00405,S004,2024-09-18,137.74,136.19,100.0,0
G0012132,A00406,S004,2024-09-18,134.77,136.19,100.0,0
G0012133,A00407,S004,2024-09-18,136.73,136.19,100.0,0
G0012134,A00408,S004,2024-09-18,134.72,136.19,100.0,0
G0012135,A00409,S004,2024-09-18,134.93,136.19,100.0,0
G0012136,A00410,S004,2024-09-18,126.81,136.19,100.0,0
G0012137,A00401,S004,2024-09-19,125.59,136.73,100.0,0
G0012138,A00402,S004,2024-09-19,136.14,136.73,100.0,0
G0012139,A00403,S004,2024-09-19,138.48,136.73,100.0,0
G0012140,A00404,S004,2024-09-19,135.63,136.73,100.0,0
G0012141,A00405,S004,2024-09-19,124.77,136.73,91.67,2
G0012142,A00406,S004,2024-09-19,137.31,136.73,100.0,0
G0012143,A00407,S004,2024-09-19,136.42,136.73,100.0,0
G0012144,A00408,S004,2024-09-19,137.42,136.73,100.0,0
G0012145,A00409,S004,2024-09-19,138.41,136.73,100.0,0
G0012146,A00410,S004,2024-09-19,136.79,136.73,100.0,0
G0012147,A00401,S004,2024-09-20,149.57,148.24,100.0,0
G0012148,A00402,S004,2024-09-20,149.8,148.24,100.0,0
G0012149,A00403,S004,2024-09-20,147.17,148.24,100.0,0
G0012150,A00404,S004,2024-09-20,146.62,148.24,100.0,0
G0012151,A00405,S004,2024-09-20,135.68,148.24,91.67,2
G0012152,A00406,S004,2024-09-20,147.22,148.24,100.0,0
G0012153,A00407,S004,2024-09-20,147.38,148.24,100.0,0
G0012154,A00408,S004,2024-09-20,148.47,148.24,100.0,0
G0012155,A00409,S004,2024-09-20,81.84,148.24,83.33,4
G0012156,A00410,S004,2024-09-20,147.84,148.24,100.0,0
G0012157,A00401,S004,2024-09-21,121.58,132.02,100.0,0
G0012158,A00402,S004,2024-09-21,126.28,132.02,95.83,1
G0012159,A00403,S004,2024-09-21,133.26,132.02,100.0,0
G0012160,A00404,S004,2024-09-21,130.85,132.02,100.0,0
G0012161,A00405,S004,2024-09-21,133.0,132.02,100.0,0
G0012162,A00406,S004,2024-09-21,133.56,132.02,100.0,0
G0012163,A00407,S004,2024-09-21,132.12,132.02,100.0,0
G0012164,A00408,S004,2024-09-21,131.24,132.02,100.0,0
G0012165,A00409,S004,2024-09-21,119.69,132.02,100.0,0
G0012166,A00410,S004,2024-09-21,130.94,132.02,100.0,0
G0012167,A00401,S004,2024-09-22,158.77,159.22,100.0,0
G0012168,A00402,S004,2024-09-22,159.29,159.22,100.0,0
G0012169,A00403,S004,2024-09-22,158.01,159.22,100.0,0
G0012170,A00404,S004,2024-09-22,147.37,159.22,100.0,0
G0012171,A00405,S004,2024-09-22,159.18,159.22,100.0,0
G0012172,A00406,S004,2024-09-22,160.68,159.22,100.0,0
G0012173,A00407,S004,2024-09-22,159.81,159.22,100.0,0
G0012174,A00408,S004,2024-09-22,129.08,159.22,100.0,0
G0012175,A00409,S004,2024-09-22,158.37,159.22,100.0,0
G0012176,A00410,S004,2024-09-22,157.82,159.22,100.0,0
G0012177,A00401,S004,2024-09-23,120.34,121.67,100.0,0
G0012178,A00402,S004,2024-09-23,122.0,121.67,100.0,0
G0012179,A00403,S004,2024-09-23,101.48,121.67,83.33,4
G0012180,A00404,S004,2024-09-23,123.4,121.67,100.0,0
G0012181,A00405,S004,2024-09-23,117.0,121.67,95.83,1
G0012182,A00406,S004,2024-09-23,120.86,121.67,100.0,0
G0012183,A00407,S004,2024-09-23,122.44,121.67,100.0,0
G0012184,A00408,S004,2024-09-23,123.16,121.67,100.0,0
G0012185,A00409,S004,2024-09-23,123.19,121.67,100.0,0
G0012186,A00410,S004,2024-09-23,121.25,121.67,100.0,0
G0012187,A00401,S004,2024-09-24,45.08,44.26,100.0,0
G0012188,A00402,S004,2024-09-24,43.77,44.26,100.0,0
G0012189,A00403,S004,2024-09-24,44.15,44.26,100.0,0
G0012190,A00404,S004,2024-09-24,45.25,44.26,100.0,0
G0012191,A00405,S004,2024-09-24,45.39,44.26,100.0,0
G0012192,A00406,S004,2024-09-24,44.83,44.26,100.0,0
G0012193,A00407,S004,2024-09-24,37.9,44.26,83.33,4
G0012194,A00408,S004,2024-09-24,43.38,44.26,100.0,0
G0012195,A00409,S004,2024-09-24,40.57,44.26,100.0,0
G0012196,A00410,S004,2024-09-24,46.23,44.26,100.0,0
G0012197,A00401,S004,2024-09-25,138.36,138.53,100.0,0
G0012198,A00402,S004,2024-09-25,140.18,138.53,100.0,0
G0012199,A00403,S004,2024-09-25,88.62,138.53,100.0,0
G0012200,A00404,S004,2024-09-25,126.05,138.53,91.67,2
G0012201,A00405,S004,2024-09-25,138.37,138.53,100.0,0
G0012202,A00406,S004,2024-09-25,127.91,138.53,100.0,0
G0012203,A00407,S004,2024-09-25,138.67,138.53,100.0,0
G0012204,A00408,S004,2024-09-25,108.93,138.53,100.0,0
G0012205,A00409,S004,2024-09-25,136.63,138.53,100.0,0
G0012206,A00410,S004,2024-09-25,138.39,138.53,100.0,0
G0012207,A00401,S004,2024-09-26,180.11,179.46,100.0,0
G0012208,A00402,S004,2024-09-26,116.25,179.46,100.0,0
G0012209,A00403,S004,2024-09-26,180.71,179.46,100.0,0
G0012210,A00404,S004,2024-09-26,178.01,179.46,100.0,0
G0012211,A00405,S004,2024-09-26,180.06,179.46,100.0,0
G0012212,A00406,S004,2024-09-26,178.9,179.46,100.0,0
G0012213,A00407,S004,2024-09-26,179.66,179.46,100.0,0
G0012214,A00408,S004,2024-09-26,165.77,179.46,91.67,2
G0012215,A00409,S004,2024-09-26,180.77,179.46,100.0,0
G0012216,A00410,S004,2024-09-26,144.5,179.46,100.0,0
G0012217,A00401,S004,2024-09-27,119.0,119.96,100.0,0
G0012218,A00402,S004,2024-09-27,99.31,119.96,83.33,4
G0012219,A00403,S004,2024-09-27,121.74,119.96,100.0,0
G0012220,A00404,S004,2024-09-27,119.6,119.96,100.0,0
G0012221,A00405,S004,2024-09-27,118.13,119.96,100.0,0
G0012222,A00406,S004,2024-09-27,94.69,119.96,100.0,0
G0012223,A00407,S004,2024-09-27,120.38,119.96,100.0,0
G0012224,A00408,S004,2024-09-27,106.12,119.96,95.83,1
G0012225,A00409,S004,2024-09-27,118.4,119.96,100.0,0
G0012226,A00410,S004,2024-09-27,113.99,119.96,95.83,1
G0012227,A00401,S004,2024-09-28,39.84,40.96,100.0,0
G0012228,A00402,S004,2024-09-28,42.05,40.96,100.0,0
G0012229,A00403,S004,2024-09-28,40.09,40.96,100.0,0
G0012230,A00404,S004,2024-09-28,42.73,40.96,100.0,0
G0012231,A00405,S004,2024-09-28,40.33,40.96,100.0,0
G0012232,A00406,S004,2024-09-28,36.12,40.96,100.0,0
G0012233,A00407,S004,2024-09-28,39.27,40.96,100.0,0
G0012234,A00408,S004,2024-09-28,25.85,40.96,100.0,0
G0012235,A00409,S004,2024-09-28,40.67,40.96,100.0,0
G0012236,A00410,S004,2024-09-28,32.65,40.96,100.0,0
G0012237,A00401,S004,2024-09-29,81.62,82.71,100.0,0
G0012238,A00402,S004,2024-09-29,74.41,82.71,91.67,2
G0012239,A00403,S004,2024-09-29,84.49,82.71,100.0,0
G0012240,A00404,S004,2024-09-29,83.06,82.71,100.0,0
G0012241,A00405,S004,2024-09-29,75.31,82.71,100.0,0
G0012242,A00406,S004,2024-09-29,81.13,82.71,100.0,0
G0012243,A00407,S004,2024-09-29,82.93,82.71,100.0,0
G0012244,A00408,S004,2024-09-29,83.92,82.71,100.0,0
G0012245,A00409,S004,2024-09-29,81.61,82.71,100.0,0
G0012246,A00410,S004,2024-09-29,75.19,82.71,100.0,0
G0012247,A00401,S004,2024-09-30,163.72,176.66,100.0,0
G0012248,A00402,S004,2024-09-30,177.19,176.66,100.0,0
G0012249,A00403,S004,2024-09-30,176.54,176.66,100.0,0
G0012250,A00404,S004,2024-09-30,139.66,176.66,100.0,0
G0012251,A00405,S004,2024-09-30,175.57,176.66,100.0,0
G0012252,A00406,S004,2024-09-30,140.19,176.66,100.0,0
G0012253,A00407,S004,2024-09-30,177.14,176.66,100.0,0
G0012254,A00408,S004,2024-09-30,142.62,176.66,100.0,0
G0012255,A00409,S004,2024-09-30,176.19,176.66,100.0,0
G0012256,A00410,S004,2024-09-30,114.83,176.66,100.0,0
G0012257,A00401,S004,2024-10-01,80.78,82.35,100.0,0
G0012258,A00402,S004,2024-10-01,80.01,82.35,95.83,1
G0012259,A00403,S004,2024-10-01,81.62,82.35,100.0,0
G0012260,A00404,S004,2024-10-01,81.47,82.35,100.0,0
G0012261,A00405,S004,2024-10-01,80.76,82.35,100.0,0
G0012262,A00406,S004,2024-10-01,82.81,82.35,100.0,0
G0012263,A00407,S004,2024-10-01,83.44,82.35,100.0,0
G0012264,A00408,S004,2024-10-01,56.23,82.35,66.67,8
G0012265,A00409,S004,2024-10-01,81.87,82.35,100.0,0
G0012266,A00410,S004,2024-10-01,82.0,82.35,100.0,0
G0012267,A00401,S004,2024-10-02,158.76,159.04,100.0,0
G0012268,A00402,S004,2024-10-02,158.87,159.04,100.0,0
G0012269,A00403,S004,2024-10-02,133.09,159.04,83.33,4
G0012270,A00404,S004,2024-10-02,125.52,159.04,100.0,0
G0012271,A00405,S004,2024-10-02,146.49,159.04,91.67,2
G0012272,A00406,S004,2024-10-02,158.21,159.04,100.0,0
G0012273,A00407,S004,2024-10-02,158.99,159.04,100.0,0
G0012274,A00408,S004,2024-10-02,159.82,159.04,100.0,0
G0012275,A00409,S004,2024-10-02,147.41,159.04,91.67,2
G0012276,A00410,S004,2024-10-02,159.82,159.04,100.0,0
G0012277,A00401,S004,2024-10-03,166.39,165.43,100.0,0
G0012278,A00402,S004,2024-10-03,131.73,165.43,100.0,0
G0012279,A00403,S004,2024-10-03,157.76,165.43,95.83,1
G0012280,A00404,S004,2024-10-03,163.76,165.43,100.0,0
G0012281,A00405,S004,2024-10-03,153.98,165.43,100.0,0
G0012282,A00406,S004,2024-10-03,130.45,165.43,100.0,0
G0012283,A00407,S004,2024-10-03,165.32,165.43,100.0,0
G0012284,A00408,S004,2024-10-03,139.42,165.43,83.33,4
G0012285,A00409,S004,2024-10-03,164.0,165.43,100.0,0
G0012286,A00410,S004,2024-10-03,164.37,165.43,100.0,0
G0012287,A00401,S004,2024-10-04,84.99,86.98,100.0,0
G0012288,A00402,S004,2024-10-04,87.66,86.98,100.0,0
G0012289,A00403,S004,2024-10-04,85.88,86.98,100.0,0
G0012290,A00404,S004,2024-10-04,88.82,86.98,100.0,0
G0012291,A00405,S004,2024-10-04,86.48,86.98,100.0,0
G0012292,A00406,S004,2024-10-04,88.41,86.98,100.0,0
G0012293,A00407,S004,2024-10-04,81.73,86.98,100.0,0
G0012294,A00408,S004,2024-10-04,87.18,86.98,100.0,0
G0012295,A00409,S004,2024-10-04,86.04,86.98,100.0,0
G0012296,A00410,S004,2024-10-04,87.94,86.98,100.0,0
G0012297,A00401,S004,2024-10-05,52.73,64.3,100.0,0
G0012298,A00402,S004,2024-10-05,66.14,64.3,100.0,0
G0012299,A00403,S004,2024-10-05,66.21,64.3,100.0,0
G0012300,A00404,S004,2024-10-05,62.75,64.3,100.0,0
G0012301,A00405,S004,2024-10-05,63.83,64.3,100.0,0
G0012302,A00406,S004,2024-10-05,63.86,64.3,100.0,0
G0012303,A00407,S004,2024-10-05,64.52,64.3,100.0,0
G0012304,A00408,S004,2024-10-05,65.79,64.3,100.0,0
G0012305,A00409,S004,2024-10-05,63.19,64.3,100.0,0
G0012306,A00410,S004,2024-10-05,64.71,64.3,100.0,0
G0012307,A00401,S004,2024-10-06,106.15,114.94,100.0,0
G0012308,A00402,S004,2024-10-06,113.07,114.94,100.0,0
G0012309,A00403,S004,2024-10-06,114.34,114.94,100.0,0
G0012310,A00404,S004,2024-10-06,114.69,114.94,100.0,0
G0012311,A00405,S004,2024-10-06,108.89,114.94,95.83,1
G0012312,A00406,S004,2024-10-06,114.28,114.94,100.0,0
G0012313,A00407,S004,2024-10-06,104.99,114.94,100.0,0
G0012314,A00408,S004,2024-10-06,106.58,114.94,91.67,2
G0012315,A00409,S004,2024-10-06,113.58,114.94,100.0,0
G0012316,A00410,S004,2024-10-06,104.76,114.94,100.0,0
G0012317,A00401,S004,2024-10-07,135.56,135.04,100.0,0
G0012318,A00402,S004,2024-10-07,124.2,135.04,100.0,0
G0012319,A00403,S004,2024-10-07,134.59,135.04,100.0,0
G0012320,A00404,S004,2024-10-07,134.43,135.04,100.0,0
G0012321,A00405,S004,2024-10-07,133.92,135.04,100.0,0
G0012322,A00406,S004,2024-10-07,133.72,135.04,100.0,0
G0012323,A00407,S004,2024-10-07,133.35,135.04,100.0,0
G0012324,A00408,S004,2024-10-07,134.7,135.04,100.0,0
G0012325,A00409,S004,2024-10-07,135.15,135.04,100.0,0
G0012326,A00410,S004,2024-10-07,135.11,135.04,100.0,0
G0012327,A00401,S004,2024-10-08,105.39,110.56,95.83,1
G0012328,A00402,S004,2024-10-08,111.63,110.56,100.0,0
G0012329,A00403,S004,2024-10-08,111.48,110.56,100.0,0
G0012330,A00404,S004,2024-10-08,110.87,110.56,100.0,0
G0012331,A00405,S004,2024-10-08,111.55,110.56,100.0,0
G0012332,A00406,S004,2024-10-08,111.8,110.56,100.0,0
G0012333,A00407,S004,2024-10-08,98.4,110.56,95.83,1
G0012334,A00408,S004,2024-10-08,71.79,110.56,100.0,0
G0012335,A00409,S004,2024-10-08,110.52,110.56,100.0,0
G0012336,A00410,S004,2024-10-08,110.55,110.56,100.0,0
G0012337,A00401,S004,2024-10-09,109.66,111.6,100.0,0
G0012338,A00402,S004,2024-10-09,113.46,111.6,100.0,0
G0012339,A00403,S004,2024-10-09,110.09,111.6,100.0,0
G0012340,A00404,S004,2024-10-09,101.7,111.6,100.0,0
G0012341,A00405,S004,2024-10-09,104.63,111.6,100.0,0
G0012342,A00406,S004,2024-10-09,110.27,111.6,100.0,0
G0012343,A00407,S004,2024-10-09,111.96,111.6,100.0,0
G0012344,A00408,S004,2024-10-09,110.32,111.6,100.0,0
G0012345,A00409,S004,2024-10-09,113.37,111.6,100.0,0
G0012346,A00410,S004,2024-10-09,102.71,111.6,100.0,0
G0012347,A00401,S004,2024-10-10,115.72,125.2,91.67,2
G0012348,A00402,S004,2024-10-10,126.71,125.2,100.0,0
G0012349,A00403,S004,2024-10-10,126.33,125.2,100.0,0
G0012350,A00404,S004,2024-10-10,100.51,125.2,100.0,0
G0012351,A00405,S004,2024-10-10,126.61,125.2,100.0,0
G0012352,A00406,S004,2024-10-10,115.03,125.2,100.0,0
G0012353,A00407,S004,2024-10-10,124.54,125.2,100.0,0
G0012354,A00408,S004,2024-10-10,124.33,125.2,100.0,0
G0012355,A00409,S004,2024-10-10,123.37,125.2,100.0,0
G0012356,A00410,S004,2024-10-10,124.65,125.2,100.0,0
G0012357,A00401,S004,2024-10-11,139.64,141.64,100.0,0
G0012358,A00402,S004,2024-10-11,140.61,141.64,100.0,0
G0012359,A00403,S004,2024-10-11,143.11,141.64,100.0,0
G0012360,A00404,S004,2024-10-11,131.1,141.64,100.0,0
G0012361,A00405,S004,2024-10-11,142.92,141.64,100.0,0
G0012362,A00406,S004,2024-10-11,107.91,141.64,95.83,1
G0012363,A00407,S004,2024-10-11,142.62,141.64,100.0,0
G0012364,A00408,S004,2024-10-11,140.16,141.64,100.0,0
G0012365,A00409,S004,2024-10-11,128.76,141.64,100.0,0
G0012366,A00410,S004,2024-10-11,141.35,141.64,100.0,0
G0012367,A00401,S004,2024-10-12,49.89,97.64,50.0,12
G0012368,A00402,S004,2024-10-12,98.86,97.64,100.0,0
G0012369,A00403,S004,2024-10-12,98.34,97.64,100.0,0
G0012370,A00404,S004,2024-10-12,95.71,97.64,100.0,0
G0012371,A00405,S004,2024-10-12,96.1,97.64,100.0,0
G0012372,A00406,S004,2024-10-12,96.36,97.64,100.0,0
G0012373,A00407,S004,2024-10-12,76.37,97.64,100.0,0
G0012374,A00408,S004,2024-10-12,98.25,97.64,100.0,0
G0012375,A00409,S004,2024-10-12,74.03,97.64,83.33,4
G0012376,A00410,S004,2024-10-12,91.2,97.64,100.0,0
G0012377,A00401,S004,2024-10-13,143.74,141.75,100.0,0
G0012378,A00402,S004,2024-10-13,141.86,141.75,100.0,0
G0012379,A00403,S004,2024-10-13,141.99,141.75,100.0,0
G0012380,A00404,S004,2024-10-13,142.41,141.75,100.0,0
G0012381,A00405,S004,2024-10-13,93.8,141.75,100.0,0
G0012382,A00406,S004,2024-10-13,140.02,141.75,100.0,0
G0012383,A00407,S004,2024-10-13,143.38,141.75,100.0,0
G0012384,A00408,S004,2024-10-13,142.01,141.75,100.0,0
G0012385,A00409,S004,2024-10-13,141.95,141.75,100.0,0
G0012386,A00410,S004,2024-10-13,143.04,141.75,100.0,0
G0012387,A00401,S004,2024-10-14,134.95,134.9,100.0,0
G0012388,A00402,S004,2024-10-14,125.05,134.9,100.0,0
G0012389,A00403,S004,2024-10-14,136.61,134.9,100.0,0
G0012390,A00404,S004,2024-10-14,136.88,134.9,100.0,0
G0012391,A00405,S004,2024-10-14,133.96,134.9,100.0,0
G0012392,A00406,S004,2024-10-14,134.38,134.9,100.0,0
G0012393,A00407,S004,2024-10-14,134.47,134.9,100.0,0
G0012394,A00408,S004,2024-10-14,134.26,134.9,100.0,0
G0012395,A00409,S004,2024-10-14,132.92,134.9,100.0,0
G0012396,A00410,S004,2024-10-14,135.49,134.9,100.0,0
G0012397,A00401,S004,2024-10-15,125.18,126.52,100.0,0
G0012398,A00402,S004,2024-10-15,101.73,126.52,100.0,0
G0012399,A00403,S004,2024-10-15,120.06,126.52,95.83,1
G0012400,A00404,S004,2024-10-15,124.83,126.52,100.0,0
G0012401,A00405,S004,2024-10-15,127.93,126.52,100.0,0
G0012402,A00406,S004,2024-10-15,102.24,126.52,100.0,0
G0012403,A00407,S004,2024-10-15,124.76,126.52,100.0,0
G0012404,A00408,S004,2024-10-15,127.65,126.52,100.0,0
G0012405,A00409,S004,2024-10-15,115.22,126.52,91.67,2
G0012406,A00410,S004,2024-10-15,125.94,126.52,100.0,0
G0012407,A00401,S004,2024-10-16,165.44,166.71,100.0,0
G0012408,A00402,S004,2024-10-16,168.41,166.71,100.0,0
G0012409,A00403,S004,2024-10-16,140.23,166.71,83.33,4
G0012410,A00404,S004,2024-10-16,165.45,166.71,100.0,0
G0012411,A00405,S004,2024-10-16,158.14,166.71,95.83,1
G0012412,A00406,S004,2024-10-16,106.79,166.71,100.0,0
G0012413,A00407,S004,2024-10-16,164.99,166.71,100.0,0
G0012414,A00408,S004,2024-10-16,165.33,166.71,100.0,0
G0012415,A00409,S004,2024-10-16,153.46,166.71,100.0,0
G0012416,A00410,S004,2024-10-16,83.04,166.71,50.0,12
G0012417,A00401,S004,2024-10-17,142.7,141.73,100.0,0
G0012418,A00402,S004,2024-10-17,113.49,141.73,100.0,0
G0012419,A00403,S004,2024-10-17,141.28,141.73,100.0,0
G0012420,A00404,S004,2024-10-17,142.18,141.73,100.0,0
G0012421,A00405,S004,2024-10-17,114.78,141.73,100.0,0
G0012422,A00406,S004,2024-10-17,140.62,141.73,100.0,0
G0012423,A00407,S004,2024-10-17,140.87,141.73,100.0,0
G0012424,A00408,S004,2024-10-17,143.06,141.73,100.0,0
G0012425,A00409,S004,2024-10-17,137.06,141.73,95.83,1
G0012426,A00410,S004,2024-10-17,139.75,141.73,100.0,0
G0012427,A00401,S004,2024-10-18,116.42,115.79,100.0,0
G0012428,A00402,S004,2024-10-18,115.46,115.79,100.0,0
G0012429,A00403,S004,2024-10-18,114.83,115.79,100.0,0
G0012430,A00404,S004,2024-10-18,116.85,115.79,100.0,0
G0012431,A00405,S004,2024-10-18,115.28,115.79,100.0,0
G0012432,A00406,S004,2024-10-18,115.5,115.79,100.0,0
G0012433,A00407,S004,2024-10-18,116.63,115.79,100.0,0
G0012434,A00408,S004,2024-10-18,104.37,115.79,91.67,2
G0012435,A00409,S004,2024-10-18,106.84,115.79,100.0,0
G0012436,A00410,S004,2024-10-18,104.76,115.79,91.67,2
G0012437,A00401,S004,2024-10-19,155.45,168.44,100.0,0
G0012438,A00402,S004,2024-10-19,168.48,168.44,100.0,0
G0012439,A00403,S004,2024-10-19,168.65,168.44,100.0,0
G0012440,A00404,S004,2024-10-19,168.83,168.44,100.0,0
G0012441,A00405,S004,2024-10-19,168.7,168.44,100.0,0
G0012442,A00406,S004,2024-10-19,170.09,168.44,100.0,0
G0012443,A00407,S004,2024-10-19,166.62,168.44,100.0,0
G0012444,A00408,S004,2024-10-19,168.89,168.44,100.0,0
G0012445,A00409,S004,2024-10-19,166.54,168.44,100.0,0
G0012446,A00410,S004,2024-10-19,167.12,168.44,100.0,0
G0012447,A00401,S004,2024-10-20,86.26,87.51,100.0,0
G0012448,A00402,S004,2024-10-20,71.99,87.51,100.0,0
G0012449,A00403,S004,2024-10-20,87.33,87.51,100.0,0
G0012450,A00404,S004,2024-10-20,88.37,87.51,100.0,0
G0012451,A00405,S004,2024-10-20,88.32,87.51,100.0,0
G0012452,A00406,S004,2024-10-20,87.07,87.51,100.0,0
G0012453,A00407,S004,2024-10-20,87.5,87.51,100.0,0
G0012454,A00408,S004,2024-10-20,88.97,87.51,100.0,0
G0012455,A00409,S004,2024-10-20,83.99,87.51,95.83,1
G0012456,A00410,S004,2024-10-20,88.45,87.51,100.0,0
G0012457,A00401,S004,2024-10-21,132.17,143.97,91.67,2
G0012458,A00402,S004,2024-10-21,144.14,143.97,100.0,0
G0012459,A00403,S004,2024-10-21,143.68,143.97,100.0,0
G0012460,A00404,S004,2024-10-21,114.38,143.97,100.0,0
G0012461,A00405,S004,2024-10-21,130.66,143.97,100.0,0
G0012462,A00406,S004,2024-10-21,145.1,143.97,100.0,0
G0012463,A00407,S004,2024-10-21,142.38,143.97,100.0,0
G0012464,A00408,S004,2024-10-21,117.98,143.97,83.33,4
G0012465,A00409,S004,2024-10-21,143.3,143.97,100.0,0
G0012466,A00410,S004,2024-10-21,133.1,143.97,100.0,0
G0012467,A00401,S004,2024-10-22,103.12,107.97,95.83,1
G0012468,A00402,S004,2024-10-22,109.76,107.97,100.0,0
G0012469,A00403,S004,2024-10-22,107.4,107.97,100.0,0
G0012470,A00404,S004,2024-10-22,106.09,107.97,100.0,0
G0012471,A00405,S004,2024-10-22,108.68,107.97,100.0,0
G0012472,A00406,S004,2024-10-22,99.69,107.97,100.0,0
G0012473,A00407,S004,2024-10-22,106.95,107.97,100.0,0
G0012474,A00408,S004,2024-10-22,106.38,107.97,100.0,0
G0012475,A00409,S004,2024-10-22,108.05,107.97,100.0,0
G0012476,A00410,S004,2024-10-22,107.12,107.97,100.0,0
G0012477,A00401,S004,2024-10-23,182.71,182.96,100.0,0
G0012478,A00402,S004,2024-10-23,182.46,182.96,100.0,0
G0012479,A00403,S004,2024-10-23,184.81,182.96,100.0,0
G0012480,A00404,S004,2024-10-23,182.3,182.96,100.0,0
G0012481,A00405,S004,2024-10-23,181.85,182.96,100.0,0
G0012482,A00406,S004,2024-10-23,78.13,182.96,66.67,8
G0012483,A00407,S004,2024-10-23,183.18,182.96,100.0,0
G0012484,A00408,S004,2024-10-23,152.64,182.96,83.33,4
G0012485,A00409,S004,2024-10-23,135.83,182.96,91.67,2
G0012486,A00410,S004,2024-10-23,182.96,182.96,100.0,0
G0012487,A00401,S004,2024-10-24,87.43,87.62,100.0,0
G0012488,A00402,S004,2024-10-24,71.38,87.62,100.0,0
G0012489,A00403,S004,2024-10-24,87.79,87.62,100.0,0
G0012490,A00404,S004,2024-10-24,87.58,87.62,100.0,0
G0012491,A00405,S004,2024-10-24,89.0,87.62,100.0,0
G0012492,A00406,S004,2024-10-24,88.0,87.62,100.0,0
G0012493,A00407,S004,2024-10-24,73.1,87.62,83.33,4
G0012494,A00408,S004,2024-10-24,79.6,87.62,100.0,0
G0012495,A00409,S004,2024-10-24,89.54,87.62,100.0,0
G0012496,A00410,S004,2024-10-24,86.96,87.62,100.0,0
G0012497,A00401,S004,2024-10-25,110.57,109.21,100.0,0
G0012498,A00402,S004,2024-10-25,100.91,109.21,100.0,0
G0012499,A00403,S004,2024-10-25,100.07,109.21,100.0,0
G0012500,A00404,S004,2024-10-25,108.5,109.21,100.0,0
G0012501,A00405,S004,2024-10-25,109.71,109.21,100.0,0
G0012502,A00406,S004,2024-10-25,101.87,109.21,100.0,0
G0012503,A00407,S004,2024-10-25,98.75,109.21,91.67,2
G0012504,A00408,S004,2024-10-25,108.86,109.21,100.0,0
G0012505,A00409,S004,2024-10-25,100.99,109.21,100.0,0
G0012506,A00410,S004,2024-10-25,107.42,109.21,100.0,0
G0012507,A00401,S004,2024-10-26,90.2,98.5,91.67,2
G0012508,A00402,S004,2024-10-26,51.02,98.5,50.0,12
G0012509,A00403,S004,2024-10-26,99.48,98.5,100.0,0
G0012510,A00404,S004,2024-10-26,96.78,98.5,100.0,0
G0012511,A00405,S004,2024-10-26,97.93,98.5,100.0,0
G0012512,A00406,S004,2024-10-26,97.29,98.5,100.0,0
G0012513,A00407,S004,2024-10-26,98.93,98.5,100.0,0
G0012514,A00408,S004,2024-10-26,91.63,98.5,100.0,0
G0012515,A00409,S004,2024-10-26,100.15,98.5,100.0,0
G0012516,A00410,S004,2024-10-26,99.67,98.5,100.0,0
G0012517,A00401,S004,2024-10-27,139.54,167.58,83.33,4
G0012518,A00402,S004,2024-10-27,166.82,167.58,100.0,0
G0012519,A00403,S004,2024-10-27,132.77,167.58,100.0,0
G0012520,A00404,S004,2024-10-27,154.7,167.58,100.0,0
G0012521,A00405,S004,2024-10-27,168.22,167.58,100.0,0
G0012522,A00406,S004,2024-10-27,112.61,167.58,66.67,8
G0012523,A00407,S004,2024-10-27,167.5,167.58,100.0,0
G0012524,A00408,S004,2024-10-27,166.76,167.58,100.0,0
G0012525,A00409,S004,2024-10-27,169.18,167.58,100.0,0
G0012526,A00410,S004,2024-10-27,169.07,167.58,100.0,0
G0012527,A00401,S004,2024-10-28,110.08,108.92,100.0,0
G0012528,A00402,S004,2024-10-28,87.05,108.92,100.0,0
G0012529,A00403,S004,2024-10-28,98.94,108.92,91.67,2
G0012530,A00404,S004,2024-10-28,107.55,108.92,100.0,0
G0012531,A00405,S004,2024-10-28,107.85,108.92,100.0,0
G0012532,A00406,S004,2024-10-28,101.73,108.92,100.0,0
G0012533,A00407,S004,2024-10-28,107.95,108.92,100.0,0
G0012534,A00408,S004,2024-10-28,107.32,108.92,100.0,0
G0012535,A00409,S004,2024-10-28,101.2,108.92,91.67,2
G0012536,A00410,S004,2024-10-28,89.14,108.92,83.33,4
G0012537,A00401,S004,2024-10-29,67.79,84.43,100.0,0
G0012538,A00402,S004,2024-10-29,86.35,84.43,100.0,0
G0012539,A00403,S004,2024-10-29,82.72,84.43,100.0,0
G0012540,A00404,S004,2024-10-29,83.73,84.43,100.0,0
G0012541,A00405,S004,2024-10-29,84.23,84.43,100.0,0
G0012542,A00406,S004,2024-10-29,82.85,84.43,100.0,0
G0012543,A00407,S004,2024-10-29,55.5,84.43,100.0,0
G0012544,A00408,S004,2024-10-29,84.36,84.43,100.0,0
G0012545,A00409,S004,2024-10-29,83.16,84.43,100.0,0
G0012546,A00410,S004,2024-10-29,68.38,84.43,100.0,0
G0012547,A00401,S004,2024-10-30,111.13,122.4,91.67,2
G0012548,A00402,S004,2024-10-30,123.19,122.4,100.0,0
G0012549,A00403,S004,2024-10-30,122.19,122.4,100.0,0
G0012550,A00404,S004,2024-10-30,120.69,122.4,100.0,0
G0012551,A00405,S004,2024-10-30,93.25,122.4,83.33,4
G0012552,A00406,S004,2024-10-30,110.78,122.4,91.67,2
G0012553,A00407,S004,2024-10-30,121.26,122.4,100.0,0
G0012554,A00408,S004,2024-10-30,111.82,122.4,100.0,0
G0012555,A00409,S004,2024-10-30,111.3,122.4,100.0,0
G0012556,A00410,S004,2024-10-30,80.32,122.4,100.0,0
G0012557,A00401,S004,2024-10-31,139.41,140.25,100.0,0
G0012558,A00402,S004,2024-10-31,139.58,140.25,100.0,0
G0012559,A00403,S004,2024-10-31,139.15,140.25,100.0,0
G0012560,A00404,S004,2024-10-31,140.67,140.25,100.0,0
G0012561,A00405,S004,2024-10-31,91.03,140.25,100.0,0
G0012562,A00406,S004,2024-10-31,140.61,140.25,100.0,0
G0012563,A00407,S004,2024-10-31,141.42,140.25,100.0,0
G0012564,A00408,S004,2024-10-31,139.15,140.25,100.0,0
G0012565,A00409,S004,2024-10-31,135.79,140.25,95.83,1
G0012566,A00410,S004,2024-10-31,139.58,140.25,100.0,0
G0012567,A00401,S004,2024-11-01,10.22,11.4,100.0,0
G0012568,A00402,S004,2024-11-01,10.21,11.4,100.0,0
G0012569,A00403,S004,2024-11-01,12.33,11.4,100.0,0
G0012570,A00404,S004,2024-11-01,11.09,11.4,100.0,0
G0012571,A00405,S004,2024-11-01,11.27,11.4,100.0,0
G0012572,A00406,S004,2024-11-01,9.84,11.4,100.0,0
G0012573,A00407,S004,2024-11-01,9.92,11.4,91.67,2
G0012574,A00408,S004,2024-11-01,10.76,11.4,100.0,0
G0012575,A00409,S004,2024-11-01,10.92,11.4,100.0,0
G0012576,A00410,S004,2024-11-01,7.55,11.4,100.0,0
G0012577,A00401,S004,2024-11-02,70.62,75.18,100.0,0
G0012578,A00402,S004,2024-11-02,76.99,75.18,100.0,0
G0012579,A00403,S004,2024-11-02,73.55,75.18,100.0,0
G0012580,A00404,S004,2024-11-02,77.03,75.18,100.0,0
G0012581,A00405,S004,2024-11-02,76.29,75.18,100.0,0
G0012582,A00406,S004,2024-11-02,77.04,75.18,100.0,0
G0012583,A00407,S004,2024-11-02,74.59,75.18,100.0,0
G0012584,A00408,S004,2024-11-02,74.35,75.18,100.0,0
G0012585,A00409,S004,2024-11-02,76.72,75.18,100.0,0
G0012586,A00410,S004,2024-11-02,74.96,75.18,100.0,0
G0012587,A00401,S004,2024-11-03,18.57,19.83,95.83,1
G0012588,A00402,S004,2024-11-03,21.33,19.83,100.0,0
G0012589,A00403,S004,2024-11-03,21.45,19.83,100.0,0
G0012590,A00404,S004,2024-11-03,20.1,19.83,100.0,0
G0012591,A00405,S004,2024-11-03,18.5,19.83,100.0,0
G0012592,A00406,S004,2024-11-03,19.27,19.83,100.0,0
G0012593,A00407,S004,2024-11-03,18.37,19.83,100.0,0
G0012594,A00408,S004,2024-11-03,21.71,19.83,100.0,0
G0012595,A00409,S004,2024-11-03,20.14,19.83,100.0,0
G0012596,A00410,S004,2024-11-03,20.49,19.83,100.0,0
G0012597,A00401,S004,2024-11-04,159.01,173.39,91.67,2
G0012598,A00402,S004,2024-11-04,161.21,173.39,100.0,0
G0012599,A00403,S004,2024-11-04,158.9,173.39,91.67,2
G0012600,A00404,S004,2024-11-04,174.45,173.39,100.0,0
G0012601,A00405,S004,2024-11-04,160.73,173.39,91.67,2
G0012602,A00406,S004,2024-11-04,174.52,173.39,100.0,0
G0012603,A00407,S004,2024-11-04,158.11,173.39,100.0,0
G0012604,A00408,S004,2024-11-04,138.94,173.39,100.0,0
G0012605,A00409,S004,2024-11-04,175.07,173.39,100.0,0
G0012606,A00410,S004,2024-11-04,174.9,173.39,100.0,0
G0012607,A00401,S004,2024-11-05,33.73,53.23,100.0,0
G0012608,A00402,S004,2024-11-05,49.09,53.23,91.67,2
G0012609,A00403,S004,2024-11-05,50.96,53.23,100.0,0
G0012610,A00404,S004,2024-11-05,51.37,53.23,100.0,0
G0012611,A00405,S004,2024-11-05,49.64,53.23,100.0,0
G0012612,A00406,S004,2024-11-05,53.29,53.23,100.0,0
G0012613,A00407,S004,2024-11-05,48.71,53.23,95.83,1
G0012614,A00408,S004,2024-11-05,54.89,53.23,100.0,0
G0012615,A00409,S004,2024-11-05,53.8,53.23,100.0,0
G0012616,A00410,S004,2024-11-05,48.02,53.23,91.67,2
G0012617,A00401,S004,2024-11-06,44.66,43.42,100.0,0
G0012618,A00402,S004,2024-11-06,43.8,43.42,100.0,0
G0012619,A00403,S004,2024-11-06,44.58,43.42,100.0,0
G0012620,A00404,S004,2024-11-06,42.04,43.42,100.0,0
G0012621,A00405,S004,2024-11-06,45.4,43.42,100.0,0
G0012622,A00406,S004,2024-11-06,42.53,43.42,100.0,0
G0012623,A00407,S004,2024-11-06,26.82,43.42,91.67,2
G0012624,A00408,S004,2024-11-06,44.68,43.42,100.0,0
G0012625,A00409,S004,2024-11-06,39.82,43.42,95.83,1
G0012626,A00410,S004,2024-11-06,42.02,43.42,100.0,0
G0012627,A00401,S004,2024-11-07,95.63,94.23,100.0,0
G0012628,A00402,S004,2024-11-07,93.87,94.23,100.0,0
G0012629,A00403,S004,2024-11-07,94.57,94.23,100.0,0
G0012630,A00404,S004,2024-11-07,85.34,94.23,100.0,0
G0012631,A00405,S004,2024-11-07,94.11,94.23,100.0,0
G0012632,A00406,S004,2024-11-07,92.51,94.23,100.0,0
G0012633,A00407,S004,2024-11-07,85.22,94.23,100.0,0
G0012634,A00408,S004,2024-11-07,95.84,94.23,100.0,0
G0012635,A00409,S004,2024-11-07,95.66,94.23,100.0,0
G0012636,A00410,S004,2024-11-07,76.62,94.23,100.0,0
G0012637,A00401,S004,2024-11-08,33.14,37.6,100.0,0
G0012638,A00402,S004,2024-11-08,37.82,37.6,100.0,0
G0012639,A00403,S004,2024-11-08,36.67,37.6,100.0,0
G0012640,A00404,S004,2024-11-08,36.75,37.6,100.0,0
G0012641,A00405,S004,2024-11-08,38.27,37.6,100.0,0
G0012642,A00406,S004,2024-11-08,39.01,37.6,100.0,0
G0012643,A00407,S004,2024-11-08,36.71,37.6,100.0,0
G0012644,A00408,S004,2024-11-08,36.52,37.6,100.0,0
G0012645,A00409,S004,2024-11-08,36.13,37.6,100.0,0
G0012646,A00410,S004,2024-11-08,38.85,37.6,100.0,0
G0012647,A00401,S004,2024-11-09,111.01,112.78,100.0,0
G0012648,A00402,S004,2024-11-09,111.31,112.78,100.0,0
G0012649,A00403,S004,2024-11-09,114.04,112.78,100.0,0
G0012650,A00404,S004,2024-11-09,113.95,112.78,100.0,0
G0012651,A00405,S004,2024-11-09,90.51,112.78,100.0,0
G0012652,A00406,S004,2024-11-09,113.33,112.78,100.0,0
G0012653,A00407,S004,2024-11-09,107.54,112.78,95.83,1
G0012654,A00408,S004,2024-11-09,103.31,112.78,91.67,2
G0012655,A00409,S004,2024-11-09,113.71,112.78,100.0,0
G0012656,A00410,S004,2024-11-09,114.57,112.78,100.0,0
G0012657,A00401,S004,2024-11-10,49.93,50.5,100.0,0
G0012658,A00402,S004,2024-11-10,50.09,50.5,100.0,0
G0012659,A00403,S004,2024-11-10,48.88,50.5,100.0,0
G0012660,A00404,S004,2024-11-10,50.84,50.5,100.0,0
G0012661,A00405,S004,2024-11-10,48.55,50.5,100.0,0
G0012662,A00406,S004,2024-11-10,50.2,50.5,100.0,0
G0012663,A00407,S004,2024-11-10,49.05,50.5,100.0,0
G0012664,A00408,S004,2024-11-10,51.04,50.5,100.0,0
G0012665,A00409,S004,2024-11-10,49.64,50.5,100.0,0
G0012666,A00410,S004,2024-11-10,51.85,50.5,100.0,0
G0012667,A00401,S004,2024-11-11,74.79,75.19,100.0,0
G0012668,A00402,S004,2024-11-11,76.82,75.19,100.0,0
G0012669,A00403,S004,2024-11-11,75.5,75.19,100.0,0
G0012670,A00404,S004,2024-11-11,47.74,75.19,100.0,0
G0012671,A00405,S004,2024-11-11,74.62,75.19,100.0,0
G0012672,A00406,S004,2024-11-11,76.93,75.19,100.0,0
G0012673,A00407,S004,2024-11-11,68.67,75.19,100.0,0
G0012674,A00408,S004,2024-11-11,73.7,75.19,100.0,0
G0012675,A00409,S004,2024-11-11,72.97,75.19,95.83,1
G0012676,A00410,S004,2024-11-11,74.52,75.19,100.0,0
G0012677,A00401,S004,2024-11-12,38.77,39.42,100.0,0
G0012678,A00402,S004,2024-11-12,37.23,39.42,100.0,0
G0012679,A00403,S004,2024-11-12,39.85,39.42,100.0,0
G0012680,A00404,S004,2024-11-12,41.06,39.42,100.0,0
G0012681,A00405,S004,2024-11-12,37.77,39.42,100.0,0
G0012682,A00406,S004,2024-11-12,39.61,39.42,100.0,0
G0012683,A00407,S004,2024-11-12,39.57,39.42,100.0,0
G0012684,A00408,S004,2024-11-12,39.08,39.42,95.83,1
G0012685,A00409,S004,2024-11-12,40.71,39.42,100.0,0
G0012686,A00410,S004,2024-11-12,40.86,39.42,100.0,0
G0012687,A00401,S004,2024-11-13,45.07,64.91,66.67,8
G0012688,A00402,S004,2024-11-13,62.97,64.91,100.0,0
G0012689,A00403,S004,2024-11-13,61.26,64.91,100.0,0
G0012690,A00404,S004,2024-11-13,62.71,64.91,95.83,1
G0012691,A00405,S004,2024-11-13,58.29,64.91,91.67,2
G0012692,A00406,S004,2024-11-13,66.14,64.91,100.0,0
G0012693,A00407,S004,2024-11-13,58.96,64.91,100.0,0
G0012694,A00408,S004,2024-11-13,64.46,64.91,100.0,0
G0012695,A00409,S004,2024-11-13,65.69,64.91,100.0,0
G0012696,A00410,S004,2024-11-13,65.28,64.91,100.0,0
G0012697,A00401,S004,2024-11-14,134.75,133.97,100.0,0
G0012698,A00402,S004,2024-11-14,106.66,133.97,100.0,0
G0012699,A00403,S004,2024-11-14,133.89,133.97,100.0,0
G0012700,A00404,S004,2024-11-14,111.73,133.97,91.67,2
G0012701,A00405,S004,2024-11-14,111.35,133.97,83.33,4
G0012702,A00406,S004,2024-11-14,132.41,133.97,100.0,0
G0012703,A00407,S004,2024-11-14,133.51,133.97,100.0,0
G0012704,A00408,S004,2024-11-14,134.01,133.97,100.0,0
G0012705,A00409,S004,2024-11-14,135.6,133.97,100.0,0
G0012706,A00410,S004,2024-11-14,135.53,133.97,100.0,0
G0012707,A00401,S004,2024-11-15,37.56,36.75,100.0,0
G0012708,A00402,S004,2024-11-15,35.75,36.75,100.0,0
G0012709,A00403,S004,2024-11-15,37.93,36.75,100.0,0
G0012710,A00404,S004,2024-11-15,38.4,36.75,100.0,0
G0012711,A00405,S004,2024-11-15,35.46,36.75,100.0,0
G0012712,A00406,S004,2024-11-15,36.58,36.75,100.0,0
G0012713,A00407,S004,2024-11-15,35.47,36.75,100.0,0
G0012714,A00408,S004,2024-11-15,38.05,36.75,100.0,0
G0012715,A00409,S004,2024-11-15,34.25,36.75,95.83,1
G0012716,A00410,S004,2024-11-15,25.48,36.75,66.67,8
G0012717,A00401,S004,2024-11-16,12.44,11.4,100.0,0
G0012718,A00402,S004,2024-11-16,12.03,11.4,100.0,0
G0012719,A00403,S004,2024-11-16,10.03,11.4,100.0,0
G0012720,A00404,S004,2024-11-16,11.49,11.4,100.0,0
G0012721,A00405,S004,2024-11-16,10.02,11.4,100.0,0
G0012722,A00406,S004,2024-11-16,12.96,11.4,100.0,0
G0012723,A00407,S004,2024-11-16,10.26,11.4,100.0,0
G0012724,A00408,S004,2024-11-16,12.72,11.4,100.0,0
G0012725,A00409,S004,2024-11-16,12.2,11.4,100.0,0
G0012726,A00410,S004,2024-11-16,10.32,11.4,100.0,0
G0012727,A00401,S004,2024-11-17,97.17,97.75,100.0,0
G0012728,A00402,S004,2024-11-17,98.59,97.75,100.0,0
G0012729,A00403,S004,2024-11-17,98.3,97.75,100.0,0
G0012730,A00404,S004,2024-11-17,89.47,97.75,100.0,0
G0012731,A00405,S004,2024-11-17,91.44,97.75,100.0,0
G0012732,A00406,S004,2024-11-17,98.18,97.75,100.0,0
G0012733,A00407,S004,2024-11-17,90.01,97.75,100.0,0
G0012734,A00408,S004,2024-11-17,98.02,97.75,100.0,0
G0012735,A00409,S004,2024-11-17,76.69,97.75,100.0,0
G0012736,A00410,S004,2024-11-17,88.84,97.75,100.0,0
G0012737,A00401,S004,2024-11-18,40.41,41.17,100.0,0
G0012738,A00402,S004,2024-11-18,42.29,41.17,100.0,0
G0012739,A00403,S004,2024-11-18,41.77,41.17,100.0,0
G0012740,A00404,S004,2024-11-18,41.82,41.17,100.0,0
G0012741,A00405,S004,2024-11-18,42.98,41.17,100.0,0
G0012742,A00406,S004,2024-11-18,39.29,41.17,100.0,0
G0012743,A00407,S004,2024-11-18,39.87,41.17,100.0,0
G0012744,A00408,S004,2024-11-18,36.2,41.17,91.67,2
G0012745,A00409,S004,2024-11-18,28.37,41.17,100.0,0
G0012746,A00410,S004,2024-11-18,40.95,41.17,100.0,0
G0012747,A00401,S004,2024-11-19,102.49,101.38,100.0,0
G0012748,A00402,S004,2024-11-19,100.15,101.38,100.0,0
G0012749,A00403,S004,2024-11-19,100.83,101.38,100.0,0
G0012750,A00404,S004,2024-11-19,103.21,101.38,100.0,0
G0012751,A00405,S004,2024-11-19,101.85,101.38,100.0,0
G0012752,A00406,S004,2024-11-19,66.91,101.38,66.67,8
G0012753,A00407,S004,2024-11-19,95.1,101.38,100.0,0
G0012754,A00408,S004,2024-11-19,100.44,101.38,100.0,0
G0012755,A00409,S004,2024-11-19,100.31,101.38,100.0,0
G0012756,A00410,S004,2024-11-19,101.65,101.38,100.0,0
G0012757,A00401,S004,2024-11-20,71.3,72.68,100.0,0
G0012758,A00402,S004,2024-11-20,73.2,72.68,100.0,0
G0012759,A00403,S004,2024-11-20,71.95,72.68,100.0,0
G0012760,A00404,S004,2024-11-20,70.83,72.68,100.0,0
G0012761,A00405,S004,2024-11-20,60.37,72.68,83.33,4
G0012762,A00406,S004,2024-11-20,71.12,72.68,100.0,0
G0012763,A00407,S004,2024-11-20,67.11,72.68,100.0,0
G0012764,A00408,S004,2024-11-20,74.14,72.68,100.0,0
G0012765,A00409,S004,2024-11-20,73.66,72.68,100.0,0
G0012766,A00410,S004,2024-11-20,72.44,72.68,100.0,0
G0012767,A00401,S004,2024-11-21,49.84,51.31,100.0,0
G0012768,A00402,S004,2024-11-21,52.72,51.31,100.0,0
G0012769,A00403,S004,2024-11-21,49.71,51.31,95.83,1
G0012770,A00404,S004,2024-11-21,50.81,51.31,100.0,0
G0012771,A00405,S004,2024-11-21,51.88,51.31,100.0,0
G0012772,A00406,S004,2024-11-21,41.11,51.31,100.0,0
G0012773,A00407,S004,2024-11-21,51.35,51.31,100.0,0
G0012774,A00408,S004,2024-11-21,51.32,51.31,100.0,0
G0012775,A00409,S004,2024-11-21,52.37,51.31,100.0,0
G0012776,A00410,S004,2024-11-21,50.61,51.31,100.0,0
G0012777,A00401,S004,2024-11-22,64.99,72.56,100.0,0
G0012778,A00402,S004,2024-11-22,72.06,72.56,100.0,0
G0012779,A00403,S004,2024-11-22,72.67,72.56,100.0,0
G0012780,A00404,S004,2024-11-22,70.91,72.56,100.0,0
G0012781,A00405,S004,2024-11-22,72.34,72.56,100.0,0
G0012782,A00406,S004,2024-11-22,47.58,72.56,100.0,0
G0012783,A00407,S004,2024-11-22,71.59,72.56,100.0,0
G0012784,A00408,S004,2024-11-22,70.85,72.56,100.0,0
G0012785,A00409,S004,2024-11-22,74.43,72.56,100.0,0
G0012786,A00410,S004,2024-11-22,67.26,72.56,100.0,0
G0012787,A00401,S004,2024-11-23,41.71,42.98,100.0,0
G0012788,A00402,S004,2024-11-23,44.67,42.98,100.0,0
G0012789,A00403,S004,2024-11-23,33.33,42.98,83.33,4
G0012790,A00404,S004,2024-11-23,43.46,42.98,100.0,0
G0012791,A00405,S004,2024-11-23,44.19,42.98,100.0,0
G0012792,A00406,S004,2024-11-23,38.59,42.98,100.0,0
G0012793,A00407,S004,2024-11-23,43.23,42.98,100.0,0
G0012794,A00408,S004,2024-11-23,41.28,42.98,100.0,0
G0012795,A00409,S004,2024-11-23,40.61,42.98,100.0,0
G0012796,A00410,S004,2024-11-23,43.22,42.98,100.0,0
G0012797,A00401,S004,2024-11-24,38.08,39.97,100.0,0
G0012798,A00402,S004,2024-11-24,40.89,39.97,100.0,0
G0012799,A00403,S004,2024-11-24,39.14,39.97,100.0,0
G0012800,A00404,S004,2024-11-24,38.77,39.97,100.0,0
G0012801,A00405,S004,2024-11-24,38.73,39.97,100.0,0
G0012802,A00406,S004,2024-11-24,41.42,39.97,100.0,0
G0012803,A00407,S004,2024-11-24,38.59,39.97,100.0,0
G0012804,A00408,S004,2024-11-24,41.69,39.97,100.0,0
G0012805,A00409,S004,2024-11-24,33.65,39.97,95.83,1
G0012806,A00410,S004,2024-11-24,41.25,39.97,100.0,0
G0012807,A00401,S004,2024-11-25,44.39,47.27,100.0,0
G0012808,A00402,S004,2024-11-25,46.57,47.27,100.0,0
G0012809,A00403,S004,2024-11-25,36.64,47.27,91.67,2
G0012810,A00404,S004,2024-11-25,48.66,47.27,100.0,0
G0012811,A00405,S004,2024-11-25,37.75,47.27,83.33,4
G0012812,A00406,S004,2024-11-25,46.99,47.27,100.0,0
G0012813,A00407,S004,2024-11-25,47.65,47.27,100.0,0
G0012814,A00408,S004,2024-11-25,47.86,47.27,100.0,0
G0012815,A00409,S004,2024-11-25,47.12,47.27,100.0,0
G0012816,A00410,S004,2024-11-25,48.59,47.27,100.0,0
G0012817,A00401,S004,2024-11-26,46.31,45.04,100.0,0
G0012818,A00402,S004,2024-11-26,43.79,45.04,95.83,1
G0012819,A00403,S004,2024-11-26,43.28,45.04,91.67,2
G0012820,A00404,S004,2024-11-26,43.34,45.04,100.0,0
G0012821,A00405,S004,2024-11-26,45.51,45.04,100.0,0
G0012822,A00406,S004,2024-11-26,46.62,45.04,100.0,0
G0012823,A00407,S004,2024-11-26,46.06,45.04,100.0,0
G0012824,A00408,S004,2024-11-26,44.18,45.04,100.0,0
G0012825,A00409,S004,2024-11-26,46.55,45.04,100.0,0
G0012826,A00410,S004,2024-11-26,44.67,45.04,100.0,0
G0012827,A00401,S004,2024-11-27,49.09,63.43,100.0,0
G0012828,A00402,S004,2024-11-27,64.57,63.43,100.0,0
G0012829,A00403,S004,2024-11-27,62.53,63.43,95.83,1
G0012830,A00404,S004,2024-11-27,64.65,63.43,100.0,0
G0012831,A00405,S004,2024-11-27,58.78,63.43,95.83,1
G0012832,A00406,S004,2024-11-27,64.04,63.43,100.0,0
G0012833,A00407,S004,2024-11-27,64.58,63.43,100.0,0
G0012834,A00408,S004,2024-11-27,62.07,63.43,100.0,0
G0012835,A00409,S004,2024-11-27,51.9,63.43,100.0,0
G0012836,A00410,S004,2024-11-27,64.45,63.43,100.0,0
G0012837,A00401,S004,2024-11-28,100.23,109.5,91.67,2
G0012838,A00402,S004,2024-11-28,92.71,109.5,91.67,2
G0012839,A00403,S004,2024-11-28,111.33,109.5,100.0,0
G0012840,A00404,S004,2024-11-28,108.18,109.5,100.0,0
G0012841,A00405,S004,2024-11-28,109.32,109.5,100.0,0
G0012842,A00406,S004,2024-11-28,108.33,109.5,100.0,0
G0012843,A00407,S004,2024-11-28,108.89,109.5,100.0,0
G0012844,A00408,S004,2024-11-28,110.16,109.5,100.0,0
G0012845,A00409,S004,2024-11-28,101.78,109.5,91.67,2
G0012846,A00410,S004,2024-11-28,110.75,109.5,100.0,0
G0012847,A00401,S004,2024-11-29,64.5,63.5,100.0,0
G0012848,A00402,S004,2024-11-29,64.23,63.5,100.0,0
G0012849,A00403,S004,2024-11-29,52.37,63.5,83.33,4
G0012850,A00404,S004,2024-11-29,63.36,63.5,100.0,0
G0012851,A00405,S004,2024-11-29,64.27,63.5,100.0,0
G0012852,A00406,S004,2024-11-29,63.13,63.5,100.0,0
G0012853,A00407,S004,2024-11-29,62.59,63.5,100.0,0
G0012854,A00408,S004,2024-11-29,63.45,63.5,100.0,0
G0012855,A00409,S004,2024-11-29,57.26,63.5,100.0,0
G0012856,A00410,S004,2024-11-29,49.27,63.5,100.0,0
G0012857,A00401,S004,2024-11-30,12.2,13.17,100.0,0
G0012858,A00402,S004,2024-11-30,11.84,13.17,100.0,0
G0012859,A00403,S004,2024-11-30,11.85,13.17,100.0,0
G0012860,A00404,S004,2024-11-30,12.75,13.17,100.0,0
G0012861,A00405,S004,2024-11-30,13.59,13.17,100.0,0
G0012862,A00406,S004,2024-11-30,13.66,13.17,100.0,0
G0012863,A00407,S004,2024-11-30,14.1,13.17,100.0,0
G0012864,A00408,S004,2024-11-30,13.59,13.17,100.0,0
G0012865,A00409,S004,2024-11-30,14.28,13.17,100.0,0
G0012866,A00410,S004,2024-11-30,11.75,13.17,95.83,1
G0012867,A00401,S004,2024-12-01,132.95,143.3,91.67,2
G0012868,A00402,S004,2024-12-01,143.94,143.3,100.0,0
G0012869,A00403,S004,2024-12-01,144.67,143.3,100.0,0
G0012870,A00404,S004,2024-12-01,143.06,143.3,100.0,0
G0012871,A00405,S004,2024-12-01,108.93,143.3,83.33,4
G0012872,A00406,S004,2024-12-01,131.54,143.3,100.0,0
G0012873,A00407,S004,2024-12-01,144.0,143.3,100.0,0
G0012874,A00408,S004,2024-12-01,142.6,143.3,100.0,0
G0012875,A00409,S004,2024-12-01,143.54,143.3,100.0,0
G0012876,A00410,S004,2024-12-01,144.82,143.3,100.0,0
G0012877,A00401,S004,2024-12-02,84.07,83.05,100.0,0
G0012878,A00402,S004,2024-12-02,81.66,83.05,100.0,0
G0012879,A00403,S004,2024-12-02,53.55,83.05,100.0,0
G0012880,A00404,S004,2024-12-02,84.49,83.05,100.0,0
G0012881,A00405,S004,2024-12-02,64.8,83.05,100.0,0
G0012882,A00406,S004,2024-12-02,84.21,83.05,100.0,0
G0012883,A00407,S004,2024-12-02,82.22,83.05,100.0,0
G0012884,A00408,S004,2024-12-02,77.56,83.05,100.0,0
G0012885,A00409,S004,2024-12-02,67.47,83.05,83.33,4
G0012886,A00410,S004,2024-12-02,81.42,83.05,100.0,0
G0012887,A00401,S004,2024-12-03,83.07,81.87,100.0,0
G0012888,A00402,S004,2024-12-03,81.62,81.87,100.0,0
G0012889,A00403,S004,2024-12-03,62.62,81.87,95.83,1
G0012890,A00404,S004,2024-12-03,80.24,81.87,100.0,0
G0012891,A00405,S004,2024-12-03,83.4,81.87,100.0,0
G0012892,A00406,S004,2024-12-03,83.75,81.87,100.0,0
G0012893,A00407,S004,2024-12-03,81.36,81.87,100.0,0
G0012894,A00408,S004,2024-12-03,80.85,81.87,100.0,0
G0012895,A00409,S004,2024-12-03,74.28,81.87,100.0,0
G0012896,A00410,S004,2024-12-03,82.03,81.87,100.0,0
G0012897,A00401,S004,2024-12-04,90.13,99.99,100.0,0
G0012898,A00402,S004,2024-12-04,91.95,99.99,91.67,2
G0012899,A00403,S004,2024-12-04,98.36,99.99,100.0,0
G0012900,A00404,S004,2024-12-04,100.16,99.99,100.0,0
G0012901,A00405,S004,2024-12-04,33.59,99.99,50.0,12
G0012902,A00406,S004,2024-12-04,98.28,99.99,100.0,0
G0012903,A00407,S004,2024-12-04,98.9,99.99,100.0,0
G0012904,A00408,S004,2024-12-04,100.58,99.99,100.0,0
G0012905,A00409,S004,2024-12-04,100.64,99.99,100.0,0
G0012906,A00410,S004,2024-12-04,101.77,99.99,100.0,0
G0012907,A00401,S004,2024-12-05,65.93,67.61,100.0,0
G0012908,A00402,S004,2024-12-05,68.82,67.61,100.0,0
G0012909,A00403,S004,2024-12-05,67.15,67.61,100.0,0
G0012910,A00404,S004,2024-12-05,68.8,67.61,100.0,0
G0012911,A00405,S004,2024-12-05,53.52,67.61,100.0,0
G0012912,A00406,S004,2024-12-05,53.55,67.61,100.0,0
G0012913,A00407,S004,2024-12-05,55.75,67.61,100.0,0
G0012914,A00408,S004,2024-12-05,66.84,67.61,100.0,0
G0012915,A00409,S004,2024-12-05,53.43,67.61,100.0,0
G0012916,A00410,S004,2024-12-05,67.15,67.61,100.0,0
G0012917,A00401,S004,2024-12-06,52.45,54.95,100.0,0
G0012918,A00402,S004,2024-12-06,53.49,54.95,100.0,0
G0012919,A00403,S004,2024-12-06,51.38,54.95,100.0,0
G0012920,A00404,S004,2024-12-06,56.42,54.95,100.0,0
G0012921,A00405,S004,2024-12-06,54.52,54.95,100.0,0
G0012922,A00406,S004,2024-12-06,56.05,54.95,100.0,0
G0012923,A00407,S004,2024-12-06,56.66,54.95,100.0,0
G0012924,A00408,S004,2024-12-06,56.53,54.95,100.0,0
G0012925,A00409,S004,2024-12-06,55.57,54.95,100.0,0
G0012926,A00410,S004,2024-12-06,56.89,54.95,100.0,0
G0012927,A00401,S004,2024-12-07,58.29,85.99,83.33,4
G0012928,A00402,S004,2024-12-07,84.59,85.99,100.0,0
G0012929,A00403,S004,2024-12-07,84.11,85.99,100.0,0
G0012930,A00404,S004,2024-12-07,86.01,85.99,100.0,0
G0012931,A00405,S004,2024-12-07,84.17,85.99,100.0,0
G0012932,A00406,S004,2024-12-07,86.58,85.99,100.0,0
G0012933,A00407,S004,2024-12-07,87.95,85.99,100.0,0
G0012934,A00408,S004,2024-12-07,80.25,85.99,91.67,2
G0012935,A00409,S004,2024-12-07,85.61,85.99,100.0,0
G0012936,A00410,S004,2024-12-07,86.17,85.99,100.0,0
G0012937,A00401,S004,2024-12-08,102.24,104.67,95.83,1
G0012938,A00402,S004,2024-12-08,96.19,104.67,91.67,2
G0012939,A00403,S004,2024-12-08,67.84,104.67,100.0,0
G0012940,A00404,S004,2024-12-08,102.81,104.67,100.0,0
G0012941,A00405,S004,2024-12-08,103.78,104.67,100.0,0
G0012942,A00406,S004,2024-12-08,84.36,104.67,100.0,0
G0012943,A00407,S004,2024-12-08,68.92,104.67,100.0,0
G0012944,A00408,S004,2024-12-08,106.45,104.67,100.0,0
G0012945,A00409,S004,2024-12-08,106.19,104.67,100.0,0
G0012946,A00410,S004,2024-12-08,95.31,104.67,100.0,0
G0012947,A00401,S004,2024-12-09,57.84,58.63,100.0,0
G0012948,A00402,S004,2024-12-09,59.89,58.63,100.0,0
G0012949,A00403,S004,2024-12-09,59.65,58.63,100.0,0
G0012950,A00404,S004,2024-12-09,58.67,58.63,100.0,0
G0012951,A00405,S004,2024-12-09,46.0,58.63,100.0,0
G0012952,A00406,S004,2024-12-09,57.64,58.63,100.0,0
G0012953,A00407,S004,2024-12-09,58.45,58.63,100.0,0
G0012954,A00408,S004,2024-12-09,57.32,58.63,100.0,0
G0012955,A00409,S004,2024-12-09,58.41,58.63,100.0,0
G0012956,A00410,S004,2024-12-09,46.34,58.63,100.0,0
G0012957,A00401,S004,2024-12-10,56.15,56.66,100.0,0
G0012958,A00402,S004,2024-12-10,52.71,56.66,91.67,2
G0012959,A00403,S004,2024-12-10,54.85,56.66,100.0,0
G0012960,A00404,S004,2024-12-10,54.71,56.66,100.0,0
G0012961,A00405,S004,2024-12-10,51.48,56.66,100.0,0
G0012962,A00406,S004,2024-12-10,58.34,56.66,100.0,0
G0012963,A00407,S004,2024-12-10,58.21,56.66,100.0,0
G0012964,A00408,S004,2024-12-10,57.04,56.66,100.0,0
G0012965,A00409,S004,2024-12-10,57.6,56.66,100.0,0
G0012966,A00410,S004,2024-12-10,57.29,56.66,100.0,0
G0012967,A00401,S004,2024-12-11,111.33,111.57,100.0,0
G0012968,A00402,S004,2024-12-11,112.75,111.57,100.0,0
G0012969,A00403,S004,2024-12-11,113.21,111.57,100.0,0
G0012970,A00404,S004,2024-12-11,88.19,111.57,100.0,0
G0012971,A00405,S004,2024-12-11,112.03,111.57,100.0,0
G0012972,A00406,S004,2024-12-11,111.26,111.57,100.0,0
G0012973,A00407,S004,2024-12-11,113.3,111.57,100.0,0
G0012974,A00408,S004,2024-12-11,110.92,111.57,100.0,0
G0012975,A00409,S004,2024-12-11,90.54,111.57,100.0,0
G0012976,A00410,S004,2024-12-11,88.42,111.57,100.0,0
G0012977,A00401,S004,2024-12-12,74.69,90.64,83.33,4
G0012978,A00402,S004,2024-12-12,92.56,90.64,100.0,0
G0012979,A00403,S004,2024-12-12,89.22,90.64,100.0,0
G0012980,A00404,S004,2024-12-12,89.96,90.64,100.0,0
G0012981,A00405,S004,2024-12-12,82.91,90.64,100.0,0
G0012982,A00406,S004,2024-12-12,90.42,90.64,100.0,0
G0012983,A00407,S004,2024-12-12,92.3,90.64,100.0,0
G0012984,A00408,S004,2024-12-12,90.31,90.64,100.0,0
G0012985,A00409,S004,2024-12-12,88.71,90.64,100.0,0
G0012986,A00410,S004,2024-12-12,92.14,90.64,100.0,0
G0012987,A00401,S004,2024-12-13,97.35,97.09,100.0,0
G0012988,A00402,S004,2024-12-13,97.29,97.09,100.0,0
G0012989,A00403,S004,2024-12-13,89.18,97.09,100.0,0
G0012990,A00404,S004,2024-12-13,82.45,97.09,83.33,4
G0012991,A00405,S004,2024-12-13,97.2,97.09,100.0,0
G0012992,A00406,S004,2024-12-13,96.75,97.09,100.0,0
G0012993,A00407,S004,2024-12-13,96.82,97.09,100.0,0
G0012994,A00408,S004,2024-12-13,97.86,97.09,100.0,0
G0012995,A00409,S004,2024-12-13,96.36,97.09,100.0,0
G0012996,A00410,S004,2024-12-13,73.58,97.09,83.33,4
G0012997,A00401,S004,2024-12-14,124.5,124.67,100.0,0
G0012998,A00402,S004,2024-12-14,125.95,124.67,100.0,0
G0012999,A00403,S004,2024-12-14,123.44,124.67,100.0,0
G0013000,A00404,S004,2024-12-14,123.1,124.67,100.0,0
G0013001,A00405,S004,2024-12-14,115.61,124.67,91.67,2
G0013002,A00406,S004,2024-12-14,124.48,124.67,100.0,0
G0013003,A00407,S004,2024-12-14,123.68,124.67,100.0,0
G0013004,A00408,S004,2024-12-14,115.9,124.67,91.67,2
G0013005,A00409,S004,2024-12-14,123.65,124.67,100.0,0
G0013006,A00410,S004,2024-12-14,95.18,124.67,95.83,1
G0013007,A00401,S004,2024-12-15,72.8,74.65,100.0,0
G0013008,A00402,S004,2024-12-15,76.55,74.65,100.0,0
G0013009,A00403,S004,2024-12-15,75.43,74.65,100.0,0
G0013010,A00404,S004,2024-12-15,72.92,74.65,100.0,0
G0013011,A00405,S004,2024-12-15,70.56,74.65,100.0,0
G0013012,A00406,S004,2024-12-15,68.94,74.65,100.0,0
G0013013,A00407,S004,2024-12-15,67.21,74.65,91.67,2
G0013014,A00408,S004,2024-12-15,76.06,74.65,100.0,0
G0013015,A00409,S004,2024-12-15,76.05,74.65,100.0,0
G0013016,A00410,S004,2024-12-15,75.04,74.65,100.0,0
G0013017,A00401,S004,2024-12-16,63.9,81.15,100.0,0
G0013018,A00402,S004,2024-12-16,73.42,81.15,100.0,0
G0013019,A00403,S004,2024-12-16,79.92,81.15,100.0,0
G0013020,A00404,S004,2024-12-16,83.02,81.15,100.0,0
G0013021,A00405,S004,2024-12-16,82.65,81.15,100.0,0
G0013022,A00406,S004,2024-12-16,75.57,81.15,100.0,0
G0013023,A00407,S004,2024-12-16,82.09,81.15,100.0,0
G0013024,A00408,S004,2024-12-16,82.1,81.15,100.0,0
G0013025,A00409,S004,2024-12-16,82.64,81.15,100.0,0
G0013026,A00410,S004,2024-12-16,82.73,81.15,100.0,0
G0013027,A00401,S004,2024-12-17,68.26,104.04,66.67,8
G0013028,A00402,S004,2024-12-17,105.94,104.04,100.0,0
G0013029,A00403,S004,2024-12-17,90.87,104.04,95.83,1
G0013030,A00404,S004,2024-12-17,102.53,104.04,100.0,0
G0013031,A00405,S004,2024-12-17,96.36,104.04,100.0,0
G0013032,A00406,S004,2024-12-17,97.02,104.04,100.0,0
G0013033,A00407,S004,2024-12-17,105.12,104.04,100.0,0
G0013034,A00408,S004,2024-12-17,103.39,104.04,100.0,0
G0013035,A00409,S004,2024-12-17,81.94,104.04,100.0,0
G0013036,A00410,S004,2024-12-17,105.46,104.04,100.0,0
G0013037,A00401,S004,2024-12-18,31.29,32.21,100.0,0
G0013038,A00402,S004,2024-12-18,34.2,32.21,100.0,0
G0013039,A00403,S004,2024-12-18,30.98,32.21,100.0,0
G0013040,A00404,S004,2024-12-18,31.02,32.21,95.83,1
G0013041,A00405,S004,2024-12-18,29.88,32.21,100.0,0
G0013042,A00406,S004,2024-12-18,32.72,32.21,100.0,0
G0013043,A00407,S004,2024-12-18,27.66,32.21,100.0,0
G0013044,A00408,S004,2024-12-18,30.72,32.21,100.0,0
G0013045,A00409,S004,2024-12-18,32.58,32.21,100.0,0
G0013046,A00410,S004,2024-12-18,27.64,32.21,100.0,0
G0013047,A00401,S004,2024-12-19,44.18,43.17,100.0,0
G0013048,A00402,S004,2024-12-19,34.41,43.17,83.33,4
G0013049,A00403,S004,2024-12-19,42.32,43.17,100.0,0
G0013050,A00404,S004,2024-12-19,44.1,43.17,100.0,0
G0013051,A00405,S004,2024-12-19,41.88,43.17,100.0,0
G0013052,A00406,S004,2024-12-19,35.78,43.17,100.0,0
G0013053,A00407,S004,2024-12-19,44.87,43.17,100.0,0
G0013054,A00408,S004,2024-12-19,37.98,43.17,91.67,2
G0013055,A00409,S004,2024-12-19,41.31,43.17,100.0,0
G0013056,A00410,S004,2024-12-19,44.4,43.17,100.0,0
G0013057,A00401,S004,2024-12-20,67.58,66.85,100.0,0
G0013058,A00402,S004,2024-12-20,66.85,66.85,100.0,0
G0013059,A00403,S004,2024-12-20,68.3,66.85,100.0,0
G0013060,A00404,S004,2024-12-20,68.57,66.85,100.0,0
G0013061,A00405,S004,2024-12-20,62.34,66.85,100.0,0
G0013062,A00406,S004,2024-12-20,67.34,66.85,100.0,0
G0013063,A00407,S004,2024-12-20,62.75,66.85,91.67,2
G0013064,A00408,S004,2024-12-20,67.22,66.85,100.0,0
G0013065,A00409,S004,2024-12-20,65.28,66.85,100.0,0
G0013066,A00410,S004,2024-12-20,62.53,66.85,91.67,2
G0013067,A00401,S004,2024-12-21,59.97,75.96,100.0,0
G0013068,A00402,S004,2024-12-21,77.22,75.96,100.0,0
G0013069,A00403,S004,2024-12-21,74.54,75.96,100.0,0
G0013070,A00404,S004,2024-12-21,74.71,75.96,100.0,0
G0013071,A00405,S004,2024-12-21,75.43,75.96,100.0,0
G0013072,A00406,S004,2024-12-21,61.2,75.96,100.0,0
G0013073,A00407,S004,2024-12-21,49.14,75.96,66.67,8
G0013074,A00408,S004,2024-12-21,75.6,75.96,100.0,0
G0013075,A00409,S004,2024-12-21,77.0,75.96,100.0,0
G0013076,A00410,S004,2024-12-21,68.45,75.96,100.0,0
G0013077,A00401,S004,2024-12-22,64.26,62.35,100.0,0
G0013078,A00402,S004,2024-12-22,62.95,62.35,100.0,0
G0013079,A00403,S004,2024-12-22,63.58,62.35,100.0,0
G0013080,A00404,S004,2024-12-22,62.06,62.35,100.0,0
G0013081,A00405,S004,2024-12-22,62.1,62.35,100.0,0
G0013082,A00406,S004,2024-12-22,48.13,62.35,100.0,0
G0013083,A00407,S004,2024-12-22,58.32,62.35,95.83,1
G0013084,A00408,S004,2024-12-22,60.92,62.35,100.0,0
G0013085,A00409,S004,2024-12-22,64.28,62.35,100.0,0
G0013086,A00410,S004,2024-12-22,61.63,62.35,100.0,0
G0013087,A00401,S004,2024-12-23,58.77,59.14,100.0,0
G0013088,A00402,S004,2024-12-23,59.32,59.14,100.0,0
G0013089,A00403,S004,2024-12-23,59.04,59.14,100.0,0
G0013090,A00404,S004,2024-12-23,59.59,59.14,100.0,0
G0013091,A00405,S004,2024-12-23,59.47,59.14,100.0,0
G0013092,A00406,S004,2024-12-23,60.44,59.14,100.0,0
G0013093,A00407,S004,2024-12-23,48.05,59.14,83.33,4
G0013094,A00408,S004,2024-12-23,57.7,59.14,100.0,0
G0013095,A00409,S004,2024-12-23,57.98,59.14,100.0,0
G0013096,A00410,S004,2024-12-23,56.18,59.14,100.0,0
G0013097,A00401,S004,2024-12-24,65.35,66.6,100.0,0
G0013098,A00402,S004,2024-12-24,66.35,66.6,100.0,0
G0013099,A00403,S004,2024-12-24,67.86,66.6,100.0,0
G0013100,A00404,S004,2024-12-24,67.68,66.6,100.0,0
G0013101,A00405,S004,2024-12-24,62.28,66.6,100.0,0
G0013102,A00406,S004,2024-12-24,68.08,66.6,100.0,0
G0013103,A00407,S004,2024-12-24,59.83,66.6,100.0,0
G0013104,A00408,S004,2024-12-24,66.06,66.6,100.0,0
G0013105,A00409,S004,2024-12-24,65.44,66.6,100.0,0
G0013106,A00410,S004,2024-12-24,61.55,66.6,100.0,0
G0013107,A00401,S004,2024-12-25,58.45,57.95,100.0,0
G0013108,A00402,S004,2024-12-25,55.28,57.95,100.0,0
G0013109,A00403,S004,2024-12-25,47.96,57.95,100.0,0
G0013110,A00404,S004,2024-12-25,51.14,57.95,91.67,2
G0013111,A00405,S004,2024-12-25,52.68,57.95,100.0,0
G0013112,A00406,S004,2024-12-25,57.72,57.95,100.0,0
G0013113,A00407,S004,2024-12-25,59.48,57.95,100.0,0
G0013114,A00408,S004,2024-12-25,58.63,57.95,100.0,0
G0013115,A00409,S004,2024-12-25,19.71,57.95,50.0,12
G0013116,A00410,S004,2024-12-25,56.37,57.95,100.0,0
G0013117,A00401,S004,2024-12-26,39.54,74.63,66.67,8
G0013118,A00402,S004,2024-12-26,68.14,74.63,100.0,0
G0013119,A00403,S004,2024-12-26,66.66,74.63,100.0,0
G0013120,A00404,S004,2024-12-26,73.41,74.63,100.0,0
G0013121,A00405,S004,2024-12-26,74.03,74.63,100.0,0
G0013122,A00406,S004,2024-12-26,75.15,74.63,100.0,0
G0013123,A00407,S004,2024-12-26,74.9,74.63,100.0,0
G0013124,A00408,S004,2024-12-26,75.54,74.63,100.0,0
G0013125,A00409,S004,2024-12-26,76.55,74.63,100.0,0
G0013126,A00410,S004,2024-12-26,75.09,74.63,100.0,0
G0013127,A00401,S004,2024-12-27,105.8,104.52,100.0,0
G0013128,A00402,S004,2024-12-27,104.1,104.52,100.0,0
G0013129,A00403,S004,2024-12-27,104.11,104.52,100.0,0
G0013130,A00404,S004,2024-12-27,102.98,104.52,100.0,0
G0013131,A00405,S004,2024-12-27,104.16,104.52,100.0,0
G0013132,A00406,S004,2024-12-27,106.4,104.52,100.0,0
G0013133,A00407,S004,2024-12-27,103.14,104.52,100.0,0
G0013134,A00408,S004,2024-12-27,103.21,104.52,100.0,0
G0013135,A00409,S004,2024-12-27,105.38,104.52,100.0,0
G0013136,A00410,S004,2024-12-27,104.3,104.52,100.0,0
G0013137,A00401,S004,2024-12-28,97.75,99.54,100.0,0
G0013138,A00402,S004,2024-12-28,99.07,99.54,100.0,0
G0013139,A00403,S004,2024-12-28,101.53,99.54,100.0,0
G0013140,A00404,S004,2024-12-28,100.31,99.54,100.0,0
G0013141,A00405,S004,2024-12-28,100.19,99.54,100.0,0
G0013142,A00406,S004,2024-12-28,99.7,99.54,100.0,0
G0013143,A00407,S004,2024-12-28,97.98,99.54,100.0,0
G0013144,A00408,S004,2024-12-28,100.95,99.54,100.0,0
G0013145,A00409,S004,2024-12-28,82.44,99.54,83.33,4
G0013146,A00410,S004,2024-12-28,100.89,99.54,100.0,0
G0013147,A00401,S004,2024-12-29,125.07,125.45,100.0,0
G0013148,A00402,S004,2024-12-29,125.96,125.45,100.0,0
G0013149,A00403,S004,2024-12-29,127.24,125.45,100.0,0
G0013150,A00404,S004,2024-12-29,125.88,125.45,100.0,0
G0013151,A00405,S004,2024-12-29,117.14,125.45,100.0,0
G0013152,A00406,S004,2024-12-29,124.1,125.45,100.0,0
G0013153,A00407,S004,2024-12-29,125.23,125.45,100.0,0
G0013154,A00408,S004,2024-12-29,125.09,125.45,100.0,0
G0013155,A00409,S004,2024-12-29,100.87,125.45,100.0,0
G0013156,A00410,S004,2024-12-29,125.03,125.45,100.0,0
G0013157,A00401,S004,2024-12-30,11.71,11.4,91.67,2
G0013158,A00402,S004,2024-12-30,10.45,11.4,100.0,0
G0013159,A00403,S004,2024-12-30,12.27,11.4,100.0,0
G0013160,A00404,S004,2024-12-30,11.95,11.4,100.0,0
G0013161,A00405,S004,2024-12-30,10.79,11.4,100.0,0
G0013162,A00406,S004,2024-12-30,8.1,11.4,100.0,0
G0013163,A00407,S004,2024-12-30,9.45,11.4,100.0,0
G0013164,A00408,S004,2024-12-30,12.46,11.4,100.0,0
G0013165,A00409,S004,2024-12-30,10.39,11.4,100.0,0
G0013166,A00410,S004,2024-12-30,10.71,11.4,100.0,0
G0013167,A00401,S004,2024-12-31,125.29,124.81,100.0,0
G0013168,A00402,S004,2024-12-31,123.16,124.81,100.0,0
G0013169,A00403,S004,2024-12-31,101.18,124.81,100.0,0
G0013170,A00404,S004,2024-12-31,118.46,124.81,95.83,1
G0013171,A00405,S004,2024-12-31,98.07,124.81,100.0,0
G0013172,A00406,S004,2024-12-31,98.15,124.81,100.0,0
G0013173,A00407,S004,2024-12-31,123.62,124.81,100.0,0
G0013174,A00408,S004,2024-12-31,98.2,124.81,100.0,0
G0013175,A00409,S004,2024-12-31,99.01,124.81,100.0,0
G0013176,A00410,S004,2024-12-31,122.84,124.81,100.0,0
G0013177,A00501,S005,2024-01-01,99.0,98.88,100.0,0
G0013178,A00502,S005,2024-01-01,89.65,98.88,100.0,0
G0013179,A00503,S005,2024-01-01,100.19,98.88,100.0,0
G0013180,A00504,S005,2024-01-01,99.16,98.88,100.0,0
G0013181,A00505,S005,2024-01-01,100.2,98.88,100.0,0
G0013182,A00506,S005,2024-01-01,92.6,98.88,100.0,0
G0013183,A00507,S005,2024-01-01,99.82,98.88,100.0,0
G0013184,A00508,S005,2024-01-01,97.38,98.88,100.0,0
G0013185,A00501,S005,2024-01-02,125.48,125.41,100.0,0
G0013186,A00502,S005,2024-01-02,125.11,125.41,100.0,0
G0013187,A00503,S005,2024-01-02,125.48,125.41,100.0,0
G0013188,A00504,S005,2024-01-02,125.75,125.41,100.0,0
G0013189,A00505,S005,2024-01-02,124.2,125.41,100.0,0
G0013190,A00506,S005,2024-01-02,83.01,125.41,66.67,8
G0013191,A00507,S005,2024-01-02,125.95,125.41,100.0,0
G0013192,A00508,S005,2024-01-02,123.65,125.41,100.0,0
G0013193,A00501,S005,2024-01-03,46.88,92.89,50.0,12
G0013194,A00502,S005,2024-01-03,94.3,92.89,100.0,0
G0013195,A00503,S005,2024-01-03,92.67,92.89,100.0,0
G0013196,A00504,S005,2024-01-03,84.75,92.89,100.0,0
G0013197,A00505,S005,2024-01-03,93.44,92.89,100.0,0
G0013198,A00506,S005,2024-01-03,93.33,92.89,100.0,0
G0013199,A00507,S005,2024-01-03,92.68,92.89,100.0,0
G0013200,A00508,S005,2024-01-03,94.08,92.89,100.0,0
G0013201,A00501,S005,2024-01-04,181.51,183.29,100.0,0
G0013202,A00502,S005,2024-01-04,182.83,183.29,100.0,0
G0013203,A00503,S005,2024-01-04,182.2,183.29,100.0,0
G0013204,A00504,S005,2024-01-04,121.1,183.29,66.67,8
G0013205,A00505,S005,2024-01-04,181.57,183.29,100.0,0
G0013206,A00506,S005,2024-01-04,170.14,183.29,100.0,0
G0013207,A00507,S005,2024-01-04,181.36,183.29,100.0,0
G0013208,A00508,S005,2024-01-04,183.98,183.29,100.0,0
G0013209,A00501,S005,2024-01-05,133.82,139.95,95.83,1
G0013210,A00502,S005,2024-01-05,91.14,139.95,100.0,0
G0013211,A00503,S005,2024-01-05,114.74,139.95,83.33,4
G0013212,A00504,S005,2024-01-05,139.55,139.95,100.0,0
G0013213,A00505,S005,2024-01-05,140.93,139.95,100.0,0
G0013214,A00506,S005,2024-01-05,111.28,139.95,100.0,0
G0013215,A00507,S005,2024-01-05,139.67,139.95,100.0,0
G0013216,A00508,S005,2024-01-05,138.24,139.95,100.0,0
G0013217,A00501,S005,2024-01-06,140.64,138.75,100.0,0
G0013218,A00502,S005,2024-01-06,117.37,138.75,83.33,4
G0013219,A00503,S005,2024-01-06,138.87,138.75,100.0,0
G0013220,A00504,S005,2024-01-06,138.7,138.75,100.0,0
G0013221,A00505,S005,2024-01-06,138.56,138.75,100.0,0
G0013222,A00506,S005,2024-01-06,126.72,138.75,100.0,0
G0013223,A00507,S005,2024-01-06,140.16,138.75,100.0,0
G0013224,A00508,S005,2024-01-06,140.35,138.75,100.0,0
G0013225,A00501,S005,2024-01-07,144.67,180.19,100.0,0
G0013226,A00502,S005,2024-01-07,181.62,180.19,100.0,0
G0013227,A00503,S005,2024-01-07,180.02,180.19,100.0,0
G0013228,A00504,S005,2024-01-07,180.24,180.19,100.0,0
G0013229,A00505,S005,2024-01-07,181.24,180.19,100.0,0
G0013230,A00506,S005,2024-01-07,181.28,180.19,100.0,0
G0013231,A00507,S005,2024-01-07,146.15,180.19,100.0,0
G0013232,A00508,S005,2024-01-07,181.68,180.19,100.0,0
G0013233,A00501,S005,2024-01-08,44.51,45.5,100.0,0
G0013234,A00502,S005,2024-01-08,47.42,45.5,100.0,0
G0013235,A00503,S005,2024-01-08,46.92,45.5,100.0,0
G0013236,A00504,S005,2024-01-08,36.93,45.5,100.0,0
G0013237,A00505,S005,2024-01-08,46.08,45.5,100.0,0
G0013238,A00506,S005,2024-01-08,46.66,45.5,100.0,0
G0013239,A00507,S005,2024-01-08,41.69,45.5,91.67,2
G0013240,A00508,S005,2024-01-08,47.34,45.5,100.0,0
G0013241,A00501,S005,2024-01-09,210.02,208.87,100.0,0
G0013242,A00502,S005,2024-01-09,207.92,208.87,100.0,0
G0013243,A00503,S005,2024-01-09,207.9,208.87,100.0,0
G0013244,A00504,S005,2024-01-09,207.68,208.87,100.0,0
G0013245,A00505,S005,2024-01-09,208.79,208.87,100.0,0
G0013246,A00506,S005,2024-01-09,207.89,208.87,100.0,0
G0013247,A00507,S005,2024-01-09,207.2,208.87,100.0,0
G0013248,A00508,S005,2024-01-09,209.51,208.87,100.0,0
G0013249,A00501,S005,2024-01-10,99.11,99.5,100.0,0
G0013250,A00502,S005,2024-01-10,92.92,99.5,100.0,0
G0013251,A00503,S005,2024-01-10,92.97,99.5,91.67,2
G0013252,A00504,S005,2024-01-10,101.27,99.5,100.0,0
G0013253,A00505,S005,2024-01-10,90.88,99.5,100.0,0
G0013254,A00506,S005,2024-01-10,98.36,99.5,100.0,0
G0013255,A00507,S005,2024-01-10,81.06,99.5,100.0,0
G0013256,A00508,S005,2024-01-10,98.79,99.5,100.0,0
G0013257,A00501,S005,2024-01-11,119.28,120.22,100.0,0
G0013258,A00502,S005,2024-01-11,120.61,120.22,100.0,0
G0013259,A00503,S005,2024-01-11,121.18,120.22,100.0,0
G0013260,A00504,S005,2024-01-11,111.93,120.22,100.0,0
G0013261,A00505,S005,2024-01-11,119.09,120.22,100.0,0
G0013262,A00506,S005,2024-01-11,122.12,120.22,100.0,0
G0013263,A00507,S005,2024-01-11,119.32,120.22,100.0,0
G0013264,A00508,S005,2024-01-11,97.32,120.22,100.0,0
G0013265,A00501,S005,2024-01-12,121.58,144.85,83.33,4
G0013266,A00502,S005,2024-01-12,146.53,144.85,100.0,0
G0013267,A00503,S005,2024-01-12,95.92,144.85,100.0,0
G0013268,A00504,S005,2024-01-12,146.48,144.85,100.0,0
G0013269,A00505,S005,2024-01-12,143.66,144.85,100.0,0
G0013270,A00506,S005,2024-01-12,143.05,144.85,100.0,0
G0013271,A00507,S005,2024-01-12,144.71,144.85,100.0,0
G0013272,A00508,S005,2024-01-12,138.89,144.85,95.83,1
G0013273,A00501,S005,2024-01-13,70.27,71.2,100.0,0
G0013274,A00502,S005,2024-01-13,69.38,71.2,100.0,0
G0013275,A00503,S005,2024-01-13,68.45,71.2,95.83,1
G0013276,A00504,S005,2024-01-13,71.74,71.2,100.0,0
G0013277,A00505,S005,2024-01-13,72.91,71.2,100.0,0
G0013278,A00506,S005,2024-01-13,71.39,71.2,100.0,0
G0013279,A00507,S005,2024-01-13,70.65,71.2,100.0,0
G0013280,A00508,S005,2024-01-13,70.75,71.2,100.0,0
G0013281,A00501,S005,2024-01-14,113.04,113.79,100.0,0
G0013282,A00502,S005,2024-01-14,115.1,113.79,100.0,0
G0013283,A00503,S005,2024-01-14,75.95,113.79,100.0,0
G0013284,A00504,S005,2024-01-14,107.8,113.79,95.83,1
G0013285,A00505,S005,2024-01-14,112.0,113.79,100.0,0
G0013286,A00506,S005,2024-01-14,114.04,113.79,100.0,0
G0013287,A00507,S005,2024-01-14,113.88,113.79,100.0,0
G0013288,A00508,S005,2024-01-14,114.12,113.79,100.0,0
G0013289,A00501,S005,2024-01-15,228.84,229.74,100.0,0
G0013290,A00502,S005,2024-01-15,229.47,229.74,100.0,0
G0013291,A00503,S005,2024-01-15,182.38,229.74,100.0,0
G0013292,A00504,S005,2024-01-15,230.04,229.74,100.0,0
G0013293,A00505,S005,2024-01-15,154.17,229.74,66.67,8
G0013294,A00506,S005,2024-01-15,154.3,229.74,66.67,8
G0013295,A00507,S005,2024-01-15,228.9,229.74,100.0,0
G0013296,A00508,S005,2024-01-15,213.17,229.74,100.0,0
G0013297,A00501,S005,2024-01-16,226.45,266.48,91.67,2
G0013298,A00502,S005,2024-01-16,212.95,266.48,100.0,0
G0013299,A00503,S005,2024-01-16,245.43,266.48,100.0,0
G0013300,A00504,S005,2024-01-16,222.93,266.48,83.33,4
G0013301,A00505,S005,2024-01-16,268.12,266.48,100.0,0
G0013302,A00506,S005,2024-01-16,221.44,266.48,83.33,4
G0013303,A00507,S005,2024-01-16,266.32,266.48,100.0,0
G0013304,A00508,S005,2024-01-16,267.85,266.48,100.0,0
G0013305,A00501,S005,2024-01-17,264.64,263.76,100.0,0
G0013306,A00502,S005,2024-01-17,264.01,263.76,100.0,0
G0013307,A00503,S005,2024-01-17,240.14,263.76,91.67,2
G0013308,A00504,S005,2024-01-17,265.38,263.76,100.0,0
G0013309,A00505,S005,2024-01-17,262.83,263.76,100.0,0
G0013310,A00506,S005,2024-01-17,263.67,263.76,100.0,0
G0013311,A00507,S005,2024-01-17,241.37,263.76,100.0,0
G0013312,A00508,S005,2024-01-17,201.25,263.76,83.33,4
G0013313,A00501,S005,2024-01-18,188.31,204.62,100.0,0
G0013314,A00502,S005,2024-01-18,206.23,204.62,100.0,0
G0013315,A00503,S005,2024-01-18,158.85,204.62,95.83,1
G0013316,A00504,S005,2024-01-18,188.96,204.62,91.67,2
G0013317,A00505,S005,2024-01-18,204.46,204.62,100.0,0
G0013318,A00506,S005,2024-01-18,204.65,204.62,100.0,0
G0013319,A00507,S005,2024-01-18,203.57,204.62,100.0,0
G0013320,A00508,S005,2024-01-18,198.09,204.62,95.83,1
G0013321,A00501,S005,2024-01-19,137.84,151.31,100.0,0
G0013322,A00502,S005,2024-01-19,152.89,151.31,100.0,0
G0013323,A00503,S005,2024-01-19,153.31,151.31,100.0,0
G0013324,A00504,S005,2024-01-19,145.05,151.31,95.83,1
G0013325,A00505,S005,2024-01-19,151.68,151.31,100.0,0
G0013326,A00506,S005,2024-01-19,149.64,151.31,100.0,0
G0013327,A00507,S005,2024-01-19,151.4,151.31,100.0,0
G0013328,A00508,S005,2024-01-19,152.27,151.31,100.0,0
G0013329,A00501,S005,2024-01-20,207.97,207.88,100.0,0
G0013330,A00502,S005,2024-01-20,199.96,207.88,95.83,1
G0013331,A00503,S005,2024-01-20,206.33,207.88,100.0,0
G0013332,A00504,S005,2024-01-20,206.47,207.88,100.0,0
G0013333,A00505,S005,2024-01-20,208.93,207.88,100.0,0
G0013334,A00506,S005,2024-01-20,190.52,207.88,100.0,0
G0013335,A00507,S005,2024-01-20,206.07,207.88,100.0,0
G0013336,A00508,S005,2024-01-20,209.06,207.88,100.0,0
G0013337,A00501,S005,2024-01-21,143.28,141.33,100.0,0
G0013338,A00502,S005,2024-01-21,142.73,141.33,100.0,0
G0013339,A00503,S005,2024-01-21,139.8,141.33,100.0,0
G0013340,A00504,S005,2024-01-21,139.73,141.33,100.0,0
G0013341,A00505,S005,2024-01-21,141.32,141.33,100.0,0
G0013342,A00506,S005,2024-01-21,139.38,141.33,100.0,0
G0013343,A00507,S005,2024-01-21,143.28,141.33,100.0,0
G0013344,A00508,S005,2024-01-21,142.78,141.33,100.0,0
G0013345,A00501,S005,2024-01-22,164.91,180.55,100.0,0
G0013346,A00502,S005,2024-01-22,180.46,180.55,100.0,0
G0013347,A00503,S005,2024-01-22,182.18,180.55,100.0,0
G0013348,A00504,S005,2024-01-22,181.1,180.55,100.0,0
G0013349,A00505,S005,2024-01-22,142.63,180.55,100.0,0
G0013350,A00506,S005,2024-01-22,118.23,180.55,100.0,0
G0013351,A00507,S005,2024-01-22,182.29,180.55,100.0,0
G0013352,A00508,S005,2024-01-22,182.24,180.55,100.0,0
G0013353,A00501,S005,2024-01-23,37.3,38.99,100.0,0
G0013354,A00502,S005,2024-01-23,38.56,38.99,100.0,0
G0013355,A00503,S005,2024-01-23,37.88,38.99,100.0,0
G0013356,A00504,S005,2024-01-23,37.27,38.99,100.0,0
G0013357,A00505,S005,2024-01-23,36.33,38.99,91.67,2
G0013358,A00506,S005,2024-01-23,36.57,38.99,95.83,1
G0013359,A00507,S005,2024-01-23,37.15,38.99,100.0,0
G0013360,A00508,S005,2024-01-23,38.33,38.99,100.0,0
G0013361,A00501,S005,2024-01-24,203.62,313.5,100.0,0
G0013362,A00502,S005,2024-01-24,204.17,313.5,100.0,0
G0013363,A00503,S005,2024-01-24,251.31,313.5,100.0,0
G0013364,A00504,S005,2024-01-24,288.26,313.5,100.0,0
G0013365,A00505,S005,2024-01-24,313.73,313.5,100.0,0
G0013366,A00506,S005,2024-01-24,312.35,313.5,100.0,0
G0013367,A00507,S005,2024-01-24,314.93,313.5,100.0,0
G0013368,A00508,S005,2024-01-24,208.2,313.5,66.67,8
G0013369,A00501,S005,2024-01-25,120.84,120.99,100.0,0
G0013370,A00502,S005,2024-01-25,120.65,120.99,100.0,0
G0013371,A00503,S005,2024-01-25,121.83,120.99,100.0,0
G0013372,A00504,S005,2024-01-25,119.38,120.99,100.0,0
G0013373,A00505,S005,2024-01-25,119.74,120.99,100.0,0
G0013374,A00506,S005,2024-01-25,120.36,120.99,100.0,0
G0013375,A00507,S005,2024-01-25,110.94,120.99,100.0,0
G0013376,A00508,S005,2024-01-25,110.32,120.99,100.0,0
G0013377,A00501,S005,2024-01-26,154.81,169.28,91.67,2
G0013378,A00502,S005,2024-01-26,169.24,169.28,100.0,0
G0013379,A00503,S005,2024-01-26,167.62,169.28,100.0,0
G0013380,A00504,S005,2024-01-26,167.4,169.28,100.0,0
G0013381,A00505,S005,2024-01-26,167.99,169.28,100.0,0
G0013382,A00506,S005,2024-01-26,167.3,169.28,100.0,0
G0013383,A00507,S005,2024-01-26,156.69,169.28,100.0,0
G0013384,A00508,S005,2024-01-26,167.58,169.28,100.0,0
G0013385,A00501,S005,2024-01-27,214.31,214.55,100.0,0
G0013386,A00502,S005,2024-01-27,178.17,214.55,83.33,4
G0013387,A00503,S005,2024-01-27,171.76,214.55,100.0,0
G0013388,A00504,S005,2024-01-27,213.14,214.55,100.0,0
G0013389,A00505,S005,2024-01-27,215.09,214.55,100.0,0
G0013390,A00506,S005,2024-01-27,216.15,214.55,100.0,0
G0013391,A00507,S005,2024-01-27,216.3,214.55,100.0,0
G0013392,A00508,S005,2024-01-27,169.94,214.55,100.0,0
G0013393,A00501,S005,2024-01-28,236.42,237.02,100.0,0
G0013394,A00502,S005,2024-01-28,235.15,237.02,100.0,0
G0013395,A00503,S005,2024-01-28,238.47,237.02,100.0,0
G0013396,A00504,S005,2024-01-28,238.69,237.02,100.0,0
G0013397,A00505,S005,2024-01-28,235.49,237.02,100.0,0
G0013398,A00506,S005,2024-01-28,235.51,237.02,100.0,0
G0013399,A00507,S005,2024-01-28,219.83,237.02,100.0,0
G0013400,A00508,S005,2024-01-28,235.68,237.02,100.0,0
G0013401,A00501,S005,2024-01-29,180.21,186.94,95.83,1
G0013402,A00502,S005,2024-01-29,124.5,186.94,66.67,8
G0013403,A00503,S005,2024-01-29,185.92,186.94,100.0,0
G0013404,A00504,S005,2024-01-29,157.36,186.94,83.33,4
G0013405,A00505,S005,2024-01-29,185.38,186.94,100.0,0
G0013406,A00506,S005,2024-01-29,188.11,186.94,100.0,0
G0013407,A00507,S005,2024-01-29,185.2,186.94,100.0,0
G0013408,A00508,S005,2024-01-29,186.12,186.94,100.0,0
G0013409,A00501,S005,2024-01-30,80.05,103.13,95.83,1
G0013410,A00502,S005,2024-01-30,99.31,103.13,95.83,1
G0013411,A00503,S005,2024-01-30,101.9,103.13,100.0,0
G0013412,A00504,S005,2024-01-30,101.19,103.13,100.0,0
G0013413,A00505,S005,2024-01-30,96.46,103.13,100.0,0
G0013414,A00506,S005,2024-01-30,104.81,103.13,100.0,0
G0013415,A00507,S005,2024-01-30,96.82,103.13,100.0,0
G0013416,A00508,S005,2024-01-30,102.45,103.13,100.0,0
G0013417,A00501,S005,2024-01-31,166.48,250.0,66.67,8
G0013418,A00502,S005,2024-01-31,123.53,250.0,50.0,12
G0013419,A00503,S005,2024-01-31,230.84,250.0,100.0,0
G0013420,A00504,S005,2024-01-31,251.05,250.0,100.0,0
G0013421,A00505,S005,2024-01-31,200.94,250.0,100.0,0
G0013422,A00506,S005,2024-01-31,250.01,250.0,100.0,0
G0013423,A00507,S005,2024-01-31,248.09,250.0,100.0,0
G0013424,A00508,S005,2024-01-31,229.42,250.0,91.67,2
G0013425,A00501,S005,2024-02-01,267.75,267.89,100.0,0
G0013426,A00502,S005,2024-02-01,267.99,267.89,100.0,0
G0013427,A00503,S005,2024-02-01,245.93,267.89,91.67,2
G0013428,A00504,S005,2024-02-01,267.48,267.89,100.0,0
G0013429,A00505,S005,2024-02-01,244.84,267.89,100.0,0
G0013430,A00506,S005,2024-02-01,266.8,267.89,100.0,0
G0013431,A00507,S005,2024-02-01,268.69,267.89,100.0,0
G0013432,A00508,S005,2024-02-01,269.55,267.89,100.0,0
G0013433,A00501,S005,2024-02-02,38.55,40.2,100.0,0
G0013434,A00502,S005,2024-02-02,32.74,40.2,100.0,0
G0013435,A00503,S005,2024-02-02,38.52,40.2,100.0,0
G0013436,A00504,S005,2024-02-02,33.8,40.2,100.0,0
G0013437,A00505,S005,2024-02-02,41.4,40.2,100.0,0
G0013438,A00506,S005,2024-02-02,40.86,40.2,100.0,0
G0013439,A00507,S005,2024-02-02,41.61,40.2,100.0,0
G0013440,A00508,S005,2024-02-02,42.0,40.2,100.0,0
G0013441,A00501,S005,2024-02-03,123.83,132.66,100.0,0
G0013442,A00502,S005,2024-02-03,85.32,132.66,100.0,0
G0013443,A00503,S005,2024-02-03,134.2,132.66,100.0,0
G0013444,A00504,S005,2024-02-03,134.41,132.66,100.0,0
G0013445,A00505,S005,2024-02-03,133.6,132.66,100.0,0
G0013446,A00506,S005,2024-02-03,132.48,132.66,100.0,0
G0013447,A00507,S005,2024-02-03,133.3,132.66,100.0,0
G0013448,A00508,S005,2024-02-03,134.66,132.66,100.0,0
G0013449,A00501,S005,2024-02-04,32.34,64.7,50.0,12
G0013450,A00502,S005,2024-02-04,66.08,64.7,100.0,0
G0013451,A00503,S005,2024-02-04,60.56,64.7,100.0,0
G0013452,A00504,S005,2024-02-04,66.09,64.7,100.0,0
G0013453,A00505,S005,2024-02-04,63.73,64.7,100.0,0
G0013454,A00506,S005,2024-02-04,63.52,64.7,100.0,0
G0013455,A00507,S005,2024-02-04,60.61,64.7,100.0,0
G0013456,A00508,S005,2024-02-04,66.12,64.7,100.0,0
G0013457,A00501,S005,2024-02-05,113.41,125.4,100.0,0
G0013458,A00502,S005,2024-02-05,113.97,125.4,100.0,0
G0013459,A00503,S005,2024-02-05,123.54,125.4,100.0,0
G0013460,A00504,S005,2024-02-05,124.68,125.4,100.0,0
G0013461,A00505,S005,2024-02-05,114.89,125.4,91.67,2
G0013462,A00506,S005,2024-02-05,125.69,125.4,100.0,0
G0013463,A00507,S005,2024-02-05,123.82,125.4,100.0,0
G0013464,A00508,S005,2024-02-05,127.36,125.4,100.0,0
G0013465,A00501,S005,2024-02-06,151.32,189.08,100.0,0
G0013466,A00502,S005,2024-02-06,189.44,189.08,100.0,0
G0013467,A00503,S005,2024-02-06,181.73,189.08,95.83,1
G0013468,A00504,S005,2024-02-06,151.8,189.08,100.0,0
G0013469,A00505,S005,2024-02-06,191.07,189.08,100.0,0
G0013470,A00506,S005,2024-02-06,172.19,189.08,100.0,0
G0013471,A00507,S005,2024-02-06,189.96,189.08,100.0,0
G0013472,A00508,S005,2024-02-06,189.11,189.08,100.0,0
G0013473,A00501,S005,2024-02-07,35.74,37.47,100.0,0
G0013474,A00502,S005,2024-02-07,29.34,37.47,100.0,0
G0013475,A00503,S005,2024-02-07,37.76,37.47,100.0,0
G0013476,A00504,S005,2024-02-07,37.61,37.47,100.0,0
G0013477,A00505,S005,2024-02-07,34.14,37.47,95.83,1
G0013478,A00506,S005,2024-02-07,29.07,37.47,100.0,0
G0013479,A00507,S005,2024-02-07,34.56,37.47,100.0,0
G0013480,A00508,S005,2024-02-07,39.31,37.47,100.0,0
G0013481,A00501,S005,2024-02-08,123.67,123.71,100.0,0
G0013482,A00502,S005,2024-02-08,121.95,123.71,100.0,0
G0013483,A00503,S005,2024-02-08,124.45,123.71,100.0,0
G0013484,A00504,S005,2024-02-08,122.13,123.71,100.0,0
G0013485,A00505,S005,2024-02-08,122.42,123.71,100.0,0
G0013486,A00506,S005,2024-02-08,124.0,123.71,100.0,0
G0013487,A00507,S005,2024-02-08,124.43,123.71,100.0,0
G0013488,A00508,S005,2024-02-08,124.43,123.71,100.0,0
G0013489,A00501,S005,2024-02-09,167.55,169.23,100.0,0
G0013490,A00502,S005,2024-02-09,169.41,169.23,100.0,0
G0013491,A00503,S005,2024-02-09,170.7,169.23,100.0,0
G0013492,A00504,S005,2024-02-09,168.87,169.23,100.0,0
G0013493,A00505,S005,2024-02-09,161.85,169.23,95.83,1
G0013494,A00506,S005,2024-02-09,170.09,169.23,100.0,0
G0013495,A00507,S005,2024-02-09,170.53,169.23,100.0,0
G0013496,A00508,S005,2024-02-09,154.33,169.23,91.67,2
G0013497,A00501,S005,2024-02-10,227.01,227.22,100.0,0
G0013498,A00502,S005,2024-02-10,227.12,227.22,100.0,0
G0013499,A00503,S005,2024-02-10,225.71,227.22,100.0,0
G0013500,A00504,S005,2024-02-10,210.2,227.22,91.67,2
G0013501,A00505,S005,2024-02-10,228.89,227.22,100.0,0
G0013502,A00506,S005,2024-02-10,199.01,227.22,95.83,1
G0013503,A00507,S005,2024-02-10,227.17,227.22,100.0,0
G0013504,A00508,S005,2024-02-10,229.04,227.22,100.0,0
G0013505,A00501,S005,2024-02-11,125.71,126.06,100.0,0
G0013506,A00502,S005,2024-02-11,125.21,126.06,100.0,0
G0013507,A00503,S005,2024-02-11,125.98,126.06,100.0,0
G0013508,A00504,S005,2024-02-11,100.17,126.06,100.0,0
G0013509,A00505,S005,2024-02-11,108.12,126.06,91.67,2
G0013510,A00506,S005,2024-02-11,101.0,126.06,100.0,0
G0013511,A00507,S005,2024-02-11,82.21,126.06,66.67,8
G0013512,A00508,S005,2024-02-11,114.34,126.06,100.0,0
G0013513,A00501,S005,2024-02-12,82.44,83.7,100.0,0
G0013514,A00502,S005,2024-02-12,85.46,83.7,100.0,0
G0013515,A00503,S005,2024-02-12,76.25,83.7,100.0,0
G0013516,A00504,S005,2024-02-12,82.99,83.7,100.0,0
G0013517,A00505,S005,2024-02-12,54.28,83.7,100.0,0
G0013518,A00506,S005,2024-02-12,85.62,83.7,100.0,0
G0013519,A00507,S005,2024-02-12,83.22,83.7,100.0,0
G0013520,A00508,S005,2024-02-12,84.24,83.7,100.0,0
G0013521,A00501,S005,2024-02-13,51.51,56.03,91.67,2
G0013522,A00502,S005,2024-02-13,55.4,56.03,100.0,0
G0013523,A00503,S005,2024-02-13,57.8,56.03,100.0,0
G0013524,A00504,S005,2024-02-13,56.08,56.03,100.0,0
G0013525,A00505,S005,2024-02-13,57.58,56.03,100.0,0
G0013526,A00506,S005,2024-02-13,55.06,56.03,95.83,1
G0013527,A00507,S005,2024-02-13,54.11,56.03,100.0,0
G0013528,A00508,S005,2024-02-13,57.21,56.03,100.0,0
G0013529,A00501,S005,2024-02-14,113.93,142.72,100.0,0
G0013530,A00502,S005,2024-02-14,141.27,142.72,100.0,0
G0013531,A00503,S005,2024-02-14,141.85,142.72,100.0,0
G0013532,A00504,S005,2024-02-14,144.67,142.72,100.0,0
G0013533,A00505,S005,2024-02-14,141.4,142.72,100.0,0
G0013534,A00506,S005,2024-02-14,142.54,142.72,100.0,0
G0013535,A00507,S005,2024-02-14,142.02,142.72,100.0,0
G0013536,A00508,S005,2024-02-14,142.61,142.72,100.0,0
G0013537,A00501,S005,2024-02-15,302.14,313.5,95.83,1
G0013538,A00502,S005,2024-02-15,313.88,313.5,100.0,0
G0013539,A00503,S005,2024-02-15,312.0,313.5,100.0,0
G0013540,A00504,S005,2024-02-15,249.91,313.5,100.0,0
G0013541,A00505,S005,2024-02-15,312.51,313.5,100.0,0
G0013542,A00506,S005,2024-02-15,314.41,313.5,100.0,0
G0013543,A00507,S005,2024-02-15,313.45,313.5,100.0,0
G0013544,A00508,S005,2024-02-15,287.7,313.5,100.0,0
G0013545,A00501,S005,2024-02-16,201.25,220.24,100.0,0
G0013546,A00502,S005,2024-02-16,203.35,220.24,91.67,2
G0013547,A00503,S005,2024-02-16,218.88,220.24,100.0,0
G0013548,A00504,S005,2024-02-16,176.88,220.24,100.0,0
G0013549,A00505,S005,2024-02-16,219.75,220.24,100.0,0
G0013550,A00506,S005,2024-02-16,136.61,220.24,95.83,1
G0013551,A00507,S005,2024-02-16,218.53,220.24,100.0,0
G0013552,A00508,S005,2024-02-16,220.27,220.24,100.0,0
G0013553,A00501,S005,2024-02-17,202.35,313.5,100.0,0
G0013554,A00502,S005,2024-02-17,298.88,313.5,95.83,1
G0013555,A00503,S005,2024-02-17,203.2,313.5,100.0,0
G0013556,A00504,S005,2024-02-17,314.28,313.5,100.0,0
G0013557,A00505,S005,2024-02-17,313.85,313.5,100.0,0
G0013558,A00506,S005,2024-02-17,311.61,313.5,100.0,0
G0013559,A00507,S005,2024-02-17,313.27,313.5,100.0,0
G0013560,A00508,S005,2024-02-17,312.9,313.5,100.0,0
G0013561,A00501,S005,2024-02-18,158.47,157.89,100.0,0
G0013562,A00502,S005,2024-02-18,156.64,157.89,100.0,0
G0013563,A00503,S005,2024-02-18,158.02,157.89,100.0,0
G0013564,A00504,S005,2024-02-18,158.65,157.89,100.0,0
G0013565,A00505,S005,2024-02-18,145.23,157.89,100.0,0
G0013566,A00506,S005,2024-02-18,159.8,157.89,100.0,0
G0013567,A00507,S005,2024-02-18,120.37,157.89,95.83,1
G0013568,A00508,S005,2024-02-18,150.7,157.89,95.83,1
G0013569,A00501,S005,2024-02-19,162.37,161.09,100.0,0
G0013570,A00502,S005,2024-02-19,161.7,161.09,100.0,0
G0013571,A00503,S005,2024-02-19,147.13,161.09,100.0,0
G0013572,A00504,S005,2024-02-19,160.58,161.09,100.0,0
G0013573,A00505,S005,2024-02-19,160.31,161.09,100.0,0
G0013574,A00506,S005,2024-02-19,162.0,161.09,100.0,0
G0013575,A00507,S005,2024-02-19,155.66,161.09,95.83,1
G0013576,A00508,S005,2024-02-19,146.18,161.09,91.67,2
G0013577,A00501,S005,2024-02-20,288.43,288.71,100.0,0
G0013578,A00502,S005,2024-02-20,240.17,288.71,83.33,4
G0013579,A00503,S005,2024-02-20,193.04,288.71,66.67,8
G0013580,A00504,S005,2024-02-20,289.21,288.71,100.0,0
G0013581,A00505,S005,2024-02-20,288.87,288.71,100.0,0
G0013582,A00506,S005,2024-02-20,264.69,288.71,91.67,2
G0013583,A00507,S005,2024-02-20,238.98,288.71,83.33,4
G0013584,A00508,S005,2024-02-20,289.83,288.71,100.0,0
G0013585,A00501,S005,2024-02-21,218.37,219.61,100.0,0
G0013586,A00502,S005,2024-02-21,219.39,219.61,100.0,0
G0013587,A00503,S005,2024-02-21,218.77,219.61,100.0,0
G0013588,A00504,S005,2024-02-21,202.69,219.61,100.0,0
G0013589,A00505,S005,2024-02-21,186.11,219.61,91.67,2
G0013590,A00506,S005,2024-02-21,203.17,219.61,100.0,0
G0013591,A00507,S005,2024-02-21,219.18,219.61,100.0,0
G0013592,A00508,S005,2024-02-21,202.69,219.61,100.0,0
G0013593,A00501,S005,2024-02-22,115.53,116.36,100.0,0
G0013594,A00502,S005,2024-02-22,116.01,116.36,100.0,0
G0013595,A00503,S005,2024-02-22,111.17,116.36,95.83,1
G0013596,A00504,S005,2024-02-22,105.26,116.36,91.67,2
G0013597,A00505,S005,2024-02-22,115.48,116.36,100.0,0
G0013598,A00506,S005,2024-02-22,117.44,116.36,100.0,0
G0013599,A00507,S005,2024-02-22,118.01,116.36,100.0,0
G0013600,A00508,S005,2024-02-22,116.19,116.36,100.0,0
G0013601,A00501,S005,2024-02-23,180.07,181.19,100.0,0
G0013602,A00502,S005,2024-02-23,182.68,181.19,100.0,0
G0013603,A00503,S005,2024-02-23,167.97,181.19,100.0,0
G0013604,A00504,S005,2024-02-23,182.24,181.19,100.0,0
G0013605,A00505,S005,2024-02-23,137.5,181.19,83.33,4
G0013606,A00506,S005,2024-02-23,180.01,181.19,100.0,0
G0013607,A00507,S005,2024-02-23,167.96,181.19,100.0,0
G0013608,A00508,S005,2024-02-23,179.58,181.19,100.0,0
G0013609,A00501,S005,2024-02-24,311.6,313.5,100.0,0
G0013610,A00502,S005,2024-02-24,313.83,313.5,100.0,0
G0013611,A00503,S005,2024-02-24,239.97,313.5,83.33,4
G0013612,A00504,S005,2024-02-24,315.39,313.5,100.0,0
G0013613,A00505,S005,2024-02-24,259.56,313.5,83.33,4
G0013614,A00506,S005,2024-02-24,312.61,313.5,100.0,0
G0013615,A00507,S005,2024-02-24,314.73,313.5,100.0,0
G0013616,A00508,S005,2024-02-24,288.35,313.5,100.0,0
G0013617,A00501,S005,2024-02-25,113.14,114.63,100.0,0
G0013618,A00502,S005,2024-02-25,105.41,114.63,91.67,2
G0013619,A00503,S005,2024-02-25,104.5,114.63,100.0,0
G0013620,A00504,S005,2024-02-25,92.88,114.63,100.0,0
G0013621,A00505,S005,2024-02-25,116.04,114.63,100.0,0
G0013622,A00506,S005,2024-02-25,74.1,114.63,100.0,0
G0013623,A00507,S005,2024-02-25,92.84,114.63,100.0,0
G0013624,A00508,S005,2024-02-25,114.57,114.63,100.0,0
G0013625,A00501,S005,2024-02-26,302.68,303.85,100.0,0
G0013626,A00502,S005,2024-02-26,302.7,303.85,100.0,0
G0013627,A00503,S005,2024-02-26,302.42,303.85,100.0,0
G0013628,A00504,S005,2024-02-26,302.54,303.85,100.0,0
G0013629,A00505,S005,2024-02-26,280.47,303.85,91.67,2
G0013630,A00506,S005,2024-02-26,278.25,303.85,91.67,2
G0013631,A00507,S005,2024-02-26,201.09,303.85,66.67,8
G0013632,A00508,S005,2024-02-26,290.86,303.85,95.83,1
G0013633,A00501,S005,2024-02-27,270.22,280.62,95.83,1
G0013634,A00502,S005,2024-02-27,278.67,280.62,100.0,0
G0013635,A00503,S005,2024-02-27,280.05,280.62,100.0,0
G0013636,A00504,S005,2024-02-27,279.12,280.62,100.0,0
G0013637,A00505,S005,2024-02-27,281.95,280.62,100.0,0
G0013638,A00506,S005,2024-02-27,269.19,280.62,95.83,1
G0013639,A00507,S005,2024-02-27,279.66,280.62,100.0,0
G0013640,A00508,S005,2024-02-27,279.22,280.62,100.0,0
G0013641,A00501,S005,2024-02-28,93.3,94.89,100.0,0
G0013642,A00502,S005,2024-02-28,76.76,94.89,100.0,0
G0013643,A00503,S005,2024-02-28,96.09,94.89,100.0,0
G0013644,A00504,S005,2024-02-28,55.84,94.89,91.67,2
G0013645,A00505,S005,2024-02-28,96.02,94.89,100.0,0
G0013646,A00506,S005,2024-02-28,87.69,94.89,91.67,2
G0013647,A00507,S005,2024-02-28,93.53,94.89,100.0,0
G0013648,A00508,S005,2024-02-28,95.34,94.89,100.0,0
G0013649,A00501,S005,2024-02-29,309.34,310.16,100.0,0
G0013650,A00502,S005,2024-02-29,199.77,310.16,100.0,0
G0013651,A00503,S005,2024-02-29,309.15,310.16,100.0,0
G0013652,A00504,S005,2024-02-29,238.76,310.16,95.83,1
G0013653,A00505,S005,2024-02-29,309.22,310.16,100.0,0
G0013654,A00506,S005,2024-02-29,311.15,310.16,100.0,0
G0013655,A00507,S005,2024-02-29,297.86,310.16,95.83,1
G0013656,A00508,S005,2024-02-29,208.08,310.16,66.67,8
G0013657,A00501,S005,2024-03-01,197.91,197.03,100.0,0
G0013658,A00502,S005,2024-03-01,195.22,197.03,100.0,0
G0013659,A00503,S005,2024-03-01,182.15,197.03,100.0,0
G0013660,A00504,S005,2024-03-01,196.47,197.03,100.0,0
G0013661,A00505,S005,2024-03-01,195.28,197.03,100.0,0
G0013662,A00506,S005,2024-03-01,198.74,197.03,100.0,0
G0013663,A00507,S005,2024-03-01,195.52,197.03,100.0,0
G0013664,A00508,S005,2024-03-01,196.17,197.03,100.0,0
G0013665,A00501,S005,2024-03-02,269.87,269.33,100.0,0
G0013666,A00502,S005,2024-03-02,226.34,269.33,83.33,4
G0013667,A00503,S005,2024-03-02,267.67,269.33,100.0,0
G0013668,A00504,S005,2024-03-02,249.44,269.33,100.0,0
G0013669,A00505,S005,2024-03-02,270.47,269.33,100.0,0
G0013670,A00506,S005,2024-03-02,268.27,269.33,100.0,0
G0013671,A00507,S005,2024-03-02,246.85,269.33,91.67,2
G0013672,A00508,S005,2024-03-02,268.69,269.33,100.0,0
G0013673,A00501,S005,2024-03-03,312.33,313.5,100.0,0
G0013674,A00502,S005,2024-03-03,312.8,313.5,100.0,0
G0013675,A00503,S005,2024-03-03,315.26,313.5,100.0,0
G0013676,A00504,S005,2024-03-03,311.52,313.5,100.0,0
G0013677,A00505,S005,2024-03-03,314.71,313.5,100.0,0
G0013678,A00506,S005,2024-03-03,312.45,313.5,100.0,0
G0013679,A00507,S005,2024-03-03,311.86,313.5,100.0,0
G0013680,A00508,S005,2024-03-03,313.3,313.5,100.0,0
G0013681,A00501,S005,2024-03-04,155.56,154.6,100.0,0
G0013682,A00502,S005,2024-03-04,102.41,154.6,100.0,0
G0013683,A00503,S005,2024-03-04,155.2,154.6,100.0,0
G0013684,A00504,S005,2024-03-04,154.84,154.6,100.0,0
G0013685,A00505,S005,2024-03-04,155.22,154.6,100.0,0
G0013686,A00506,S005,2024-03-04,142.01,154.6,100.0,0
G0013687,A00507,S005,2024-03-04,153.64,154.6,100.0,0
G0013688,A00508,S005,2024-03-04,142.32,154.6,100.0,0
G0013689,A00501,S005,2024-03-05,272.6,271.76,100.0,0
G0013690,A00502,S005,2024-03-05,208.61,271.76,83.33,4
G0013691,A00503,S005,2024-03-05,228.18,271.76,91.67,2
G0013692,A00504,S005,2024-03-05,271.9,271.76,100.0,0
G0013693,A00505,S005,2024-03-05,272.8,271.76,100.0,0
G0013694,A00506,S005,2024-03-05,271.81,271.76,100.0,0
G0013695,A00507,S005,2024-03-05,273.41,271.76,100.0,0
G0013696,A00508,S005,2024-03-05,260.08,271.76,95.83,1
G0013697,A00501,S005,2024-03-06,313.45,313.5,100.0,0
G0013698,A00502,S005,2024-03-06,314.12,313.5,100.0,0
G0013699,A00503,S005,2024-03-06,259.32,313.5,83.33,4
G0013700,A00504,S005,2024-03-06,202.33,313.5,100.0,0
G0013701,A00505,S005,2024-03-06,314.28,313.5,100.0,0
G0013702,A00506,S005,2024-03-06,315.15,313.5,100.0,0
G0013703,A00507,S005,2024-03-06,313.4,313.5,100.0,0
G0013704,A00508,S005,2024-03-06,314.76,313.5,100.0,0
G0013705,A00501,S005,2024-03-07,170.36,169.38,100.0,0
G0013706,A00502,S005,2024-03-07,154.95,169.38,91.67,2
G0013707,A00503,S005,2024-03-07,170.14,169.38,100.0,0
G0013708,A00504,S005,2024-03-07,168.97,169.38,100.0,0
G0013709,A00505,S005,2024-03-07,169.03,169.38,100.0,0
G0013710,A00506,S005,2024-03-07,154.09,169.38,100.0,0
G0013711,A00507,S005,2024-03-07,162.84,169.38,95.83,1
G0013712,A00508,S005,2024-03-07,163.58,169.38,95.83,1
G0013713,A00501,S005,2024-03-08,313.45,313.5,100.0,0
G0013714,A00502,S005,2024-03-08,313.61,313.5,100.0,0
G0013715,A00503,S005,2024-03-08,301.0,313.5,95.83,1
G0013716,A00504,S005,2024-03-08,289.16,313.5,100.0,0
G0013717,A00505,S005,2024-03-08,314.1,313.5,100.0,0
G0013718,A00506,S005,2024-03-08,313.94,313.5,100.0,0
G0013719,A00507,S005,2024-03-08,311.94,313.5,100.0,0
G0013720,A00508,S005,2024-03-08,250.89,313.5,100.0,0
G0013721,A00501,S005,2024-03-09,129.85,131.17,100.0,0
G0013722,A00502,S005,2024-03-09,132.27,131.17,100.0,0
G0013723,A00503,S005,2024-03-09,129.28,131.17,100.0,0
G0013724,A00504,S005,2024-03-09,130.52,131.17,100.0,0
G0013725,A00505,S005,2024-03-09,105.59,131.17,100.0,0
G0013726,A00506,S005,2024-03-09,132.87,131.17,100.0,0
G0013727,A00507,S005,2024-03-09,108.05,131.17,83.33,4
G0013728,A00508,S005,2024-03-09,119.92,131.17,100.0,0
G0013729,A00501,S005,2024-03-10,86.16,85.66,100.0,0
G0013730,A00502,S005,2024-03-10,86.29,85.66,100.0,0
G0013731,A00503,S005,2024-03-10,84.35,85.66,100.0,0
G0013732,A00504,S005,2024-03-10,79.13,85.66,100.0,0
G0013733,A00505,S005,2024-03-10,84.32,85.66,100.0,0
G0013734,A00506,S005,2024-03-10,87.37,85.66,100.0,0
G0013735,A00507,S005,2024-03-10,85.8,85.66,100.0,0
G0013736,A00508,S005,2024-03-10,76.83,85.66,91.67,2
G0013737,A00501,S005,2024-03-11,131.46,131.69,100.0,0
G0013738,A00502,S005,2024-03-11,133.2,131.69,100.0,0
G0013739,A00503,S005,2024-03-11,132.08,131.69,100.0,0
G0013740,A00504,S005,2024-03-11,130.28,131.69,100.0,0
G0013741,A00505,S005,2024-03-11,133.06,131.69,100.0,0
G0013742,A00506,S005,2024-03-11,132.87,131.69,100.0,0
G0013743,A00507,S005,2024-03-11,107.01,131.69,100.0,0
G0013744,A00508,S005,2024-03-11,121.66,131.69,100.0,0
G0013745,A00501,S005,2024-03-12,191.48,295.01,100.0,0
G0013746,A00502,S005,2024-03-12,294.34,295.01,100.0,0
G0013747,A00503,S005,2024-03-12,296.59,295.01,100.0,0
G0013748,A00504,S005,2024-03-12,296.57,295.01,100.0,0
G0013749,A00505,S005,2024-03-12,294.84,295.01,100.0,0
G0013750,A00506,S005,2024-03-12,273.12,295.01,100.0,0
G0013751,A00507,S005,2024-03-12,295.52,295.01,100.0,0
G0013752,A00508,S005,2024-03-12,294.64,295.01,100.0,0
G0013753,A00501,S005,2024-03-13,312.22,313.5,100.0,0
G0013754,A00502,S005,2024-03-13,312.68,313.5,100.0,0
G0013755,A00503,S005,2024-03-13,313.83,313.5,100.0,0
G0013756,A00504,S005,2024-03-13,300.04,313.5,95.83,1
G0013757,A00505,S005,2024-03-13,311.97,313.5,100.0,0
G0013758,A00506,S005,2024-03-13,314.82,313.5,100.0,0
G0013759,A00507,S005,2024-03-13,251.99,313.5,100.0,0
G0013760,A00508,S005,2024-03-13,313.11,313.5,100.0,0
G0013761,A00501,S005,2024-03-14,222.39,266.55,83.33,4
G0013762,A00502,S005,2024-03-14,266.22,266.55,100.0,0
G0013763,A00503,S005,2024-03-14,215.15,266.55,100.0,0
G0013764,A00504,S005,2024-03-14,267.35,266.55,100.0,0
G0013765,A00505,S005,2024-03-14,266.49,266.55,100.0,0
G0013766,A00506,S005,2024-03-14,266.14,266.55,100.0,0
G0013767,A00507,S005,2024-03-14,265.17,266.55,100.0,0
G0013768,A00508,S005,2024-03-14,264.73,266.55,100.0,0
G0013769,A00501,S005,2024-03-15,213.71,214.62,100.0,0
G0013770,A00502,S005,2024-03-15,212.95,214.62,100.0,0
G0013771,A00503,S005,2024-03-15,207.25,214.62,95.83,1
G0013772,A00504,S005,2024-03-15,215.49,214.62,100.0,0
G0013773,A00505,S005,2024-03-15,215.05,214.62,100.0,0
G0013774,A00506,S005,2024-03-15,197.36,214.62,91.67,2
G0013775,A00507,S005,2024-03-15,214.18,214.62,100.0,0
G0013776,A00508,S005,2024-03-15,215.93,214.62,100.0,0
G0013777,A00501,S005,2024-03-16,161.88,160.4,100.0,0
G0013778,A00502,S005,2024-03-16,129.57,160.4,100.0,0
G0013779,A00503,S005,2024-03-16,161.72,160.4,100.0,0
G0013780,A00504,S005,2024-03-16,147.01,160.4,91.67,2
G0013781,A00505,S005,2024-03-16,160.51,160.4,100.0,0
G0013782,A00506,S005,2024-03-16,146.78,160.4,100.0,0
G0013783,A00507,S005,2024-03-16,159.86,160.4,100.0,0
G0013784,A00508,S005,2024-03-16,158.58,160.4,100.0,0
G0013785,A00501,S005,2024-03-17,71.91,90.02,100.0,0
G0013786,A00502,S005,2024-03-17,91.87,90.02,100.0,0
G0013787,A00503,S005,2024-03-17,88.41,90.02,100.0,0
G0013788,A00504,S005,2024-03-17,90.0,90.02,100.0,0
G0013789,A00505,S005,2024-03-17,90.68,90.02,100.0,0
G0013790,A00506,S005,2024-03-17,91.29,90.02,100.0,0
G0013791,A00507,S005,2024-03-17,86.58,90.02,95.83,1
G0013792,A00508,S005,2024-03-17,89.34,90.02,100.0,0
G0013793,A00501,S005,2024-03-18,213.63,212.22,100.0,0
G0013794,A00502,S005,2024-03-18,178.47,212.22,83.33,4
G0013795,A00503,S005,2024-03-18,196.23,212.22,100.0,0
G0013796,A00504,S005,2024-03-18,213.21,212.22,100.0,0
G0013797,A00505,S005,2024-03-18,213.57,212.22,100.0,0
G0013798,A00506,S005,2024-03-18,212.87,212.22,100.0,0
G0013799,A00507,S005,2024-03-18,212.49,212.22,100.0,0
G0013800,A00508,S005,2024-03-18,213.13,212.22,100.0,0
G0013801,A00501,S005,2024-03-19,286.02,287.64,100.0,0
G0013802,A00502,S005,2024-03-19,265.12,287.64,100.0,0
G0013803,A00503,S005,2024-03-19,263.52,287.64,100.0,0
G0013804,A00504,S005,2024-03-19,287.45,287.64,100.0,0
G0013805,A00505,S005,2024-03-19,288.62,287.64,100.0,0
G0013806,A00506,S005,2024-03-19,265.41,287.64,100.0,0
G0013807,A00507,S005,2024-03-19,289.22,287.64,100.0,0
G0013808,A00508,S005,2024-03-19,288.44,287.64,100.0,0
G0013809,A00501,S005,2024-03-20,41.0,39.21,100.0,0
G0013810,A00502,S005,2024-03-20,38.2,39.21,100.0,0
G0013811,A00503,S005,2024-03-20,39.91,39.21,100.0,0
G0013812,A00504,S005,2024-03-20,37.59,39.21,100.0,0
G0013813,A00505,S005,2024-03-20,39.65,39.21,100.0,0
G0013814,A00506,S005,2024-03-20,38.84,39.21,100.0,0
G0013815,A00507,S005,2024-03-20,23.96,39.21,100.0,0
G0013816,A00508,S005,2024-03-20,35.56,39.21,100.0,0
G0013817,A00501,S005,2024-03-21,201.54,200.7,100.0,0
G0013818,A00502,S005,2024-03-21,133.87,200.7,66.67,8
G0013819,A00503,S005,2024-03-21,202.59,200.7,100.0,0
G0013820,A00504,S005,2024-03-21,200.81,200.7,100.0,0
G0013821,A00505,S005,2024-03-21,200.75,200.7,100.0,0
G0013822,A00506,S005,2024-03-21,202.42,200.7,100.0,0
G0013823,A00507,S005,2024-03-21,182.99,200.7,91.67,2
G0013824,A00508,S005,2024-03-21,119.54,200.7,91.67,2
G0013825,A00501,S005,2024-03-22,315.33,313.5,100.0,0
G0013826,A00502,S005,2024-03-22,289.73,313.5,100.0,0
G0013827,A00503,S005,2024-03-22,314.86,313.5,100.0,0
G0013828,A00504,S005,2024-03-22,287.2,313.5,100.0,0
G0013829,A00505,S005,2024-03-22,314.87,313.5,100.0,0
G0013830,A00506,S005,2024-03-22,313.75,313.5,100.0,0
G0013831,A00507,S005,2024-03-22,311.83,313.5,100.0,0
G0013832,A00508,S005,2024-03-22,311.86,313.5,100.0,0
G0013833,A00501,S005,2024-03-23,77.08,94.91,100.0,0
G0013834,A00502,S005,2024-03-23,94.52,94.91,100.0,0
G0013835,A00503,S005,2024-03-23,96.09,94.91,100.0,0
G0013836,A00504,S005,2024-03-23,94.88,94.91,100.0,0
G0013837,A00505,S005,2024-03-23,96.86,94.91,100.0,0
G0013838,A00506,S005,2024-03-23,95.58,94.91,100.0,0
G0013839,A00507,S005,2024-03-23,96.0,94.91,100.0,0
G0013840,A00508,S005,2024-03-23,73.19,94.91,95.83,1
G0013841,A00501,S005,2024-03-24,165.93,206.81,100.0,0
G0013842,A00502,S005,2024-03-24,206.89,206.81,100.0,0
G0013843,A00503,S005,2024-03-24,205.93,206.81,100.0,0
G0013844,A00504,S005,2024-03-24,166.05,206.81,100.0,0
G0013845,A00505,S005,2024-03-24,206.32,206.81,100.0,0
G0013846,A00506,S005,2024-03-24,196.62,206.81,95.83,1
G0013847,A00507,S005,2024-03-24,165.46,206.81,100.0,0
G0013848,A00508,S005,2024-03-24,198.3,206.81,95.83,1
G0013849,A00501,S005,2024-03-25,41.57,51.82,83.33,4
G0013850,A00502,S005,2024-03-25,50.75,51.82,100.0,0
G0013851,A00503,S005,2024-03-25,52.18,51.82,100.0,0
G0013852,A00504,S005,2024-03-25,51.82,51.82,100.0,0
G0013853,A00505,S005,2024-03-25,50.09,51.82,100.0,0
G0013854,A00506,S005,2024-03-25,50.08,51.82,100.0,0
G0013855,A00507,S005,2024-03-25,51.33,51.82,100.0,0
G0013856,A00508,S005,2024-03-25,52.06,51.82,100.0,0
G0013857,A00501,S005,2024-03-26,48.69,47.31,100.0,0
G0013858,A00502,S005,2024-03-26,39.08,47.31,83.33,4
G0013859,A00503,S005,2024-03-26,49.0,47.31,100.0,0
G0013860,A00504,S005,2024-03-26,48.01,47.31,100.0,0
G0013861,A00505,S005,2024-03-26,49.01,47.31,100.0,0
G0013862,A00506,S005,2024-03-26,45.87,47.31,100.0,0
G0013863,A00507,S005,2024-03-26,47.42,47.31,100.0,0
G0013864,A00508,S005,2024-03-26,47.87,47.31,100.0,0
G0013865,A00501,S005,2024-03-27,198.54,217.79,100.0,0
G0013866,A00502,S005,2024-03-27,218.25,217.79,100.0,0
G0013867,A00503,S005,2024-03-27,219.27,217.79,100.0,0
G0013868,A00504,S005,2024-03-27,218.0,217.79,100.0,0
G0013869,A00505,S005,2024-03-27,218.16,217.79,100.0,0
G0013870,A00506,S005,2024-03-27,174.79,217.79,100.0,0
G0013871,A00507,S005,2024-03-27,216.47,217.79,100.0,0
G0013872,A00508,S005,2024-03-27,218.74,217.79,100.0,0
G0013873,A00501,S005,2024-03-28,233.69,232.1,100.0,0
G0013874,A00502,S005,2024-03-28,210.98,232.1,91.67,2
G0013875,A00503,S005,2024-03-28,186.94,232.1,100.0,0
G0013876,A00504,S005,2024-03-28,154.83,232.1,66.67,8
G0013877,A00505,S005,2024-03-28,233.11,232.1,100.0,0
G0013878,A00506,S005,2024-03-28,231.41,232.1,100.0,0
G0013879,A00507,S005,2024-03-28,233.87,232.1,100.0,0
G0013880,A00508,S005,2024-03-28,231.37,232.1,100.0,0
G0013881,A00501,S005,2024-03-29,145.68,145.06,100.0,0
G0013882,A00502,S005,2024-03-29,133.27,145.06,100.0,0
G0013883,A00503,S005,2024-03-29,144.56,145.06,100.0,0
G0013884,A00504,S005,2024-03-29,144.28,145.06,100.0,0
G0013885,A00505,S005,2024-03-29,146.45,145.06,100.0,0
G0013886,A00506,S005,2024-03-29,143.84,145.06,100.0,0
G0013887,A00507,S005,2024-03-29,147.06,145.06,100.0,0
G0013888,A00508,S005,2024-03-29,145.62,145.06,100.0,0
G0013889,A00501,S005,2024-03-30,241.3,261.77,100.0,0
G0013890,A00502,S005,2024-03-30,260.88,261.77,100.0,0
G0013891,A00503,S005,2024-03-30,241.98,261.77,100.0,0
G0013892,A00504,S005,2024-03-30,262.48,261.77,100.0,0
G0013893,A00505,S005,2024-03-30,208.86,261.77,100.0,0
G0013894,A00506,S005,2024-03-30,239.15,261.77,91.67,2
G0013895,A00507,S005,2024-03-30,211.08,261.77,100.0,0
G0013896,A00508,S005,2024-03-30,262.49,261.77,100.0,0
G0013897,A00501,S005,2024-03-31,165.7,165.98,100.0,0
G0013898,A00502,S005,2024-03-31,166.24,165.98,100.0,0
G0013899,A00503,S005,2024-03-31,165.0,165.98,100.0,0
G0013900,A00504,S005,2024-03-31,166.83,165.98,100.0,0
G0013901,A00505,S005,2024-03-31,166.89,165.98,100.0,0
G0013902,A00506,S005,2024-03-31,165.85,165.98,100.0,0
G0013903,A00507,S005,2024-03-31,153.06,165.98,91.67,2
G0013904,A00508,S005,2024-03-31,166.61,165.98,100.0,0
G0013905,A00501,S005,2024-04-01,176.95,177.26,100.0,0
G0013906,A00502,S005,2024-04-01,176.96,177.26,100.0,0
G0013907,A00503,S005,2024-04-01,178.93,177.26,100.0,0
G0013908,A00504,S005,2024-04-01,170.7,177.26,95.83,1
G0013909,A00505,S005,2024-04-01,175.54,177.26,100.0,0
G0013910,A00506,S005,2024-04-01,175.62,177.26,100.0,0
G0013911,A00507,S005,2024-04-01,164.52,177.26,100.0,0
G0013912,A00508,S005,2024-04-01,168.48,177.26,95.83,1
G0013913,A00501,S005,2024-04-02,111.78,117.23,95.83,1
G0013914,A00502,S005,2024-04-02,118.16,117.23,100.0,0
G0013915,A00503,S005,2024-04-02,118.68,117.23,100.0,0
G0013916,A00504,S005,2024-04-02,94.56,117.23,100.0,0
G0013917,A00505,S005,2024-04-02,115.67,117.23,100.0,0
G0013918,A00506,S005,2024-04-02,116.4,117.23,100.0,0
G0013919,A00507,S005,2024-04-02,116.04,117.23,100.0,0
G0013920,A00508,S005,2024-04-02,115.74,117.23,100.0,0
G0013921,A00501,S005,2024-04-03,127.83,127.4,100.0,0
G0013922,A00502,S005,2024-04-03,118.74,127.4,91.67,2
G0013923,A00503,S005,2024-04-03,79.89,127.4,95.83,1
G0013924,A00504,S005,2024-04-03,126.13,127.4,100.0,0
G0013925,A00505,S005,2024-04-03,120.24,127.4,95.83,1
G0013926,A00506,S005,2024-04-03,126.56,127.4,100.0,0
G0013927,A00507,S005,2024-04-03,125.98,127.4,100.0,0
G0013928,A00508,S005,2024-04-03,115.56,127.4,100.0,0
G0013929,A00501,S005,2024-04-04,312.81,313.5,100.0,0
G0013930,A00502,S005,2024-04-04,312.28,313.5,100.0,0
G0013931,A00503,S005,2024-04-04,314.57,313.5,100.0,0
G0013932,A00504,S005,2024-04-04,313.79,313.5,100.0,0
G0013933,A00505,S005,2024-04-04,204.25,313.5,100.0,0
G0013934,A00506,S005,2024-04-04,285.52,313.5,91.67,2
G0013935,A00507,S005,2024-04-04,287.73,313.5,100.0,0
G0013936,A00508,S005,2024-04-04,312.82,313.5,100.0,0
G0013937,A00501,S005,2024-04-05,108.51,122.15,95.83,1
G0013938,A00502,S005,2024-04-05,122.19,122.15,100.0,0
G0013939,A00503,S005,2024-04-05,113.03,122.15,100.0,0
G0013940,A00504,S005,2024-04-05,111.22,122.15,91.67,2
G0013941,A00505,S005,2024-04-05,79.5,122.15,66.67,8
G0013942,A00506,S005,2024-04-05,113.74,122.15,100.0,0
G0013943,A00507,S005,2024-04-05,123.08,122.15,100.0,0
G0013944,A00508,S005,2024-04-05,110.48,122.15,100.0,0
G0013945,A00501,S005,2024-04-06,192.44,240.96,100.0,0
G0013946,A00502,S005,2024-04-06,242.64,240.96,100.0,0
G0013947,A00503,S005,2024-04-06,191.13,240.96,100.0,0
G0013948,A00504,S005,2024-04-06,162.43,240.96,66.67,8
G0013949,A00505,S005,2024-04-06,240.09,240.96,100.0,0
G0013950,A00506,S005,2024-04-06,242.34,240.96,100.0,0
G0013951,A00507,S005,2024-04-06,222.83,240.96,91.67,2
G0013952,A00508,S005,2024-04-06,239.27,240.96,100.0,0
G0013953,A00501,S005,2024-04-07,180.39,180.25,100.0,0
G0013954,A00502,S005,2024-04-07,149.44,180.25,83.33,4
G0013955,A00503,S005,2024-04-07,179.39,180.25,100.0,0
G0013956,A00504,S005,2024-04-07,180.49,180.25,100.0,0
G0013957,A00505,S005,2024-04-07,166.59,180.25,100.0,0
G0013958,A00506,S005,2024-04-07,181.99,180.25,100.0,0
G0013959,A00507,S005,2024-04-07,167.16,180.25,91.67,2
G0013960,A00508,S005,2024-04-07,179.68,180.25,100.0,0
G0013961,A00501,S005,2024-04-08,252.98,254.07,100.0,0
G0013962,A00502,S005,2024-04-08,254.96,254.07,100.0,0
G0013963,A00503,S005,2024-04-08,252.63,254.07,100.0,0
G0013964,A00504,S005,2024-04-08,253.42,254.07,100.0,0
G0013965,A00505,S005,2024-04-08,169.88,254.07,66.67,8
G0013966,A00506,S005,2024-04-08,255.63,254.07,100.0,0
G0013967,A00507,S005,2024-04-08,243.38,254.07,95.83,1
G0013968,A00508,S005,2024-04-08,255.82,254.07,100.0,0
G0013969,A00501,S005,2024-04-09,124.31,123.25,100.0,0
G0013970,A00502,S005,2024-04-09,124.52,123.25,100.0,0
G0013971,A00503,S005,2024-04-09,118.42,123.25,95.83,1
G0013972,A00504,S005,2024-04-09,113.87,123.25,100.0,0
G0013973,A00505,S005,2024-04-09,122.21,123.25,100.0,0
G0013974,A00506,S005,2024-04-09,123.33,123.25,100.0,0
G0013975,A00507,S005,2024-04-09,121.65,123.25,100.0,0
G0013976,A00508,S005,2024-04-09,122.67,123.25,100.0,0
G0013977,A00501,S005,2024-04-10,141.49,142.86,100.0,0
G0013978,A00502,S005,2024-04-10,141.14,142.86,100.0,0
G0013979,A00503,S005,2024-04-10,143.97,142.86,100.0,0
G0013980,A00504,S005,2024-04-10,141.63,142.86,100.0,0
G0013981,A00505,S005,2024-04-10,129.66,142.86,100.0,0
G0013982,A00506,S005,2024-04-10,141.88,142.86,100.0,0
G0013983,A00507,S005,2024-04-10,141.42,142.86,100.0,0
G0013984,A00508,S005,2024-04-10,144.76,142.86,100.0,0
G0013985,A00501,S005,2024-04-11,134.03,135.27,100.0,0
G0013986,A00502,S005,2024-04-11,134.04,135.27,100.0,0
G0013987,A00503,S005,2024-04-11,133.77,135.27,100.0,0
G0013988,A00504,S005,2024-04-11,134.35,135.27,100.0,0
G0013989,A00505,S005,2024-04-11,129.8,135.27,95.83,1
G0013990,A00506,S005,2024-04-11,137.07,135.27,100.0,0
G0013991,A00507,S005,2024-04-11,136.45,135.27,100.0,0
G0013992,A00508,S005,2024-04-11,134.31,135.27,100.0,0
G0013993,A00501,S005,2024-04-12,200.16,241.98,83.33,4
G0013994,A00502,S005,2024-04-12,240.72,241.98,100.0,0
G0013995,A00503,S005,2024-04-12,243.09,241.98,100.0,0
G0013996,A00504,S005,2024-04-12,243.81,241.98,100.0,0
G0013997,A00505,S005,2024-04-12,231.6,241.98,95.83,1
G0013998,A00506,S005,2024-04-12,242.82,241.98,100.0,0
G0013999,A00507,S005,2024-04-12,241.87,241.98,100.0,0
G0014000,A00508,S005,2024-04-12,241.63,241.98,100.0,0
G0014001,A00501,S005,2024-04-13,81.88,88.02,100.0,0
G0014002,A00502,S005,2024-04-13,86.93,88.02,100.0,0
G0014003,A00503,S005,2024-04-13,84.35,88.02,95.83,1
G0014004,A00504,S005,2024-04-13,89.4,88.02,100.0,0
G0014005,A00505,S005,2024-04-13,89.74,88.02,100.0,0
G0014006,A00506,S005,2024-04-13,89.0,88.02,100.0,0
G0014007,A00507,S005,2024-04-13,69.75,88.02,100.0,0
G0014008,A00508,S005,2024-04-13,86.51,88.02,100.0,0
G0014009,A00501,S005,2024-04-14,205.29,203.61,100.0,0
G0014010,A00502,S005,2024-04-14,187.03,203.61,100.0,0
G0014011,A00503,S005,2024-04-14,195.72,203.61,95.83,1
G0014012,A00504,S005,2024-04-14,163.92,203.61,100.0,0
G0014013,A00505,S005,2024-04-14,204.16,203.61,100.0,0
G0014014,A00506,S005,2024-04-14,204.15,203.61,100.0,0
G0014015,A00507,S005,2024-04-14,135.04,203.61,66.67,8
G0014016,A00508,S005,2024-04-14,205.58,203.61,100.0,0
G0014017,A00501,S005,2024-04-15,126.47,128.17,100.0,0
G0014018,A00502,S005,2024-04-15,119.15,128.17,100.0,0
G0014019,A00503,S005,2024-04-15,102.17,128.17,100.0,0
G0014020,A00504,S005,2024-04-15,108.2,128.17,83.33,4
G0014021,A00505,S005,2024-04-15,105.39,128.17,83.33,4
G0014022,A00506,S005,2024-04-15,104.44,128.17,100.0,0
G0014023,A00507,S005,2024-04-15,127.24,128.17,100.0,0
G0014024,A00508,S005,2024-04-15,129.9,128.17,100.0,0
G0014025,A00501,S005,2024-04-16,175.24,176.39,100.0,0
G0014026,A00502,S005,2024-04-16,177.03,176.39,100.0,0
G0014027,A00503,S005,2024-04-16,176.29,176.39,100.0,0
G0014028,A00504,S005,2024-04-16,178.08,176.39,100.0,0
G0014029,A00505,S005,2024-04-16,174.97,176.39,100.0,0
G0014030,A00506,S005,2024-04-16,167.17,176.39,95.83,1
G0014031,A00507,S005,2024-04-16,178.14,176.39,100.0,0
G0014032,A00508,S005,2024-04-16,174.9,176.39,100.0,0
G0014033,A00501,S005,2024-04-17,107.91,112.58,95.83,1
G0014034,A00502,S005,2024-04-17,114.57,112.58,100.0,0
G0014035,A00503,S005,2024-04-17,113.35,112.58,100.0,0
G0014036,A00504,S005,2024-04-17,109.39,112.58,95.83,1
G0014037,A00505,S005,2024-04-17,113.85,112.58,100.0,0
G0014038,A00506,S005,2024-04-17,110.73,112.58,100.0,0
G0014039,A00507,S005,2024-04-17,108.19,112.58,95.83,1
G0014040,A00508,S005,2024-04-17,112.05,112.58,100.0,0
G0014041,A00501,S005,2024-04-18,302.29,303.21,100.0,0
G0014042,A00502,S005,2024-04-18,244.26,303.21,100.0,0
G0014043,A00503,S005,2024-04-18,301.77,303.21,100.0,0
G0014044,A00504,S005,2024-04-18,301.5,303.21,100.0,0
G0014045,A00505,S005,2024-04-18,304.93,303.21,100.0,0
G0014046,A00506,S005,2024-04-18,301.69,303.21,100.0,0
G0014047,A00507,S005,2024-04-18,301.23,303.21,100.0,0
G0014048,A00508,S005,2024-04-18,244.22,303.21,100.0,0
G0014049,A00501,S005,2024-04-19,116.47,115.41,100.0,0
G0014050,A00502,S005,2024-04-19,91.75,115.41,100.0,0
G0014051,A00503,S005,2024-04-19,115.82,115.41,100.0,0
G0014052,A00504,S005,2024-04-19,91.74,115.41,100.0,0
G0014053,A00505,S005,2024-04-19,107.22,115.41,100.0,0
G0014054,A00506,S005,2024-04-19,115.28,115.41,100.0,0
G0014055,A00507,S005,2024-04-19,104.38,115.41,100.0,0
G0014056,A00508,S005,2024-04-19,97.99,115.41,83.33,4
G0014057,A00501,S005,2024-04-20,157.63,165.69,95.83,1
G0014058,A00502,S005,2024-04-20,166.19,165.69,100.0,0
G0014059,A00503,S005,2024-04-20,165.41,165.69,100.0,0
G0014060,A00504,S005,2024-04-20,163.78,165.69,100.0,0
G0014061,A00505,S005,2024-04-20,164.66,165.69,100.0,0
G0014062,A00506,S005,2024-04-20,167.42,165.69,100.0,0
G0014063,A00507,S005,2024-04-20,153.63,165.69,91.67,2
G0014064,A00508,S005,2024-04-20,165.55,165.69,100.0,0
G0014065,A00501,S005,2024-04-21,70.71,71.33,100.0,0
G0014066,A00502,S005,2024-04-21,72.87,71.33,100.0,0
G0014067,A00503,S005,2024-04-21,70.13,71.33,100.0,0
G0014068,A00504,S005,2024-04-21,71.52,71.33,100.0,0
G0014069,A00505,S005,2024-04-21,56.25,71.33,100.0,0
G0014070,A00506,S005,2024-04-21,56.88,71.33,100.0,0
G0014071,A00507,S005,2024-04-21,72.73,71.33,100.0,0
G0014072,A00508,S005,2024-04-21,72.73,71.33,100.0,0
G0014073,A00501,S005,2024-04-22,57.65,59.07,100.0,0
G0014074,A00502,S005,2024-04-22,59.63,59.07,100.0,0
G0014075,A00503,S005,2024-04-22,60.45,59.07,100.0,0
G0014076,A00504,S005,2024-04-22,58.2,59.07,95.83,1
G0014077,A00505,S005,2024-04-22,57.26,59.07,100.0,0
G0014078,A00506,S005,2024-04-22,53.57,59.07,100.0,0
G0014079,A00507,S005,2024-04-22,59.72,59.07,100.0,0
G0014080,A00508,S005,2024-04-22,57.41,59.07,100.0,0
G0014081,A00501,S005,2024-04-23,140.79,139.32,100.0,0
G0014082,A00502,S005,2024-04-23,107.4,139.32,83.33,4
G0014083,A00503,S005,2024-04-23,140.04,139.32,100.0,0
G0014084,A00504,S005,2024-04-23,140.22,139.32,100.0,0
G0014085,A00505,S005,2024-04-23,140.74,139.32,100.0,0
G0014086,A00506,S005,2024-04-23,127.81,139.32,100.0,0
G0014087,A00507,S005,2024-04-23,140.24,139.32,100.0,0
G0014088,A00508,S005,2024-04-23,140.54,139.32,100.0,0
G0014089,A00501,S005,2024-04-24,51.7,55.39,100.0,0
G0014090,A00502,S005,2024-04-24,56.24,55.39,100.0,0
G0014091,A00503,S005,2024-04-24,55.0,55.39,100.0,0
G0014092,A00504,S005,2024-04-24,57.01,55.39,100.0,0
G0014093,A00505,S005,2024-04-24,57.36,55.39,100.0,0
G0014094,A00506,S005,2024-04-24,53.61,55.39,100.0,0
G0014095,A00507,S005,2024-04-24,55.34,55.39,100.0,0
G0014096,A00508,S005,2024-04-24,55.44,55.39,100.0,0
G0014097,A00501,S005,2024-04-25,223.25,222.58,100.0,0
G0014098,A00502,S005,2024-04-25,221.02,222.58,100.0,0
G0014099,A00503,S005,2024-04-25,224.39,222.58,100.0,0
G0014100,A00504,S005,2024-04-25,222.33,222.58,100.0,0
G0014101,A00505,S005,2024-04-25,221.59,222.58,100.0,0
G0014102,A00506,S005,2024-04-25,223.29,222.58,100.0,0
G0014103,A00507,S005,2024-04-25,204.28,222.58,100.0,0
G0014104,A00508,S005,2024-04-25,206.7,222.58,100.0,0
G0014105,A00501,S005,2024-04-26,109.09,110.08,100.0,0
G0014106,A00502,S005,2024-04-26,109.51,110.08,100.0,0
G0014107,A00503,S005,2024-04-26,73.01,110.08,66.67,8
G0014108,A00504,S005,2024-04-26,108.95,110.08,100.0,0
G0014109,A00505,S005,2024-04-26,111.36,110.08,100.0,0
G0014110,A00506,S005,2024-04-26,111.09,110.08,100.0,0
G0014111,A00507,S005,2024-04-26,87.82,110.08,100.0,0
G0014112,A00508,S005,2024-04-26,108.89,110.08,100.0,0
G0014113,A00501,S005,2024-04-27,268.56,268.56,100.0,0
G0014114,A00502,S005,2024-04-27,268.06,268.56,100.0,0
G0014115,A00503,S005,2024-04-27,268.8,268.56,100.0,0
G0014116,A00504,S005,2024-04-27,236.8,268.56,95.83,1
G0014117,A00505,S005,2024-04-27,266.93,268.56,100.0,0
G0014118,A00506,S005,2024-04-27,225.57,268.56,83.33,4
G0014119,A00507,S005,2024-04-27,176.11,268.56,100.0,0
G0014120,A00508,S005,2024-04-27,268.92,268.56,100.0,0
G0014121,A00501,S005,2024-04-28,313.06,313.5,100.0,0
G0014122,A00502,S005,2024-04-28,313.38,313.5,100.0,0
G0014123,A00503,S005,2024-04-28,312.28,313.5,100.0,0
G0014124,A00504,S005,2024-04-28,312.36,313.5,100.0,0
G0014125,A00505,S005,2024-04-28,313.27,313.5,100.0,0
G0014126,A00506,S005,2024-04-28,315.45,313.5,100.0,0
G0014127,A00507,S005,2024-04-28,312.84,313.5,100.0,0
G0014128,A00508,S005,2024-04-28,312.44,313.5,100.0,0
G0014129,A00501,S005,2024-04-29,157.76,158.46,100.0,0
G0014130,A00502,S005,2024-04-29,158.92,158.46,100.0,0
G0014131,A00503,S005,2024-04-29,157.27,158.46,100.0,0
G0014132,A00504,S005,2024-04-29,156.53,158.46,100.0,0
G0014133,A00505,S005,2024-04-29,159.68,158.46,100.0,0
G0014134,A00506,S005,2024-04-29,158.62,158.46,100.0,0
G0014135,A00507,S005,2024-04-29,147.68,158.46,100.0,0
G0014136,A00508,S005,2024-04-29,157.6,158.46,100.0,0
G0014137,A00501,S005,2024-04-30,131.35,135.33,95.83,1
G0014138,A00502,S005,2024-04-30,136.64,135.33,100.0,0
G0014139,A00503,S005,2024-04-30,135.6,135.33,100.0,0
G0014140,A00504,S005,2024-04-30,135.49,135.33,100.0,0
G0014141,A00505,S005,2024-04-30,123.5,135.33,100.0,0
G0014142,A00506,S005,2024-04-30,133.66,135.33,100.0,0
G0014143,A00507,S005,2024-04-30,123.47,135.33,91.67,2
G0014144,A00508,S005,2024-04-30,137.2,135.33,100.0,0
G0014145,A00501,S005,2024-05-01,313.4,313.5,100.0,0
G0014146,A00502,S005,2024-05-01,312.65,313.5,100.0,0
G0014147,A00503,S005,2024-05-01,251.31,313.5,100.0,0
G0014148,A00504,S005,2024-05-01,260.72,313.5,83.33,4
G0014149,A00505,S005,2024-05-01,299.06,313.5,95.83,1
G0014150,A00506,S005,2024-05-01,301.22,313.5,95.83,1
G0014151,A00507,S005,2024-05-01,314.61,313.5,100.0,0
G0014152,A00508,S005,2024-05-01,312.75,313.5,100.0,0
G0014153,A00501,S005,2024-05-02,314.28,313.5,100.0,0
G0014154,A00502,S005,2024-05-02,314.11,313.5,100.0,0
G0014155,A00503,S005,2024-05-02,312.38,313.5,100.0,0
G0014156,A00504,S005,2024-05-02,312.27,313.5,100.0,0
G0014157,A00505,S005,2024-05-02,250.44,313.5,100.0,0
G0014158,A00506,S005,2024-05-02,299.47,313.5,95.83,1
G0014159,A00507,S005,2024-05-02,313.77,313.5,100.0,0
G0014160,A00508,S005,2024-05-02,260.71,313.5,83.33,4
G0014161,A00501,S005,2024-05-03,108.05,107.35,100.0,0
G0014162,A00502,S005,2024-05-03,106.71,107.35,100.0,0
G0014163,A00503,S005,2024-05-03,101.33,107.35,95.83,1
G0014164,A00504,S005,2024-05-03,106.79,107.35,100.0,0
G0014165,A00505,S005,2024-05-03,106.33,107.35,100.0,0
G0014166,A00506,S005,2024-05-03,108.23,107.35,100.0,0
G0014167,A00507,S005,2024-05-03,102.72,107.35,95.83,1
G0014168,A00508,S005,2024-05-03,107.97,107.35,100.0,0
G0014169,A00501,S005,2024-05-04,150.98,151.78,100.0,0
G0014170,A00502,S005,2024-05-04,99.79,151.78,66.67,8
G0014171,A00503,S005,2024-05-04,149.93,151.78,100.0,0
G0014172,A00504,S005,2024-05-04,153.0,151.78,100.0,0
G0014173,A00505,S005,2024-05-04,153.02,151.78,100.0,0
G0014174,A00506,S005,2024-05-04,153.5,151.78,100.0,0
G0014175,A00507,S005,2024-05-04,151.12,151.78,100.0,0
G0014176,A00508,S005,2024-05-04,153.12,151.78,100.0,0
G0014177,A00501,S005,2024-05-05,211.74,230.31,100.0,0
G0014178,A00502,S005,2024-05-05,229.19,230.31,100.0,0
G0014179,A00503,S005,2024-05-05,231.98,230.31,100.0,0
G0014180,A00504,S005,2024-05-05,231.68,230.31,100.0,0
G0014181,A00505,S005,2024-05-05,231.75,230.31,100.0,0
G0014182,A00506,S005,2024-05-05,230.98,230.31,100.0,0
G0014183,A00507,S005,2024-05-05,229.25,230.31,100.0,0
G0014184,A00508,S005,2024-05-05,230.26,230.31,100.0,0
G0014185,A00501,S005,2024-05-06,187.96,186.64,100.0,0
G0014186,A00502,S005,2024-05-06,186.91,186.64,100.0,0
G0014187,A00503,S005,2024-05-06,184.68,186.64,100.0,0
G0014188,A00504,S005,2024-05-06,186.28,186.64,100.0,0
G0014189,A00505,S005,2024-05-06,173.22,186.64,100.0,0
G0014190,A00506,S005,2024-05-06,186.2,186.64,100.0,0
G0014191,A00507,S005,2024-05-06,184.88,186.64,100.0,0
G0014192,A00508,S005,2024-05-06,188.51,186.64,100.0,0
G0014193,A00501,S005,2024-05-07,16.27,16.5,100.0,0
G0014194,A00502,S005,2024-05-07,17.59,16.5,100.0,0
G0014195,A00503,S005,2024-05-07,15.52,16.5,100.0,0
G0014196,A00504,S005,2024-05-07,14.54,16.5,100.0,0
G0014197,A00505,S005,2024-05-07,15.58,16.5,100.0,0
G0014198,A00506,S005,2024-05-07,16.19,16.5,95.83,1
G0014199,A00507,S005,2024-05-07,18.08,16.5,100.0,0
G0014200,A00508,S005,2024-05-07,14.71,16.5,100.0,0
G0014201,A00501,S005,2024-05-08,135.98,154.83,95.83,1
G0014202,A00502,S005,2024-05-08,153.83,154.83,100.0,0
G0014203,A00503,S005,2024-05-08,155.62,154.83,100.0,0
G0014204,A00504,S005,2024-05-08,140.72,154.83,100.0,0
G0014205,A00505,S005,2024-05-08,134.57,154.83,95.83,1
G0014206,A00506,S005,2024-05-08,154.12,154.83,100.0,0
G0014207,A00507,S005,2024-05-08,156.53,154.83,100.0,0
G0014208,A00508,S005,2024-05-08,124.41,154.83,100.0,0
G0014209,A00501,S005,2024-05-09,214.42,212.54,100.0,0
G0014210,A00502,S005,2024-05-09,211.99,212.54,100.0,0
G0014211,A00503,S005,2024-05-09,214.13,212.54,100.0,0
G0014212,A00504,S005,2024-05-09,213.28,212.54,100.0,0
G0014213,A00505,S005,2024-05-09,212.87,212.54,100.0,0
G0014214,A00506,S005,2024-05-09,211.97,212.54,100.0,0
G0014215,A00507,S005,2024-05-09,212.41,212.54,100.0,0
G0014216,A00508,S005,2024-05-09,196.95,212.54,100.0,0
G0014217,A00501,S005,2024-05-10,265.28,266.97,100.0,0
G0014218,A00502,S005,2024-05-10,268.57,266.97,100.0,0
G0014219,A00503,S005,2024-05-10,245.42,266.97,100.0,0
G0014220,A00504,S005,2024-05-10,265.52,266.97,100.0,0
G0014221,A00505,S005,2024-05-10,206.48,266.97,95.83,1
G0014222,A00506,S005,2024-05-10,133.73,266.97,50.0,12
G0014223,A00507,S005,2024-05-10,163.1,266.97,66.67,8
G0014224,A00508,S005,2024-05-10,268.08,266.97,100.0,0
G0014225,A00501,S005,2024-05-11,116.07,116.82,100.0,0
G0014226,A00502,S005,2024-05-11,115.63,116.82,100.0,0
G0014227,A00503,S005,2024-05-11,117.3,116.82,100.0,0
G0014228,A00504,S005,2024-05-11,114.92,116.82,100.0,0
G0014229,A00505,S005,2024-05-11,117.02,116.82,100.0,0
G0014230,A00506,S005,2024-05-11,111.9,116.82,95.83,1
G0014231,A00507,S005,2024-05-11,116.69,116.82,100.0,0
G0014232,A00508,S005,2024-05-11,116.3,116.82,100.0,0
G0014233,A00501,S005,2024-05-12,312.89,313.5,100.0,0
G0014234,A00502,S005,2024-05-12,314.83,313.5,100.0,0
G0014235,A00503,S005,2024-05-12,288.28,313.5,100.0,0
G0014236,A00504,S005,2024-05-12,315.43,313.5,100.0,0
G0014237,A00505,S005,2024-05-12,207.3,313.5,66.67,8
G0014238,A00506,S005,2024-05-12,313.74,313.5,100.0,0
G0014239,A00507,S005,2024-05-12,288.53,313.5,100.0,0
G0014240,A00508,S005,2024-05-12,315.05,313.5,100.0,0
G0014241,A00501,S005,2024-05-13,300.88,302.0,100.0,0
G0014242,A00502,S005,2024-05-13,303.7,302.0,100.0,0
G0014243,A00503,S005,2024-05-13,303.67,302.0,100.0,0
G0014244,A00504,S005,2024-05-13,302.81,302.0,100.0,0
G0014245,A00505,S005,2024-05-13,301.69,302.0,100.0,0
G0014246,A00506,S005,2024-05-13,302.31,302.0,100.0,0
G0014247,A00507,S005,2024-05-13,300.7,302.0,100.0,0
G0014248,A00508,S005,2024-05-13,301.61,302.0,100.0,0
G0014249,A00501,S005,2024-05-14,217.69,238.65,100.0,0
G0014250,A00502,S005,2024-05-14,111.0,238.65,50.0,12
G0014251,A00503,S005,2024-05-14,237.42,238.65,100.0,0
G0014252,A00504,S005,2024-05-14,239.09,238.65,100.0,0
G0014253,A00505,S005,2024-05-14,236.73,238.65,100.0,0
G0014254,A00506,S005,2024-05-14,200.63,238.65,83.33,4
G0014255,A00507,S005,2024-05-14,237.88,238.65,100.0,0
G0014256,A00508,S005,2024-05-14,200.37,238.65,83.33,4
G0014257,A00501,S005,2024-05-15,302.92,304.65,100.0,0
G0014258,A00502,S005,2024-05-15,303.02,304.65,100.0,0
G0014259,A00503,S005,2024-05-15,303.18,304.65,100.0,0
G0014260,A00504,S005,2024-05-15,304.33,304.65,100.0,0
G0014261,A00505,S005,2024-05-15,306.06,304.65,100.0,0
G0014262,A00506,S005,2024-05-15,305.71,304.65,100.0,0
G0014263,A00507,S005,2024-05-15,235.49,304.65,83.33,4
G0014264,A00508,S005,2024-05-15,278.85,304.65,100.0,0
G0014265,A00501,S005,2024-05-16,219.25,220.57,100.0,0
G0014266,A00502,S005,2024-05-16,177.68,220.57,100.0,0
G0014267,A00503,S005,2024-05-16,201.84,220.57,100.0,0
G0014268,A00504,S005,2024-05-16,201.19,220.57,91.67,2
G0014269,A00505,S005,2024-05-16,222.16,220.57,100.0,0
G0014270,A00506,S005,2024-05-16,219.08,220.57,100.0,0
G0014271,A00507,S005,2024-05-16,219.31,220.57,100.0,0
G0014272,A00508,S005,2024-05-16,221.65,220.57,100.0,0
G0014273,A00501,S005,2024-05-17,157.28,158.73,100.0,0
G0014274,A00502,S005,2024-05-17,159.91,158.73,100.0,0
G0014275,A00503,S005,2024-05-17,77.48,158.73,50.0,12
G0014276,A00504,S005,2024-05-17,159.77,158.73,100.0,0
G0014277,A00505,S005,2024-05-17,160.24,158.73,100.0,0
G0014278,A00506,S005,2024-05-17,159.36,158.73,100.0,0
G0014279,A00507,S005,2024-05-17,157.48,158.73,100.0,0
G0014280,A00508,S005,2024-05-17,159.29,158.73,100.0,0
G0014281,A00501,S005,2024-05-18,205.19,313.5,100.0,0
G0014282,A00502,S005,2024-05-18,314.16,313.5,100.0,0
G0014283,A00503,S005,2024-05-18,312.39,313.5,100.0,0
G0014284,A00504,S005,2024-05-18,315.32,313.5,100.0,0
G0014285,A00505,S005,2024-05-18,289.45,313.5,100.0,0
G0014286,A00506,S005,2024-05-18,288.75,313.5,100.0,0
G0014287,A00507,S005,2024-05-18,286.84,313.5,100.0,0
G0014288,A00508,S005,2024-05-18,314.36,313.5,100.0,0
G0014289,A00501,S005,2024-05-19,83.08,100.06,91.67,2
G0014290,A00502,S005,2024-05-19,100.31,100.06,100.0,0
G0014291,A00503,S005,2024-05-19,100.48,100.06,100.0,0
G0014292,A00504,S005,2024-05-19,100.27,100.06,100.0,0
G0014293,A00505,S005,2024-05-19,101.87,100.06,100.0,0
G0014294,A00506,S005,2024-05-19,83.71,100.06,83.33,4
G0014295,A00507,S005,2024-05-19,98.37,100.06,100.0,0
G0014296,A00508,S005,2024-05-19,100.67,100.06,100.0,0
G0014297,A00501,S005,2024-05-20,194.68,193.65,100.0,0
G0014298,A00502,S005,2024-05-20,191.75,193.65,100.0,0
G0014299,A00503,S005,2024-05-20,193.64,193.65,100.0,0
G0014300,A00504,S005,2024-05-20,195.18,193.65,100.0,0
G0014301,A00505,S005,2024-05-20,192.38,193.65,100.0,0
G0014302,A00506,S005,2024-05-20,193.59,193.65,100.0,0
G0014303,A00507,S005,2024-05-20,194.69,193.65,100.0,0
G0014304,A00508,S005,2024-05-20,175.72,193.65,91.67,2
G0014305,A00501,S005,2024-05-21,290.87,291.41,100.0,0
G0014306,A00502,S005,2024-05-21,233.73,291.41,100.0,0
G0014307,A00503,S005,2024-05-21,291.81,291.41,100.0,0
G0014308,A00504,S005,2024-05-21,292.13,291.41,100.0,0
G0014309,A00505,S005,2024-05-21,292.32,291.41,100.0,0
G0014310,A00506,S005,2024-05-21,231.93,291.41,100.0,0
G0014311,A00507,S005,2024-05-21,292.51,291.41,100.0,0
G0014312,A00508,S005,2024-05-21,278.46,291.41,95.83,1
G0014313,A00501,S005,2024-05-22,152.57,164.05,100.0,0
G0014314,A00502,S005,2024-05-22,164.6,164.05,100.0,0
G0014315,A00503,S005,2024-05-22,159.17,164.05,95.83,1
G0014316,A00504,S005,2024-05-22,164.2,164.05,100.0,0
G0014317,A00505,S005,2024-05-22,164.83,164.05,100.0,0
G0014318,A00506,S005,2024-05-22,163.9,164.05,100.0,0
G0014319,A00507,S005,2024-05-22,105.93,164.05,100.0,0
G0014320,A00508,S005,2024-05-22,162.58,164.05,100.0,0
G0014321,A00501,S005,2024-05-23,294.9,295.47,100.0,0
G0014322,A00502,S005,2024-05-23,295.29,295.47,100.0,0
G0014323,A00503,S005,2024-05-23,296.53,295.47,100.0,0
G0014324,A00504,S005,2024-05-23,273.17,295.47,100.0,0
G0014325,A00505,S005,2024-05-23,296.26,295.47,100.0,0
G0014326,A00506,S005,2024-05-23,297.07,295.47,100.0,0
G0014327,A00507,S005,2024-05-23,237.73,295.47,100.0,0
G0014328,A00508,S005,2024-05-23,198.07,295.47,66.67,8
G0014329,A00501,S005,2024-05-24,122.44,122.85,100.0,0
G0014330,A00502,S005,2024-05-24,124.17,122.85,100.0,0
G0014331,A00503,S005,2024-05-24,121.35,122.85,100.0,0
G0014332,A00504,S005,2024-05-24,124.04,122.85,100.0,0
G0014333,A00505,S005,2024-05-24,123.53,122.85,100.0,0
G0014334,A00506,S005,2024-05-24,123.58,122.85,100.0,0
G0014335,A00507,S005,2024-05-24,111.41,122.85,91.67,2
G0014336,A00508,S005,2024-05-24,121.46,122.85,100.0,0
G0014337,A00501,S005,2024-05-25,16.65,16.5,100.0,0
G0014338,A00502,S005,2024-05-25,18.38,16.5,100.0,0
G0014339,A00503,S005,2024-05-25,18.39,16.5,100.0,0
G0014340,A00504,S005,2024-05-25,14.56,16.5,100.0,0
G0014341,A00505,S005,2024-05-25,16.04,16.5,100.0,0
G0014342,A00506,S005,2024-05-25,15.78,16.5,100.0,0
G0014343,A00507,S005,2024-05-25,18.3,16.5,100.0,0
G0014344,A00508,S005,2024-05-25,15.84,16.5,100.0,0
G0014345,A00501,S005,2024-05-26,117.15,119.13,100.0,0
G0014346,A00502,S005,2024-05-26,117.7,119.13,100.0,0
G0014347,A00503,S005,2024-05-26,109.3,119.13,100.0,0
G0014348,A00504,S005,2024-05-26,117.54,119.13,100.0,0
G0014349,A00505,S005,2024-05-26,118.55,119.13,100.0,0
G0014350,A00506,S005,2024-05-26,117.63,119.13,100.0,0
G0014351,A00507,S005,2024-05-26,109.36,119.13,100.0,0
G0014352,A00508,S005,2024-05-26,118.91,119.13,100.0,0
G0014353,A00501,S005,2024-05-27,115.88,120.99,95.83,1
G0014354,A00502,S005,2024-05-27,111.46,120.99,100.0,0
G0014355,A00503,S005,2024-05-27,121.45,120.99,100.0,0
G0014356,A00504,S005,2024-05-27,120.45,120.99,100.0,0
G0014357,A00505,S005,2024-05-27,102.78,120.99,83.33,4
G0014358,A00506,S005,2024-05-27,120.99,120.99,100.0,0
G0014359,A00507,S005,2024-05-27,121.73,120.99,100.0,0
G0014360,A00508,S005,2024-05-27,119.53,120.99,100.0,0
G0014361,A00501,S005,2024-05-28,263.58,313.05,91.67,2
G0014362,A00502,S005,2024-05-28,313.17,313.05,100.0,0
G0014363,A00503,S005,2024-05-28,314.78,313.05,100.0,0
G0014364,A00504,S005,2024-05-28,300.24,313.05,95.83,1
G0014365,A00505,S005,2024-05-28,311.2,313.05,100.0,0
G0014366,A00506,S005,2024-05-28,313.69,313.05,100.0,0
G0014367,A00507,S005,2024-05-28,314.53,313.05,100.0,0
G0014368,A00508,S005,2024-05-28,312.1,313.05,100.0,0
G0014369,A00501,S005,2024-05-29,72.64,71.56,100.0,0
G0014370,A00502,S005,2024-05-29,71.72,71.56,100.0,0
G0014371,A00503,S005,2024-05-29,70.32,71.56,100.0,0
G0014372,A00504,S005,2024-05-29,70.95,71.56,100.0,0
G0014373,A00505,S005,2024-05-29,69.96,71.56,100.0,0
G0014374,A00506,S005,2024-05-29,65.12,71.56,91.67,2
G0014375,A00507,S005,2024-05-29,71.44,71.56,100.0,0
G0014376,A00508,S005,2024-05-29,72.37,71.56,100.0,0
G0014377,A00501,S005,2024-05-30,48.32,48.25,100.0,0
G0014378,A00502,S005,2024-05-30,31.11,48.25,100.0,0
G0014379,A00503,S005,2024-05-30,39.56,48.25,91.67,2
G0014380,A00504,S005,2024-05-30,48.46,48.25,100.0,0
G0014381,A00505,S005,2024-05-30,33.05,48.25,100.0,0
G0014382,A00506,S005,2024-05-30,46.71,48.25,100.0,0
G0014383,A00507,S005,2024-05-30,39.24,48.25,100.0,0
G0014384,A00508,S005,2024-05-30,42.25,48.25,91.67,2
G0014385,A00501,S005,2024-05-31,162.62,242.3,66.67,8
G0014386,A00502,S005,2024-05-31,240.84,242.3,100.0,0
G0014387,A00503,S005,2024-05-31,244.11,242.3,100.0,0
G0014388,A00504,S005,2024-05-31,244.18,242.3,100.0,0
G0014389,A00505,S005,2024-05-31,241.89,242.3,100.0,0
G0014390,A00506,S005,2024-05-31,243.8,242.3,100.0,0
G0014391,A00507,S005,2024-05-31,241.91,242.3,100.0,0
G0014392,A00508,S005,2024-05-31,243.13,242.3,100.0,0
G0014393,A00501,S005,2024-06-01,233.67,232.77,100.0,0
G0014394,A00502,S005,2024-06-01,233.54,232.77,100.0,0
G0014395,A00503,S005,2024-06-01,233.65,232.77,100.0,0
G0014396,A00504,S005,2024-06-01,233.7,232.77,100.0,0
G0014397,A00505,S005,2024-06-01,230.86,232.77,100.0,0
G0014398,A00506,S005,2024-06-01,221.52,232.77,95.83,1
G0014399,A00507,S005,2024-06-01,233.48,232.77,100.0,0
G0014400,A00508,S005,2024-06-01,232.96,232.77,100.0,0
G0014401,A00501,S005,2024-06-02,105.74,106.16,100.0,0
G0014402,A00502,S005,2024-06-02,107.29,106.16,100.0,0
G0014403,A00503,S005,2024-06-02,105.19,106.16,100.0,0
G0014404,A00504,S005,2024-06-02,97.37,106.16,100.0,0
G0014405,A00505,S005,2024-06-02,104.23,106.16,100.0,0
G0014406,A00506,S005,2024-06-02,105.85,106.16,100.0,0
G0014407,A00507,S005,2024-06-02,96.01,106.16,91.67,2
G0014408,A00508,S005,2024-06-02,54.38,106.16,50.0,12
G0014409,A00501,S005,2024-06-03,315.41,313.5,100.0,0
G0014410,A00502,S005,2024-06-03,311.77,313.5,100.0,0
G0014411,A00503,S005,2024-06-03,311.95,313.5,100.0,0
G0014412,A00504,S005,2024-06-03,313.69,313.5,100.0,0
G0014413,A00505,S005,2024-06-03,157.36,313.5,50.0,12
G0014414,A00506,S005,2024-06-03,314.25,313.5,100.0,0
G0014415,A00507,S005,2024-06-03,313.62,313.5,100.0,0
G0014416,A00508,S005,2024-06-03,311.58,313.5,100.0,0
G0014417,A00501,S005,2024-06-04,248.1,259.09,95.83,1
G0014418,A00502,S005,2024-06-04,257.15,259.09,100.0,0
G0014419,A00503,S005,2024-06-04,206.52,259.09,100.0,0
G0014420,A00504,S005,2024-06-04,258.41,259.09,100.0,0
G0014421,A00505,S005,2024-06-04,238.6,259.09,100.0,0
G0014422,A00506,S005,2024-06-04,238.75,259.09,91.67,2
G0014423,A00507,S005,2024-06-04,257.56,259.09,100.0,0
G0014424,A00508,S005,2024-06-04,260.23,259.09,100.0,0
G0014425,A00501,S005,2024-06-05,105.06,116.14,100.0,0
G0014426,A00502,S005,2024-06-05,107.98,116.14,100.0,0
G0014427,A00503,S005,2024-06-05,105.99,116.14,100.0,0
G0014428,A00504,S005,2024-06-05,114.25,116.14,100.0,0
G0014429,A00505,S005,2024-06-05,117.78,116.14,100.0,0
G0014430,A00506,S005,2024-06-05,75.43,116.14,100.0,0
G0014431,A00507,S005,2024-06-05,75.65,116.14,100.0,0
G0014432,A00508,S005,2024-06-05,117.24,116.14,100.0,0
G0014433,A00501,S005,2024-06-06,238.42,236.47,100.0,0
G0014434,A00502,S005,2024-06-06,234.97,236.47,100.0,0
G0014435,A00503,S005,2024-06-06,118.28,236.47,50.0,12
G0014436,A00504,S005,2024-06-06,238.16,236.47,100.0,0
G0014437,A00505,S005,2024-06-06,207.29,236.47,95.83,1
G0014438,A00506,S005,2024-06-06,216.25,236.47,91.67,2
G0014439,A00507,S005,2024-06-06,238.16,236.47,100.0,0
G0014440,A00508,S005,2024-06-06,236.3,236.47,100.0,0
G0014441,A00501,S005,2024-06-07,190.62,189.02,100.0,0
G0014442,A00502,S005,2024-06-07,187.05,189.02,100.0,0
G0014443,A00503,S005,2024-06-07,156.29,189.02,83.33,4
G0014444,A00504,S005,2024-06-07,174.4,189.02,100.0,0
G0014445,A00505,S005,2024-06-07,158.73,189.02,91.67,2
G0014446,A00506,S005,2024-06-07,190.23,189.02,100.0,0
G0014447,A00507,S005,2024-06-07,190.5,189.02,100.0,0
G0014448,A00508,S005,2024-06-07,173.3,189.02,100.0,0
G0014449,A00501,S005,2024-06-08,312.55,313.5,100.0,0
G0014450,A00502,S005,2024-06-08,313.82,313.5,100.0,0
G0014451,A00503,S005,2024-06-08,312.63,313.5,100.0,0
G0014452,A00504,S005,2024-06-08,314.93,313.5,100.0,0
G0014453,A00505,S005,2024-06-08,289.44,313.5,100.0,0
G0014454,A00506,S005,2024-06-08,312.69,313.5,100.0,0
G0014455,A00507,S005,2024-06-08,314.48,313.5,100.0,0
G0014456,A00508,S005,2024-06-08,314.07,313.5,100.0,0
G0014457,A00501,S005,2024-06-09,21.19,22.54,100.0,0
G0014458,A00502,S005,2024-06-09,21.33,22.54,95.83,1
G0014459,A00503,S005,2024-06-09,22.75,22.54,100.0,0
G0014460,A00504,S005,2024-06-09,22.66,22.54,100.0,0
G0014461,A00505,S005,2024-06-09,23.19,22.54,100.0,0
G0014462,A00506,S005,2024-06-09,21.14,22.54,100.0,0
G0014463,A00507,S005,2024-06-09,22.84,22.54,100.0,0
G0014464,A00508,S005,2024-06-09,24.08,22.54,100.0,0
G0014465,A00501,S005,2024-06-10,75.24,79.23,95.83,1
G0014466,A00502,S005,2024-06-10,78.22,79.23,100.0,0
G0014467,A00503,S005,2024-06-10,72.73,79.23,91.67,2
G0014468,A00504,S005,2024-06-10,79.92,79.23,100.0,0
G0014469,A00505,S005,2024-06-10,78.92,79.23,100.0,0
G0014470,A00506,S005,2024-06-10,80.78,79.23,100.0,0
G0014471,A00507,S005,2024-06-10,62.29,79.23,100.0,0
G0014472,A00508,S005,2024-06-10,57.32,79.23,91.67,2
G0014473,A00501,S005,2024-06-11,280.23,278.54,100.0,0
G0014474,A00502,S005,2024-06-11,221.16,278.54,100.0,0
G0014475,A00503,S005,2024-06-11,223.41,278.54,100.0,0
G0014476,A00504,S005,2024-06-11,277.31,278.54,100.0,0
G0014477,A00505,S005,2024-06-11,257.01,278.54,100.0,0
G0014478,A00506,S005,2024-06-11,256.34,278.54,91.67,2
G0014479,A00507,S005,2024-06-11,279.89,278.54,100.0,0
G0014480,A00508,S005,2024-06-11,279.77,278.54,100.0,0
G0014481,A00501,S005,2024-06-12,15.2,31.3,66.67,8
G0014482,A00502,S005,2024-06-12,30.19,31.3,91.67,2
G0014483,A00503,S005,2024-06-12,30.97,31.3,95.83,1
G0014484,A00504,S005,2024-06-12,29.43,31.3,100.0,0
G0014485,A00505,S005,2024-06-12,32.27,31.3,100.0,0
G0014486,A00506,S005,2024-06-12,26.97,31.3,83.33,4
G0014487,A00507,S005,2024-06-12,20.62,31.3,95.83,1
G0014488,A00508,S005,2024-06-12,31.44,31.3,100.0,0
G0014489,A00501,S005,2024-06-13,233.13,253.51,100.0,0
G0014490,A00502,S005,2024-06-13,252.13,253.51,100.0,0
G0014491,A00503,S005,2024-06-13,253.72,253.51,100.0,0
G0014492,A00504,S005,2024-06-13,201.63,253.51,100.0,0
G0014493,A00505,S005,2024-06-13,252.41,253.51,100.0,0
G0014494,A00506,S005,2024-06-13,252.34,253.51,100.0,0
G0014495,A00507,S005,2024-06-13,253.88,253.51,100.0,0
G0014496,A00508,S005,2024-06-13,253.76,253.51,100.0,0
G0014497,A00501,S005,2024-06-14,140.23,140.61,100.0,0
G0014498,A00502,S005,2024-06-14,140.89,140.61,100.0,0
G0014499,A00503,S005,2024-06-14,139.9,140.61,100.0,0
G0014500,A00504,S005,2024-06-14,140.3,140.61,100.0,0
G0014501,A00505,S005,2024-06-14,138.66,140.61,100.0,0
G0014502,A00506,S005,2024-06-14,139.71,140.61,100.0,0
G0014503,A00507,S005,2024-06-14,140.6,140.61,100.0,0
G0014504,A00508,S005,2024-06-14,141.01,140.61,100.0,0
G0014505,A00501,S005,2024-06-15,167.55,181.36,100.0,0
G0014506,A00502,S005,2024-06-15,165.69,181.36,100.0,0
G0014507,A00503,S005,2024-06-15,114.91,181.36,95.83,1
G0014508,A00504,S005,2024-06-15,183.18,181.36,100.0,0
G0014509,A00505,S005,2024-06-15,182.0,181.36,100.0,0
G0014510,A00506,S005,2024-06-15,180.68,181.36,100.0,0
G0014511,A00507,S005,2024-06-15,180.42,181.36,100.0,0
G0014512,A00508,S005,2024-06-15,175.08,181.36,95.83,1
G0014513,A00501,S005,2024-06-16,124.7,123.31,100.0,0
G0014514,A00502,S005,2024-06-16,97.53,123.31,100.0,0
G0014515,A00503,S005,2024-06-16,83.0,123.31,66.67,8
G0014516,A00504,S005,2024-06-16,123.13,123.31,100.0,0
G0014517,A00505,S005,2024-06-16,125.12,123.31,100.0,0
G0014518,A00506,S005,2024-06-16,124.61,123.31,100.0,0
G0014519,A00507,S005,2024-06-16,123.6,123.31,100.0,0
G0014520,A00508,S005,2024-06-16,123.88,123.31,100.0,0
G0014521,A00501,S005,2024-06-17,135.67,134.23,100.0,0
G0014522,A00502,S005,2024-06-17,136.16,134.23,100.0,0
G0014523,A00503,S005,2024-06-17,108.6,134.23,100.0,0
G0014524,A00504,S005,2024-06-17,133.87,134.23,100.0,0
G0014525,A00505,S005,2024-06-17,111.4,134.23,91.67,2
G0014526,A00506,S005,2024-06-17,135.71,134.23,100.0,0
G0014527,A00507,S005,2024-06-17,124.22,134.23,91.67,2
G0014528,A00508,S005,2024-06-17,112.84,134.23,91.67,2
G0014529,A00501,S005,2024-06-18,98.65,154.56,100.0,0
G0014530,A00502,S005,2024-06-18,155.95,154.56,100.0,0
G0014531,A00503,S005,2024-06-18,156.08,154.56,100.0,0
G0014532,A00504,S005,2024-06-18,146.16,154.56,95.83,1
G0014533,A00505,S005,2024-06-18,156.56,154.56,100.0,0
G0014534,A00506,S005,2024-06-18,154.41,154.56,100.0,0
G0014535,A00507,S005,2024-06-18,142.91,154.56,100.0,0
G0014536,A00508,S005,2024-06-18,127.56,154.56,83.33,4
G0014537,A00501,S005,2024-06-19,117.01,116.24,100.0,0
G0014538,A00502,S005,2024-06-19,114.27,116.24,100.0,0
G0014539,A00503,S005,2024-06-19,114.67,116.24,100.0,0
G0014540,A00504,S005,2024-06-19,117.83,116.24,100.0,0
G0014541,A00505,S005,2024-06-19,106.8,116.24,100.0,0
G0014542,A00506,S005,2024-06-19,116.77,116.24,100.0,0
G0014543,A00507,S005,2024-06-19,115.62,116.24,100.0,0
G0014544,A00508,S005,2024-06-19,114.81,116.24,100.0,0
G0014545,A00501,S005,2024-06-20,45.96,56.87,83.33,4
G0014546,A00502,S005,2024-06-20,55.09,56.87,100.0,0
G0014547,A00503,S005,2024-06-20,56.3,56.87,100.0,0
G0014548,A00504,S005,2024-06-20,51.16,56.87,100.0,0
G0014549,A00505,S005,2024-06-20,57.07,56.87,100.0,0
G0014550,A00506,S005,2024-06-20,57.04,56.87,100.0,0
G0014551,A00507,S005,2024-06-20,54.51,56.87,95.83,1
G0014552,A00508,S005,2024-06-20,57.63,56.87,100.0,0
G0014553,A00501,S005,2024-06-21,147.23,147.42,100.0,0
G0014554,A00502,S005,2024-06-21,97.38,147.42,100.0,0
G0014555,A00503,S005,2024-06-21,148.11,147.42,100.0,0
G0014556,A00504,S005,2024-06-21,146.15,147.42,100.0,0
G0014557,A00505,S005,2024-06-21,148.68,147.42,100.0,0
G0014558,A00506,S005,2024-06-21,149.05,147.42,100.0,0
G0014559,A00507,S005,2024-06-21,146.27,147.42,100.0,0
G0014560,A00508,S005,2024-06-21,146.46,147.42,100.0,0
G0014561,A00501,S005,2024-06-22,174.41,182.83,95.83,1
G0014562,A00502,S005,2024-06-22,184.22,182.83,100.0,0
G0014563,A00503,S005,2024-06-22,182.98,182.83,100.0,0
G0014564,A00504,S005,2024-06-22,181.25,182.83,100.0,0
G0014565,A00505,S005,2024-06-22,168.83,182.83,100.0,0
G0014566,A00506,S005,2024-06-22,146.84,182.83,100.0,0
G0014567,A00507,S005,2024-06-22,181.31,182.83,100.0,0
G0014568,A00508,S005,2024-06-22,168.96,182.83,91.67,2
G0014569,A00501,S005,2024-06-23,176.53,176.88,100.0,0
G0014570,A00502,S005,2024-06-23,163.95,176.88,91.67,2
G0014571,A00503,S005,2024-06-23,175.81,176.88,100.0,0
G0014572,A00504,S005,2024-06-23,174.93,176.88,100.0,0
G0014573,A00505,S005,2024-06-23,175.47,176.88,100.0,0
G0014574,A00506,S005,2024-06-23,177.67,176.88,100.0,0
G0014575,A00507,S005,2024-06-23,175.61,176.88,100.0,0
G0014576,A00508,S005,2024-06-23,177.84,176.88,100.0,0
G0014577,A00501,S005,2024-06-24,264.04,263.63,100.0,0
G0014578,A00502,S005,2024-06-24,263.44,263.63,100.0,0
G0014579,A00503,S005,2024-06-24,262.16,263.63,100.0,0
G0014580,A00504,S005,2024-06-24,262.77,263.63,100.0,0
G0014581,A00505,S005,2024-06-24,262.72,263.63,100.0,0
G0014582,A00506,S005,2024-06-24,262.83,263.63,100.0,0
G0014583,A00507,S005,2024-06-24,264.16,263.63,100.0,0
G0014584,A00508,S005,2024-06-24,264.16,263.63,100.0,0
G0014585,A00501,S005,2024-06-25,252.62,274.91,100.0,0
G0014586,A00502,S005,2024-06-25,273.67,274.91,100.0,0
G0014587,A00503,S005,2024-06-25,218.51,274.91,100.0,0
G0014588,A00504,S005,2024-06-25,253.96,274.91,91.67,2
G0014589,A00505,S005,2024-06-25,276.42,274.91,100.0,0
G0014590,A00506,S005,2024-06-25,275.65,274.91,100.0,0
G0014591,A00507,S005,2024-06-25,276.79,274.91,100.0,0
G0014592,A00508,S005,2024-06-25,254.14,274.91,100.0,0
G0014593,A00501,S005,2024-06-26,120.53,120.43,100.0,0
G0014594,A00502,S005,2024-06-26,121.93,120.43,100.0,0
G0014595,A00503,S005,2024-06-26,121.2,120.43,100.0,0
G0014596,A00504,S005,2024-06-26,109.38,120.43,100.0,0
G0014597,A00505,S005,2024-06-26,120.07,120.43,100.0,0
G0014598,A00506,S005,2024-06-26,120.48,120.43,100.0,0
G0014599,A00507,S005,2024-06-26,120.03,120.43,100.0,0
G0014600,A00508,S005,2024-06-26,80.01,120.43,66.67,8
G0014601,A00501,S005,2024-06-27,74.44,140.04,66.67,8
G0014602,A00502,S005,2024-06-27,111.3,140.04,100.0,0
G0014603,A00503,S005,2024-06-27,133.66,140.04,95.83,1
G0014604,A00504,S005,2024-06-27,140.25,140.04,100.0,0
G0014605,A00505,S005,2024-06-27,129.54,140.04,100.0,0
G0014606,A00506,S005,2024-06-27,141.27,140.04,100.0,0
G0014607,A00507,S005,2024-06-27,141.3,140.04,100.0,0
G0014608,A00508,S005,2024-06-27,139.67,140.04,100.0,0
G0014609,A00501,S005,2024-06-28,73.09,74.59,100.0,0
G0014610,A00502,S005,2024-06-28,69.32,74.59,100.0,0
G0014611,A00503,S005,2024-06-28,73.48,74.59,100.0,0
G0014612,A00504,S005,2024-06-28,72.71,74.59,100.0,0
G0014613,A00505,S005,2024-06-28,75.82,74.59,100.0,0
G0014614,A00506,S005,2024-06-28,74.85,74.59,100.0,0
G0014615,A00507,S005,2024-06-28,74.28,74.59,100.0,0
G0014616,A00508,S005,2024-06-28,73.43,74.59,100.0,0
G0014617,A00501,S005,2024-06-29,312.71,313.5,100.0,0
G0014618,A00502,S005,2024-06-29,313.68,313.5,100.0,0
G0014619,A00503,S005,2024-06-29,311.5,313.5,100.0,0
G0014620,A00504,S005,2024-06-29,249.57,313.5,100.0,0
G0014621,A00505,S005,2024-06-29,286.57,313.5,100.0,0
G0014622,A00506,S005,2024-06-29,288.38,313.5,100.0,0
G0014623,A00507,S005,2024-06-29,250.96,313.5,100.0,0
G0014624,A00508,S005,2024-06-29,315.01,313.5,100.0,0
G0014625,A00501,S005,2024-06-30,279.23,280.01,100.0,0
G0014626,A00502,S005,2024-06-30,280.59,280.01,100.0,0
G0014627,A00503,S005,2024-06-30,140.28,280.01,50.0,12
G0014628,A00504,S005,2024-06-30,278.53,280.01,100.0,0
G0014629,A00505,S005,2024-06-30,258.44,280.01,100.0,0
G0014630,A00506,S005,2024-06-30,279.22,280.01,100.0,0
G0014631,A00507,S005,2024-06-30,257.46,280.01,100.0,0
G0014632,A00508,S005,2024-06-30,222.61,280.01,100.0,0
G0014633,A00501,S005,2024-07-01,59.25,60.77,100.0,0
G0014634,A00502,S005,2024-07-01,60.05,60.77,100.0,0
G0014635,A00503,S005,2024-07-01,62.41,60.77,100.0,0
G0014636,A00504,S005,2024-07-01,59.21,60.77,100.0,0
G0014637,A00505,S005,2024-07-01,39.08,60.77,100.0,0
G0014638,A00506,S005,2024-07-01,62.65,60.77,100.0,0
G0014639,A00507,S005,2024-07-01,59.45,60.77,95.83,1
G0014640,A00508,S005,2024-07-01,59.42,60.77,100.0,0
G0014641,A00501,S005,2024-07-02,135.71,135.23,100.0,0
G0014642,A00502,S005,2024-07-02,135.98,135.23,100.0,0
G0014643,A00503,S005,2024-07-02,137.12,135.23,100.0,0
G0014644,A00504,S005,2024-07-02,131.45,135.23,95.83,1
G0014645,A00505,S005,2024-07-02,135.94,135.23,100.0,0
G0014646,A00506,S005,2024-07-02,134.87,135.23,100.0,0
G0014647,A00507,S005,2024-07-02,133.71,135.23,100.0,0
G0014648,A00508,S005,2024-07-02,136.97,135.23,100.0,0
G0014649,A00501,S005,2024-07-03,249.52,248.31,100.0,0
G0014650,A00502,S005,2024-07-03,199.34,248.31,100.0,0
G0014651,A00503,S005,2024-07-03,248.01,248.31,100.0,0
G0014652,A00504,S005,2024-07-03,249.5,248.31,100.0,0
G0014653,A00505,S005,2024-07-03,246.47,248.31,100.0,0
G0014654,A00506,S005,2024-07-03,228.61,248.31,100.0,0
G0014655,A00507,S005,2024-07-03,236.95,248.31,95.83,1
G0014656,A00508,S005,2024-07-03,236.52,248.31,95.83,1
G0014657,A00501,S005,2024-07-04,170.63,170.63,100.0,0
G0014658,A00502,S005,2024-07-04,157.29,170.63,100.0,0
G0014659,A00503,S005,2024-07-04,171.27,170.63,100.0,0
G0014660,A00504,S005,2024-07-04,170.31,170.63,100.0,0
G0014661,A00505,S005,2024-07-04,169.04,170.63,100.0,0
G0014662,A00506,S005,2024-07-04,168.71,170.63,100.0,0
G0014663,A00507,S005,2024-07-04,156.92,170.63,100.0,0
G0014664,A00508,S005,2024-07-04,171.54,170.63,100.0,0
G0014665,A00501,S005,2024-07-05,211.01,263.37,100.0,0
G0014666,A00502,S005,2024-07-05,262.12,263.37,100.0,0
G0014667,A00503,S005,2024-07-05,262.79,263.37,100.0,0
G0014668,A00504,S005,2024-07-05,251.18,263.37,95.83,1
G0014669,A00505,S005,2024-07-05,263.95,263.37,100.0,0
G0014670,A00506,S005,2024-07-05,264.55,263.37,100.0,0
G0014671,A00507,S005,2024-07-05,262.18,263.37,100.0,0
G0014672,A00508,S005,2024-07-05,262.32,263.37,100.0,0
G0014673,A00501,S005,2024-07-06,79.27,79.34,100.0,0
G0014674,A00502,S005,2024-07-06,74.47,79.34,100.0,0
G0014675,A00503,S005,2024-07-06,80.98,79.34,100.0,0
G0014676,A00504,S005,2024-07-06,79.57,79.34,100.0,0
G0014677,A00505,S005,2024-07-06,78.7,79.34,100.0,0
G0014678,A00506,S005,2024-07-06,78.1,79.34,100.0,0
G0014679,A00507,S005,2024-07-06,78.53,79.34,100.0,0
G0014680,A00508,S005,2024-07-06,79.37,79.34,100.0,0
G0014681,A00501,S005,2024-07-07,234.19,233.37,100.0,0
G0014682,A00502,S005,2024-07-07,232.25,233.37,100.0,0
G0014683,A00503,S005,2024-07-07,215.69,233.37,91.67,2
G0014684,A00504,S005,2024-07-07,234.28,233.37,100.0,0
G0014685,A00505,S005,2024-07-07,213.85,233.37,100.0,0
G0014686,A00506,S005,2024-07-07,235.19,233.37,100.0,0
G0014687,A00507,S005,2024-07-07,225.02,233.37,95.83,1
G0014688,A00508,S005,2024-07-07,234.59,233.37,100.0,0
G0014689,A00501,S005,2024-07-08,285.65,287.13,100.0,0
G0014690,A00502,S005,2024-07-08,285.24,287.13,100.0,0
G0014691,A00503,S005,2024-07-08,287.48,287.13,100.0,0
G0014692,A00504,S005,2024-07-08,262.18,287.13,100.0,0
G0014693,A00505,S005,2024-07-08,287.94,287.13,100.0,0
G0014694,A00506,S005,2024-07-08,286.78,287.13,100.0,0
G0014695,A00507,S005,2024-07-08,288.81,287.13,100.0,0
G0014696,A00508,S005,2024-07-08,287.56,287.13,100.0,0
G0014697,A00501,S005,2024-07-09,119.48,126.09,95.83,1
G0014698,A00502,S005,2024-07-09,124.78,126.09,100.0,0
G0014699,A00503,S005,2024-07-09,124.9,126.09,100.0,0
G0014700,A00504,S005,2024-07-09,114.92,126.09,100.0,0
G0014701,A00505,S005,2024-07-09,127.02,126.09,100.0,0
G0014702,A00506,S005,2024-07-09,124.2,126.09,100.0,0
G0014703,A00507,S005,2024-07-09,125.44,126.09,100.0,0
G0014704,A00508,S005,2024-07-09,124.18,126.09,100.0,0
G0014705,A00501,S005,2024-07-10,176.95,176.91,100.0,0
G0014706,A00502,S005,2024-07-10,178.17,176.91,100.0,0
G0014707,A00503,S005,2024-07-10,176.03,176.91,100.0,0
G0014708,A00504,S005,2024-07-10,175.82,176.91,100.0,0
G0014709,A00505,S005,2024-07-10,141.18,176.91,100.0,0
G0014710,A00506,S005,2024-07-10,114.95,176.91,100.0,0
G0014711,A00507,S005,2024-07-10,161.46,176.91,91.67,2
G0014712,A00508,S005,2024-07-10,176.45,176.91,100.0,0
G0014713,A00501,S005,2024-07-11,145.1,158.88,100.0,0
G0014714,A00502,S005,2024-07-11,158.12,158.88,100.0,0
G0014715,A00503,S005,2024-07-11,144.29,158.88,100.0,0
G0014716,A00504,S005,2024-07-11,159.13,158.88,100.0,0
G0014717,A00505,S005,2024-07-11,160.01,158.88,100.0,0
G0014718,A00506,S005,2024-07-11,159.23,158.88,100.0,0
G0014719,A00507,S005,2024-07-11,158.01,158.88,100.0,0
G0014720,A00508,S005,2024-07-11,159.99,158.88,100.0,0
G0014721,A00501,S005,2024-07-12,80.66,82.38,100.0,0
G0014722,A00502,S005,2024-07-12,80.74,82.38,100.0,0
G0014723,A00503,S005,2024-07-12,75.23,82.38,100.0,0
G0014724,A00504,S005,2024-07-12,80.37,82.38,95.83,1
G0014725,A00505,S005,2024-07-12,68.23,82.38,91.67,2
G0014726,A00506,S005,2024-07-12,73.58,82.38,91.67,2
G0014727,A00507,S005,2024-07-12,82.57,82.38,100.0,0
G0014728,A00508,S005,2024-07-12,83.54,82.38,100.0,0
G0014729,A00501,S005,2024-07-13,117.76,119.58,100.0,0
G0014730,A00502,S005,2024-07-13,119.14,119.58,100.0,0
G0014731,A00503,S005,2024-07-13,90.25,119.58,83.33,4
G0014732,A00504,S005,2024-07-13,119.29,119.58,100.0,0
G0014733,A00505,S005,2024-07-13,120.2,119.58,100.0,0
G0014734,A00506,S005,2024-07-13,120.21,119.58,100.0,0
G0014735,A00507,S005,2024-07-13,98.77,119.58,83.33,4
G0014736,A00508,S005,2024-07-13,96.39,119.58,100.0,0
G0014737,A00501,S005,2024-07-14,277.06,278.17,100.0,0
G0014738,A00502,S005,2024-07-14,277.31,278.17,100.0,0
G0014739,A00503,S005,2024-07-14,279.06,278.17,100.0,0
G0014740,A00504,S005,2024-07-14,278.9,278.17,100.0,0
G0014741,A00505,S005,2024-07-14,279.83,278.17,100.0,0
G0014742,A00506,S005,2024-07-14,256.94,278.17,100.0,0
G0014743,A00507,S005,2024-07-14,276.38,278.17,100.0,0
G0014744,A00508,S005,2024-07-14,277.59,278.17,100.0,0
G0014745,A00501,S005,2024-07-15,75.17,75.02,100.0,0
G0014746,A00502,S005,2024-07-15,75.19,75.02,100.0,0
G0014747,A00503,S005,2024-07-15,59.33,75.02,100.0,0
G0014748,A00504,S005,2024-07-15,75.89,75.02,100.0,0
G0014749,A00505,S005,2024-07-15,47.0,75.02,100.0,0
G0014750,A00506,S005,2024-07-15,73.75,75.02,100.0,0
G0014751,A00507,S005,2024-07-15,76.12,75.02,100.0,0
G0014752,A00508,S005,2024-07-15,74.67,75.02,100.0,0
G0014753,A00501,S005,2024-07-16,207.27,207.45,100.0,0
G0014754,A00502,S005,2024-07-16,207.68,207.45,100.0,0
G0014755,A00503,S005,2024-07-16,191.5,207.45,100.0,0
G0014756,A00504,S005,2024-07-16,205.89,207.45,100.0,0
G0014757,A00505,S005,2024-07-16,209.07,207.45,100.0,0
G0014758,A00506,S005,2024-07-16,205.91,207.45,100.0,0
G0014759,A00507,S005,2024-07-16,206.32,207.45,100.0,0
G0014760,A00508,S005,2024-07-16,207.23,207.45,100.0,0
G0014761,A00501,S005,2024-07-17,177.04,177.37,100.0,0
G0014762,A00502,S005,2024-07-17,176.96,177.37,100.0,0
G0014763,A00503,S005,2024-07-17,178.16,177.37,100.0,0
G0014764,A00504,S005,2024-07-17,175.99,177.37,100.0,0
G0014765,A00505,S005,2024-07-17,179.35,177.37,100.0,0
G0014766,A00506,S005,2024-07-17,176.1,177.37,100.0,0
G0014767,A00507,S005,2024-07-17,178.49,177.37,100.0,0
G0014768,A00508,S005,2024-07-17,178.27,177.37,100.0,0
G0014769,A00501,S005,2024-07-18,199.3,200.71,100.0,0
G0014770,A00502,S005,2024-07-18,201.65,200.71,100.0,0
G0014771,A00503,S005,2024-07-18,199.58,200.71,100.0,0
G0014772,A00504,S005,2024-07-18,202.41,200.71,100.0,0
G0014773,A00505,S005,2024-07-18,185.0,200.71,100.0,0
G0014774,A00506,S005,2024-07-18,199.71,200.71,100.0,0
G0014775,A00507,S005,2024-07-18,202.7,200.71,100.0,0
G0014776,A00508,S005,2024-07-18,202.67,200.71,100.0,0
G0014777,A00501,S005,2024-07-19,79.85,120.12,83.33,4
G0014778,A00502,S005,2024-07-19,120.71,120.12,100.0,0
G0014779,A00503,S005,2024-07-19,118.69,120.12,100.0,0
G0014780,A00504,S005,2024-07-19,121.46,120.12,100.0,0
G0014781,A00505,S005,2024-07-19,118.81,120.12,100.0,0
G0014782,A00506,S005,2024-07-19,120.74,120.12,100.0,0
G0014783,A00507,S005,2024-07-19,121.17,120.12,100.0,0
G0014784,A00508,S005,2024-07-19,98.34,120.12,83.33,4
G0014785,A00501,S005,2024-07-20,124.64,123.24,100.0,0
G0014786,A00502,S005,2024-07-20,123.4,123.24,100.0,0
G0014787,A00503,S005,2024-07-20,123.82,123.24,100.0,0
G0014788,A00504,S005,2024-07-20,121.92,123.24,100.0,0
G0014789,A00505,S005,2024-07-20,123.72,123.24,100.0,0
G0014790,A00506,S005,2024-07-20,122.91,123.24,100.0,0
G0014791,A00507,S005,2024-07-20,95.27,123.24,95.83,1
G0014792,A00508,S005,2024-07-20,123.42,123.24,100.0,0
G0014793,A00501,S005,2024-07-21,275.64,275.34,100.0,0
G0014794,A00502,S005,2024-07-21,180.0,275.34,100.0,0
G0014795,A00503,S005,2024-07-21,274.03,275.34,100.0,0
G0014796,A00504,S005,2024-07-21,180.83,275.34,100.0,0
G0014797,A00505,S005,2024-07-21,276.13,275.34,100.0,0
G0014798,A00506,S005,2024-07-21,274.5,275.34,100.0,0
G0014799,A00507,S005,2024-07-21,218.64,275.34,100.0,0
G0014800,A00508,S005,2024-07-21,252.15,275.34,91.67,2
G0014801,A00501,S005,2024-07-22,122.51,121.53,100.0,0
G0014802,A00502,S005,2024-07-22,111.7,121.53,100.0,0
G0014803,A00503,S005,2024-07-22,120.36,121.53,100.0,0
G0014804,A00504,S005,2024-07-22,119.81,121.53,100.0,0
G0014805,A00505,S005,2024-07-22,121.38,121.53,100.0,0
G0014806,A00506,S005,2024-07-22,122.91,121.53,100.0,0
G0014807,A00507,S005,2024-07-22,120.81,121.53,100.0,0
G0014808,A00508,S005,2024-07-22,120.69,121.53,100.0,0
G0014809,A00501,S005,2024-07-23,120.24,120.84,100.0,0
G0014810,A00502,S005,2024-07-23,122.29,120.84,100.0,0
G0014811,A00503,S005,2024-07-23,120.01,120.84,100.0,0
G0014812,A00504,S005,2024-07-23,80.75,120.84,66.67,8
G0014813,A00505,S005,2024-07-23,119.83,120.84,100.0,0
G0014814,A00506,S005,2024-07-23,120.68,120.84,100.0,0
G0014815,A00507,S005,2024-07-23,78.08,120.84,100.0,0
G0014816,A00508,S005,2024-07-23,121.1,120.84,100.0,0
G0014817,A00501,S005,2024-07-24,172.82,173.56,100.0,0
G0014818,A00502,S005,2024-07-24,171.67,173.56,100.0,0
G0014819,A00503,S005,2024-07-24,172.61,173.56,100.0,0
G0014820,A00504,S005,2024-07-24,159.41,173.56,100.0,0
G0014821,A00505,S005,2024-07-24,160.52,173.56,91.67,2
G0014822,A00506,S005,2024-07-24,172.28,173.56,100.0,0
G0014823,A00507,S005,2024-07-24,174.44,173.56,100.0,0
G0014824,A00508,S005,2024-07-24,172.95,173.56,100.0,0
G0014825,A00501,S005,2024-07-25,313.58,313.5,100.0,0
G0014826,A00502,S005,2024-07-25,287.45,313.5,100.0,0
G0014827,A00503,S005,2024-07-25,204.31,313.5,100.0,0
G0014828,A00504,S005,2024-07-25,312.44,313.5,100.0,0
G0014829,A00505,S005,2024-07-25,288.11,313.5,91.67,2
G0014830,A00506,S005,2024-07-25,312.46,313.5,100.0,0
G0014831,A00507,S005,2024-07-25,315.43,313.5,100.0,0
G0014832,A00508,S005,2024-07-25,314.52,313.5,100.0,0
G0014833,A00501,S005,2024-07-26,55.38,55.74,100.0,0
G0014834,A00502,S005,2024-07-26,48.91,55.74,95.83,1
G0014835,A00503,S005,2024-07-26,50.96,55.74,91.67,2
G0014836,A00504,S005,2024-07-26,57.16,55.74,100.0,0
G0014837,A00505,S005,2024-07-26,43.44,55.74,100.0,0
G0014838,A00506,S005,2024-07-26,56.55,55.74,100.0,0
G0014839,A00507,S005,2024-07-26,55.99,55.74,100.0,0
G0014840,A00508,S005,2024-07-26,57.51,55.74,100.0,0
G0014841,A00501,S005,2024-07-27,180.27,180.0,100.0,0
G0014842,A00502,S005,2024-07-27,178.01,180.0,100.0,0
G0014843,A00503,S005,2024-07-27,166.19,180.0,100.0,0
G0014844,A00504,S005,2024-07-27,170.85,180.0,95.83,1
G0014845,A00505,S005,2024-07-27,142.02,180.0,100.0,0
G0014846,A00506,S005,2024-07-27,180.68,180.0,100.0,0
G0014847,A00507,S005,2024-07-27,180.22,180.0,100.0,0
G0014848,A00508,S005,2024-07-27,179.1,180.0,100.0,0
G0014849,A00501,S005,2024-07-28,276.21,313.5,95.83,1
G0014850,A00502,S005,2024-07-28,312.29,313.5,100.0,0
G0014851,A00503,S005,2024-07-28,315.38,313.5,100.0,0
G0014852,A00504,S005,2024-07-28,314.17,313.5,100.0,0
G0014853,A00505,S005,2024-07-28,314.2,313.5,100.0,0
G0014854,A00506,S005,2024-07-28,314.25,313.5,100.0,0
G0014855,A00507,S005,2024-07-28,313.79,313.5,100.0,0
G0014856,A00508,S005,2024-07-28,314.2,313.5,100.0,0
G0014857,A00501,S005,2024-07-29,148.8,147.94,100.0,0
G0014858,A00502,S005,2024-07-29,90.19,147.94,66.67,8
G0014859,A00503,S005,2024-07-29,146.68,147.94,100.0,0
G0014860,A00504,S005,2024-07-29,146.57,147.94,100.0,0
G0014861,A00505,S005,2024-07-29,149.0,147.94,100.0,0
G0014862,A00506,S005,2024-07-29,136.63,147.94,100.0,0
G0014863,A00507,S005,2024-07-29,123.44,147.94,83.33,4
G0014864,A00508,S005,2024-07-29,146.12,147.94,100.0,0
G0014865,A00501,S005,2024-07-30,189.14,187.56,100.0,0
G0014866,A00502,S005,2024-07-30,188.98,187.56,100.0,0
G0014867,A00503,S005,2024-07-30,188.58,187.56,100.0,0
G0014868,A00504,S005,2024-07-30,173.01,187.56,100.0,0
G0014869,A00505,S005,2024-07-30,173.86,187.56,100.0,0
G0014870,A00506,S005,2024-07-30,172.97,187.56,100.0,0
G0014871,A00507,S005,2024-07-30,187.73,187.56,100.0,0
G0014872,A00508,S005,2024-07-30,186.19,187.56,100.0,0
G0014873,A00501,S005,2024-07-31,155.81,201.44,83.33,4
G0014874,A00502,S005,2024-07-31,203.23,201.44,100.0,0
G0014875,A00503,S005,2024-07-31,185.19,201.44,100.0,0
G0014876,A00504,S005,2024-07-31,201.19,201.44,100.0,0
G0014877,A00505,S005,2024-07-31,201.84,201.44,100.0,0
G0014878,A00506,S005,2024-07-31,202.72,201.44,100.0,0
G0014879,A00507,S005,2024-07-31,194.72,201.44,95.83,1
G0014880,A00508,S005,2024-07-31,202.61,201.44,100.0,0
G0014881,A00501,S005,2024-08-01,96.25,97.84,100.0,0
G0014882,A00502,S005,2024-08-01,96.09,97.84,100.0,0
G0014883,A00503,S005,2024-08-01,97.91,97.84,100.0,0
G0014884,A00504,S005,2024-08-01,99.75,97.84,100.0,0
G0014885,A00505,S005,2024-08-01,99.09,97.84,100.0,0
G0014886,A00506,S005,2024-08-01,91.74,97.84,100.0,0
G0014887,A00507,S005,2024-08-01,98.41,97.84,100.0,0
G0014888,A00508,S005,2024-08-01,95.85,97.84,100.0,0
G0014889,A00501,S005,2024-08-02,14.74,16.5,100.0,0
G0014890,A00502,S005,2024-08-02,16.01,16.5,91.67,2
G0014891,A00503,S005,2024-08-02,15.91,16.5,100.0,0
G0014892,A00504,S005,2024-08-02,18.03,16.5,100.0,0
G0014893,A00505,S005,2024-08-02,15.66,16.5,100.0,0
G0014894,A00506,S005,2024-08-02,17.73,16.5,100.0,0
G0014895,A00507,S005,2024-08-02,18.0,16.5,100.0,0
G0014896,A00508,S005,2024-08-02,11.47,16.5,100.0,0
G0014897,A00501,S005,2024-08-03,125.65,156.0,100.0,0
G0014898,A00502,S005,2024-08-03,124.67,156.0,100.0,0
G0014899,A00503,S005,2024-08-03,100.14,156.0,100.0,0
G0014900,A00504,S005,2024-08-03,157.75,156.0,100.0,0
G0014901,A00505,S005,2024-08-03,156.75,156.0,100.0,0
G0014902,A00506,S005,2024-08-03,156.41,156.0,100.0,0
G0014903,A00507,S005,2024-08-03,154.89,156.0,100.0,0
G0014904,A00508,S005,2024-08-03,155.94,156.0,100.0,0
G0014905,A00501,S005,2024-08-04,147.59,146.01,100.0,0
G0014906,A00502,S005,2024-08-04,135.51,146.01,100.0,0
G0014907,A00503,S005,2024-08-04,144.39,146.01,100.0,0
G0014908,A00504,S005,2024-08-04,144.65,146.01,100.0,0
G0014909,A00505,S005,2024-08-04,146.15,146.01,100.0,0
G0014910,A00506,S005,2024-08-04,117.54,146.01,100.0,0
G0014911,A00507,S005,2024-08-04,146.44,146.01,100.0,0
G0014912,A00508,S005,2024-08-04,145.06,146.01,100.0,0
G0014913,A00501,S005,2024-08-05,108.75,107.26,100.0,0
G0014914,A00502,S005,2024-08-05,106.23,107.26,100.0,0
G0014915,A00503,S005,2024-08-05,100.11,107.26,100.0,0
G0014916,A00504,S005,2024-08-05,106.52,107.26,100.0,0
G0014917,A00505,S005,2024-08-05,105.48,107.26,100.0,0
G0014918,A00506,S005,2024-08-05,107.24,107.26,100.0,0
G0014919,A00507,S005,2024-08-05,96.56,107.26,91.67,2
G0014920,A00508,S005,2024-08-05,99.06,107.26,100.0,0
G0014921,A00501,S005,2024-08-06,313.69,313.5,100.0,0
G0014922,A00502,S005,2024-08-06,314.74,313.5,100.0,0
G0014923,A00503,S005,2024-08-06,311.95,313.5,100.0,0
G0014924,A00504,S005,2024-08-06,314.78,313.5,100.0,0
G0014925,A00505,S005,2024-08-06,278.03,313.5,95.83,1
G0014926,A00506,S005,2024-08-06,249.64,313.5,100.0,0
G0014927,A00507,S005,2024-08-06,311.53,313.5,100.0,0
G0014928,A00508,S005,2024-08-06,312.99,313.5,100.0,0
G0014929,A00501,S005,2024-08-07,179.26,194.37,100.0,0
G0014930,A00502,S005,2024-08-07,125.5,194.37,100.0,0
G0014931,A00503,S005,2024-08-07,192.45,194.37,100.0,0
G0014932,A00504,S005,2024-08-07,193.81,194.37,100.0,0
G0014933,A00505,S005,2024-08-07,187.68,194.37,95.83,1
G0014934,A00506,S005,2024-08-07,177.6,194.37,91.67,2
G0014935,A00507,S005,2024-08-07,193.59,194.37,100.0,0
G0014936,A00508,S005,2024-08-07,193.43,194.37,100.0,0
G0014937,A00501,S005,2024-08-08,97.8,98.59,100.0,0
G0014938,A00502,S005,2024-08-08,98.3,98.59,100.0,0
G0014939,A00503,S005,2024-08-08,94.6,98.59,95.83,1
G0014940,A00504,S005,2024-08-08,86.68,98.59,95.83,1
G0014941,A00505,S005,2024-08-08,96.64,98.59,100.0,0
G0014942,A00506,S005,2024-08-08,96.72,98.59,100.0,0
G0014943,A00507,S005,2024-08-08,98.45,98.59,100.0,0
G0014944,A00508,S005,2024-08-08,100.11,98.59,100.0,0
G0014945,A00501,S005,2024-08-09,44.89,43.28,100.0,0
G0014946,A00502,S005,2024-08-09,43.11,43.28,100.0,0
G0014947,A00503,S005,2024-08-09,42.55,43.28,100.0,0
G0014948,A00504,S005,2024-08-09,43.14,43.28,100.0,0
G0014949,A00505,S005,2024-08-09,40.34,43.28,91.67,2
G0014950,A00506,S005,2024-08-09,34.62,43.28,100.0,0
G0014951,A00507,S005,2024-08-09,41.93,43.28,100.0,0
G0014952,A00508,S005,2024-08-09,29.83,43.28,66.67,8
G0014953,A00501,S005,2024-08-10,215.27,214.78,100.0,0
G0014954,A00502,S005,2024-08-10,196.65,214.78,100.0,0
G0014955,A00503,S005,2024-08-10,214.09,214.78,100.0,0
G0014956,A00504,S005,2024-08-10,195.88,214.78,100.0,0
G0014957,A00505,S005,2024-08-10,212.88,214.78,100.0,0
G0014958,A00506,S005,2024-08-10,212.98,214.78,100.0,0
G0014959,A00507,S005,2024-08-10,126.96,214.78,91.67,2
G0014960,A00508,S005,2024-08-10,215.99,214.78,100.0,0
G0014961,A00501,S005,2024-08-11,257.13,278.35,100.0,0
G0014962,A00502,S005,2024-08-11,265.45,278.35,95.83,1
G0014963,A00503,S005,2024-08-11,276.88,278.35,100.0,0
G0014964,A00504,S005,2024-08-11,277.85,278.35,100.0,0
G0014965,A00505,S005,2024-08-11,279.51,278.35,100.0,0
G0014966,A00506,S005,2024-08-11,279.39,278.35,100.0,0
G0014967,A00507,S005,2024-08-11,220.71,278.35,100.0,0
G0014968,A00508,S005,2024-08-11,276.64,278.35,100.0,0
G0014969,A00501,S005,2024-08-12,92.16,102.03,100.0,0
G0014970,A00502,S005,2024-08-12,99.28,102.03,95.83,1
G0014971,A00503,S005,2024-08-12,103.41,102.03,100.0,0
G0014972,A00504,S005,2024-08-12,103.88,102.03,100.0,0
G0014973,A00505,S005,2024-08-12,102.11,102.03,100.0,0
G0014974,A00506,S005,2024-08-12,101.78,102.03,100.0,0
G0014975,A00507,S005,2024-08-12,102.98,102.03,100.0,0
G0014976,A00508,S005,2024-08-12,101.41,102.03,100.0,0
G0014977,A00501,S005,2024-08-13,100.89,107.51,100.0,0
G0014978,A00502,S005,2024-08-13,107.64,107.51,100.0,0
G0014979,A00503,S005,2024-08-13,97.02,107.51,91.67,2
G0014980,A00504,S005,2024-08-13,86.47,107.51,100.0,0
G0014981,A00505,S005,2024-08-13,106.78,107.51,100.0,0
G0014982,A00506,S005,2024-08-13,105.65,107.51,100.0,0
G0014983,A00507,S005,2024-08-13,87.41,107.51,100.0,0
G0014984,A00508,S005,2024-08-13,106.57,107.51,100.0,0
G0014985,A00501,S005,2024-08-14,94.99,95.87,100.0,0
G0014986,A00502,S005,2024-08-14,94.83,95.87,100.0,0
G0014987,A00503,S005,2024-08-14,96.9,95.87,100.0,0
G0014988,A00504,S005,2024-08-14,95.5,95.87,100.0,0
G0014989,A00505,S005,2024-08-14,90.04,95.87,100.0,0
G0014990,A00506,S005,2024-08-14,97.18,95.87,100.0,0
G0014991,A00507,S005,2024-08-14,88.92,95.87,100.0,0
G0014992,A00508,S005,2024-08-14,97.68,95.87,100.0,0
G0014993,A00501,S005,2024-08-15,100.4,124.24,100.0,0
G0014994,A00502,S005,2024-08-15,123.19,124.24,100.0,0
G0014995,A00503,S005,2024-08-15,101.17,124.24,100.0,0
G0014996,A00504,S005,2024-08-15,124.2,124.24,100.0,0
G0014997,A00505,S005,2024-08-15,113.65,124.24,91.67,2
G0014998,A00506,S005,2024-08-15,102.6,124.24,83.33,4
G0014999,A00507,S005,2024-08-15,97.97,124.24,100.0,0
G0015000,A00508,S005,2024-08-15,104.91,124.24,83.33,4
G0015001,A00501,S005,2024-08-16,112.14,112.22,100.0,0
G0015002,A00502,S005,2024-08-16,112.84,112.22,100.0,0
G0015003,A00503,S005,2024-08-16,110.83,112.22,100.0,0
G0015004,A00504,S005,2024-08-16,111.63,112.22,100.0,0
G0015005,A00505,S005,2024-08-16,101.84,112.22,100.0,0
G0015006,A00506,S005,2024-08-16,110.42,112.22,100.0,0
G0015007,A00507,S005,2024-08-16,102.81,112.22,100.0,0
G0015008,A00508,S005,2024-08-16,110.64,112.22,100.0,0
G0015009,A00501,S005,2024-08-17,120.45,185.49,100.0,0
G0015010,A00502,S005,2024-08-17,183.97,185.49,100.0,0
G0015011,A00503,S005,2024-08-17,185.49,185.49,100.0,0
G0015012,A00504,S005,2024-08-17,183.72,185.49,100.0,0
G0015013,A00505,S005,2024-08-17,148.09,185.49,100.0,0
G0015014,A00506,S005,2024-08-17,183.7,185.49,100.0,0
G0015015,A00507,S005,2024-08-17,186.12,185.49,100.0,0
G0015016,A00508,S005,2024-08-17,184.52,185.49,100.0,0
G0015017,A00501,S005,2024-08-18,44.89,56.88,95.83,1
G0015018,A00502,S005,2024-08-18,57.41,56.88,100.0,0
G0015019,A00503,S005,2024-08-18,55.12,56.88,100.0,0
G0015020,A00504,S005,2024-08-18,56.5,56.88,100.0,0
G0015021,A00505,S005,2024-08-18,58.84,56.88,100.0,0
G0015022,A00506,S005,2024-08-18,56.2,56.88,100.0,0
G0015023,A00507,S005,2024-08-18,56.37,56.88,95.83,1
G0015024,A00508,S005,2024-08-18,56.36,56.88,100.0,0
G0015025,A00501,S005,2024-08-19,139.87,147.4,95.83,1
G0015026,A00502,S005,2024-08-19,122.91,147.4,83.33,4
G0015027,A00503,S005,2024-08-19,97.57,147.4,66.67,8
G0015028,A00504,S005,2024-08-19,148.16,147.4,100.0,0
G0015029,A00505,S005,2024-08-19,146.87,147.4,100.0,0
G0015030,A00506,S005,2024-08-19,137.14,147.4,100.0,0
G0015031,A00507,S005,2024-08-19,133.83,147.4,91.67,2
G0015032,A00508,S005,2024-08-19,147.53,147.4,100.0,0
G0015033,A00501,S005,2024-08-20,21.51,21.61,100.0,0
G0015034,A00502,S005,2024-08-20,23.09,21.61,100.0,0
G0015035,A00503,S005,2024-08-20,20.63,21.61,100.0,0
G0015036,A00504,S005,2024-08-20,17.29,21.61,100.0,0
G0015037,A00505,S005,2024-08-20,22.74,21.61,100.0,0
G0015038,A00506,S005,2024-08-20,22.52,21.61,100.0,0
G0015039,A00507,S005,2024-08-20,20.37,21.61,100.0,0
G0015040,A00508,S005,2024-08-20,21.29,21.61,100.0,0
G0015041,A00501,S005,2024-08-21,94.42,93.64,100.0,0
G0015042,A00502,S005,2024-08-21,61.98,93.64,100.0,0
G0015043,A00503,S005,2024-08-21,95.1,93.64,100.0,0
G0015044,A00504,S005,2024-08-21,92.58,93.64,100.0,0
G0015045,A00505,S005,2024-08-21,77.26,93.64,83.33,4
G0015046,A00506,S005,2024-08-21,74.48,93.64,100.0,0
G0015047,A00507,S005,2024-08-21,92.95,93.64,100.0,0
G0015048,A00508,S005,2024-08-21,94.65,93.64,100.0,0
G0015049,A00501,S005,2024-08-22,115.98,117.24,100.0,0
G0015050,A00502,S005,2024-08-22,116.81,117.24,100.0,0
G0015051,A00503,S005,2024-08-22,116.21,117.24,100.0,0
G0015052,A00504,S005,2024-08-22,116.97,117.24,100.0,0
G0015053,A00505,S005,2024-08-22,118.75,117.24,100.0,0
G0015054,A00506,S005,2024-08-22,117.33,117.24,100.0,0
G0015055,A00507,S005,2024-08-22,115.83,117.24,100.0,0
G0015056,A00508,S005,2024-08-22,117.72,117.24,100.0,0
G0015057,A00501,S005,2024-08-23,287.56,313.5,100.0,0
G0015058,A00502,S005,2024-08-23,313.91,313.5,100.0,0
G0015059,A00503,S005,2024-08-23,313.54,313.5,100.0,0
G0015060,A00504,S005,2024-08-23,312.1,313.5,100.0,0
G0015061,A00505,S005,2024-08-23,312.67,313.5,100.0,0
G0015062,A00506,S005,2024-08-23,249.17,313.5,100.0,0
G0015063,A00507,S005,2024-08-23,314.25,313.5,100.0,0
G0015064,A00508,S005,2024-08-23,315.26,313.5,100.0,0
G0015065,A00501,S005,2024-08-24,261.56,313.5,83.33,4
G0015066,A00502,S005,2024-08-24,313.75,313.5,100.0,0
G0015067,A00503,S005,2024-08-24,251.48,313.5,100.0,0
G0015068,A00504,S005,2024-08-24,313.87,313.5,100.0,0
G0015069,A00505,S005,2024-08-24,313.0,313.5,100.0,0
G0015070,A00506,S005,2024-08-24,312.42,313.5,100.0,0
G0015071,A00507,S005,2024-08-24,314.04,313.5,100.0,0
G0015072,A00508,S005,2024-08-24,313.59,313.5,100.0,0
G0015073,A00501,S005,2024-08-25,76.29,99.99,95.83,1
G0015074,A00502,S005,2024-08-25,100.28,99.99,100.0,0
G0015075,A00503,S005,2024-08-25,100.35,99.99,100.0,0
G0015076,A00504,S005,2024-08-25,98.74,99.99,100.0,0
G0015077,A00505,S005,2024-08-25,90.04,99.99,100.0,0
G0015078,A00506,S005,2024-08-25,101.88,99.99,100.0,0
G0015079,A00507,S005,2024-08-25,99.31,99.99,100.0,0
G0015080,A00508,S005,2024-08-25,100.32,99.99,100.0,0
G0015081,A00501,S005,2024-08-26,312.58,313.5,100.0,0
G0015082,A00502,S005,2024-08-26,314.68,313.5,100.0,0
G0015083,A00503,S005,2024-08-26,315.06,313.5,100.0,0
G0015084,A00504,S005,2024-08-26,311.74,313.5,100.0,0
G0015085,A00505,S005,2024-08-26,261.02,313.5,83.33,4
G0015086,A00506,S005,2024-08-26,314.41,313.5,100.0,0
G0015087,A00507,S005,2024-08-26,287.77,313.5,100.0,0
G0015088,A00508,S005,2024-08-26,312.56,313.5,100.0,0
G0015089,A00501,S005,2024-08-27,194.51,193.23,100.0,0
G0015090,A00502,S005,2024-08-27,185.02,193.23,95.83,1
G0015091,A00503,S005,2024-08-27,185.22,193.23,95.83,1
G0015092,A00504,S005,2024-08-27,192.76,193.23,100.0,0
G0015093,A00505,S005,2024-08-27,193.43,193.23,100.0,0
G0015094,A00506,S005,2024-08-27,192.81,193.23,100.0,0
G0015095,A00507,S005,2024-08-27,193.23,193.23,100.0,0
G0015096,A00508,S005,2024-08-27,194.32,193.23,100.0,0
G0015097,A00501,S005,2024-08-28,299.16,313.5,95.83,1
G0015098,A00502,S005,2024-08-28,312.41,313.5,100.0,0
G0015099,A00503,S005,2024-08-28,312.82,313.5,100.0,0
G0015100,A00504,S005,2024-08-28,313.94,313.5,100.0,0
G0015101,A00505,S005,2024-08-28,314.95,313.5,100.0,0
G0015102,A00506,S005,2024-08-28,314.48,313.5,100.0,0
G0015103,A00507,S005,2024-08-28,315.38,313.5,100.0,0
G0015104,A00508,S005,2024-08-28,302.2,313.5,95.83,1
G0015105,A00501,S005,2024-08-29,246.91,244.98,100.0,0
G0015106,A00502,S005,2024-08-29,243.03,244.98,100.0,0
G0015107,A00503,S005,2024-08-29,243.38,244.98,100.0,0
G0015108,A00504,S005,2024-08-29,245.44,244.98,100.0,0
G0015109,A00505,S005,2024-08-29,223.8,244.98,91.67,2
G0015110,A00506,S005,2024-08-29,244.94,244.98,100.0,0
G0015111,A00507,S005,2024-08-29,243.39,244.98,100.0,0
G0015112,A00508,S005,2024-08-29,244.85,244.98,100.0,0
G0015113,A00501,S005,2024-08-30,190.41,200.61,95.83,1
G0015114,A00502,S005,2024-08-30,191.05,200.61,95.83,1
G0015115,A00503,S005,2024-08-30,200.1,200.61,100.0,0
G0015116,A00504,S005,2024-08-30,165.85,200.61,83.33,4
G0015117,A00505,S005,2024-08-30,200.28,200.61,100.0,0
G0015118,A00506,S005,2024-08-30,194.04,200.61,95.83,1
G0015119,A00507,S005,2024-08-30,201.7,200.61,100.0,0
G0015120,A00508,S005,2024-08-30,168.44,200.61,83.33,4
G0015121,A00501,S005,2024-08-31,166.29,167.73,100.0,0
G0015122,A00502,S005,2024-08-31,113.06,167.73,66.67,8
G0015123,A00503,S005,2024-08-31,169.41,167.73,100.0,0
G0015124,A00504,S005,2024-08-31,136.07,167.73,100.0,0
G0015125,A00505,S005,2024-08-31,167.15,167.73,100.0,0
G0015126,A00506,S005,2024-08-31,167.14,167.73,100.0,0
G0015127,A00507,S005,2024-08-31,154.71,167.73,100.0,0
G0015128,A00508,S005,2024-08-31,165.8,167.73,100.0,0
G0015129,A00501,S005,2024-09-01,58.74,116.28,50.0,12
G0015130,A00502,S005,2024-09-01,116.67,116.28,100.0,0
G0015131,A00503,S005,2024-09-01,107.32,116.28,100.0,0
G0015132,A00504,S005,2024-09-01,114.49,116.28,100.0,0
G0015133,A00505,S005,2024-09-01,116.44,116.28,100.0,0
G0015134,A00506,S005,2024-09-01,118.01,116.28,100.0,0
G0015135,A00507,S005,2024-09-01,108.37,116.28,100.0,0
G0015136,A00508,S005,2024-09-01,92.0,116.28,100.0,0
G0015137,A00501,S005,2024-09-02,59.33,58.55,100.0,0
G0015138,A00502,S005,2024-09-02,57.33,58.55,100.0,0
G0015139,A00503,S005,2024-09-02,52.26,58.55,100.0,0
G0015140,A00504,S005,2024-09-02,57.88,58.55,100.0,0
G0015141,A00505,S005,2024-09-02,51.69,58.55,91.67,2
G0015142,A00506,S005,2024-09-02,47.66,58.55,91.67,2
G0015143,A00507,S005,2024-09-02,57.46,58.55,100.0,0
G0015144,A00508,S005,2024-09-02,46.44,58.55,100.0,0
G0015145,A00501,S005,2024-09-03,61.04,65.97,100.0,0
G0015146,A00502,S005,2024-09-03,66.4,65.97,100.0,0
G0015147,A00503,S005,2024-09-03,64.56,65.97,100.0,0
G0015148,A00504,S005,2024-09-03,59.73,65.97,91.67,2
G0015149,A00505,S005,2024-09-03,65.65,65.97,100.0,0
G0015150,A00506,S005,2024-09-03,67.86,65.97,100.0,0
G0015151,A00507,S005,2024-09-03,67.24,65.97,100.0,0
G0015152,A00508,S005,2024-09-03,66.56,65.97,100.0,0
G0015153,A00501,S005,2024-09-04,232.9,232.48,100.0,0
G0015154,A00502,S005,2024-09-04,231.11,232.48,100.0,0
G0015155,A00503,S005,2024-09-04,231.59,232.48,100.0,0
G0015156,A00504,S005,2024-09-04,233.83,232.48,100.0,0
G0015157,A00505,S005,2024-09-04,234.07,232.48,100.0,0
G0015158,A00506,S005,2024-09-04,231.76,232.48,100.0,0
G0015159,A00507,S005,2024-09-04,215.79,232.48,100.0,0
G0015160,A00508,S005,2024-09-04,213.01,232.48,91.67,2
G0015161,A00501,S005,2024-09-05,159.26,165.4,95.83,1
G0015162,A00502,S005,2024-09-05,106.66,165.4,100.0,0
G0015163,A00503,S005,2024-09-05,153.99,165.4,100.0,0
G0015164,A00504,S005,2024-09-05,132.01,165.4,100.0,0
G0015165,A00505,S005,2024-09-05,165.4,165.4,100.0,0
G0015166,A00506,S005,2024-09-05,163.85,165.4,100.0,0
G0015167,A00507,S005,2024-09-05,164.73,165.4,100.0,0
G0015168,A00508,S005,2024-09-05,163.42,165.4,100.0,0
G0015169,A00501,S005,2024-09-06,227.31,229.13,100.0,0
G0015170,A00502,S005,2024-09-06,192.07,229.13,83.33,4
G0015171,A00503,S005,2024-09-06,228.66,229.13,100.0,0
G0015172,A00504,S005,2024-09-06,211.4,229.13,100.0,0
G0015173,A00505,S005,2024-09-06,230.85,229.13,100.0,0
G0015174,A00506,S005,2024-09-06,228.69,229.13,100.0,0
G0015175,A00507,S005,2024-09-06,211.43,229.13,91.67,2
G0015176,A00508,S005,2024-09-06,229.44,229.13,100.0,0
G0015177,A00501,S005,2024-09-07,168.21,181.38,91.67,2
G0015178,A00502,S005,2024-09-07,180.7,181.38,100.0,0
G0015179,A00503,S005,2024-09-07,175.19,181.38,95.83,1
G0015180,A00504,S005,2024-09-07,179.94,181.38,100.0,0
G0015181,A00505,S005,2024-09-07,181.7,181.38,100.0,0
G0015182,A00506,S005,2024-09-07,179.64,181.38,100.0,0
G0015183,A00507,S005,2024-09-07,182.99,181.38,100.0,0
G0015184,A00508,S005,2024-09-07,183.13,181.38,100.0,0
G0015185,A00501,S005,2024-09-08,285.58,284.24,100.0,0
G0015186,A00502,S005,2024-09-08,284.98,284.24,100.0,0
G0015187,A00503,S005,2024-09-08,284.5,284.24,100.0,0
G0015188,A00504,S005,2024-09-08,283.18,284.24,100.0,0
G0015189,A00505,S005,2024-09-08,272.13,284.24,95.83,1
G0015190,A00506,S005,2024-09-08,282.76,284.24,100.0,0
G0015191,A00507,S005,2024-09-08,282.75,284.24,100.0,0
G0015192,A00508,S005,2024-09-08,286.22,284.24,100.0,0
G0015193,A00501,S005,2024-09-09,94.14,94.67,100.0,0
G0015194,A00502,S005,2024-09-09,96.61,94.67,100.0,0
G0015195,A00503,S005,2024-09-09,94.83,94.67,100.0,0
G0015196,A00504,S005,2024-09-09,95.88,94.67,100.0,0
G0015197,A00505,S005,2024-09-09,87.17,94.67,100.0,0
G0015198,A00506,S005,2024-09-09,94.76,94.67,100.0,0
G0015199,A00507,S005,2024-09-09,94.78,94.67,100.0,0
G0015200,A00508,S005,2024-09-09,96.2,94.67,100.0,0
G0015201,A00501,S005,2024-09-10,104.25,105.61,100.0,0
G0015202,A00502,S005,2024-09-10,105.22,105.61,100.0,0
G0015203,A00503,S005,2024-09-10,104.19,105.61,100.0,0
G0015204,A00504,S005,2024-09-10,106.73,105.61,100.0,0
G0015205,A00505,S005,2024-09-10,97.46,105.61,100.0,0
G0015206,A00506,S005,2024-09-10,104.86,105.61,100.0,0
G0015207,A00507,S005,2024-09-10,103.76,105.61,100.0,0
G0015208,A00508,S005,2024-09-10,104.94,105.61,100.0,0
G0015209,A00501,S005,2024-09-11,61.11,77.84,100.0,0
G0015210,A00502,S005,2024-09-11,77.76,77.84,100.0,0
G0015211,A00503,S005,2024-09-11,76.67,77.84,100.0,0
G0015212,A00504,S005,2024-09-11,76.33,77.84,100.0,0
G0015213,A00505,S005,2024-09-11,79.15,77.84,100.0,0
G0015214,A00506,S005,2024-09-11,61.05,77.84,100.0,0
G0015215,A00507,S005,2024-09-11,78.79,77.84,100.0,0
G0015216,A00508,S005,2024-09-11,77.97,77.84,100.0,0
G0015217,A00501,S005,2024-09-12,156.95,169.09,100.0,0
G0015218,A00502,S005,2024-09-12,167.47,169.09,100.0,0
G0015219,A00503,S005,2024-09-12,169.33,169.09,100.0,0
G0015220,A00504,S005,2024-09-12,168.99,169.09,100.0,0
G0015221,A00505,S005,2024-09-12,169.29,169.09,100.0,0
G0015222,A00506,S005,2024-09-12,167.12,169.09,100.0,0
G0015223,A00507,S005,2024-09-12,163.95,169.09,95.83,1
G0015224,A00508,S005,2024-09-12,169.98,169.09,100.0,0
G0015225,A00501,S005,2024-09-13,150.14,152.07,100.0,0
G0015226,A00502,S005,2024-09-13,123.06,152.07,100.0,0
G0015227,A00503,S005,2024-09-13,151.73,152.07,100.0,0
G0015228,A00504,S005,2024-09-13,141.54,152.07,100.0,0
G0015229,A00505,S005,2024-09-13,150.47,152.07,100.0,0
G0015230,A00506,S005,2024-09-13,150.09,152.07,100.0,0
G0015231,A00507,S005,2024-09-13,151.07,152.07,100.0,0
G0015232,A00508,S005,2024-09-13,152.96,152.07,100.0,0
G0015233,A00501,S005,2024-09-14,194.57,193.75,100.0,0
G0015234,A00502,S005,2024-09-14,193.33,193.75,100.0,0
G0015235,A00503,S005,2024-09-14,195.38,193.75,100.0,0
G0015236,A00504,S005,2024-09-14,156.65,193.75,100.0,0
G0015237,A00505,S005,2024-09-14,193.9,193.75,100.0,0
G0015238,A00506,S005,2024-09-14,194.55,193.75,100.0,0
G0015239,A00507,S005,2024-09-14,183.9,193.75,95.83,1
G0015240,A00508,S005,2024-09-14,176.27,193.75,100.0,0
G0015241,A00501,S005,2024-09-15,122.25,151.18,100.0,0
G0015242,A00502,S005,2024-09-15,151.94,151.18,100.0,0
G0015243,A00503,S005,2024-09-15,152.1,151.18,100.0,0
G0015244,A00504,S005,2024-09-15,121.44,151.18,100.0,0
G0015245,A00505,S005,2024-09-15,150.09,151.18,100.0,0
G0015246,A00506,S005,2024-09-15,151.73,151.18,100.0,0
G0015247,A00507,S005,2024-09-15,153.04,151.18,100.0,0
G0015248,A00508,S005,2024-09-15,119.15,151.18,100.0,0
G0015249,A00501,S005,2024-09-16,157.14,155.97,100.0,0
G0015250,A00502,S005,2024-09-16,148.54,155.97,95.83,1
G0015251,A00503,S005,2024-09-16,156.39,155.97,100.0,0
G0015252,A00504,S005,2024-09-16,154.77,155.97,100.0,0
G0015253,A00505,S005,2024-09-16,156.0,155.97,100.0,0
G0015254,A00506,S005,2024-09-16,156.85,155.97,100.0,0
G0015255,A00507,S005,2024-09-16,155.75,155.97,100.0,0
G0015256,A00508,S005,2024-09-16,148.62,155.97,95.83,1
G0015257,A00501,S005,2024-09-17,252.89,253.54,100.0,0
G0015258,A00502,S005,2024-09-17,255.46,253.54,100.0,0
G0015259,A00503,S005,2024-09-17,252.27,253.54,100.0,0
G0015260,A00504,S005,2024-09-17,231.71,253.54,100.0,0
G0015261,A00505,S005,2024-09-17,253.26,253.54,100.0,0
G0015262,A00506,S005,2024-09-17,251.84,253.54,100.0,0
G0015263,A00507,S005,2024-09-17,252.64,253.54,100.0,0
G0015264,A00508,S005,2024-09-17,212.0,253.54,83.33,4
G0015265,A00501,S005,2024-09-18,315.17,313.5,100.0,0
G0015266,A00502,S005,2024-09-18,313.01,313.5,100.0,0
G0015267,A00503,S005,2024-09-18,314.8,313.5,100.0,0
G0015268,A00504,S005,2024-09-18,250.5,313.5,100.0,0
G0015269,A00505,S005,2024-09-18,313.17,313.5,100.0,0
G0015270,A00506,S005,2024-09-18,311.55,313.5,100.0,0
G0015271,A00507,S005,2024-09-18,313.92,313.5,100.0,0
G0015272,A00508,S005,2024-09-18,314.75,313.5,100.0,0
G0015273,A00501,S005,2024-09-19,20.34,19.06,100.0,0
G0015274,A00502,S005,2024-09-19,17.62,19.06,100.0,0
G0015275,A00503,S005,2024-09-19,20.51,19.06,100.0,0
G0015276,A00504,S005,2024-09-19,19.08,19.06,100.0,0
G0015277,A00505,S005,2024-09-19,19.66,19.06,100.0,0
G0015278,A00506,S005,2024-09-19,20.62,19.06,100.0,0
G0015279,A00507,S005,2024-09-19,15.39,19.06,95.83,1
G0015280,A00508,S005,2024-09-19,18.3,19.06,100.0,0
G0015281,A00501,S005,2024-09-20,182.88,197.21,100.0,0
G0015282,A00502,S005,2024-09-20,195.63,197.21,100.0,0
G0015283,A00503,S005,2024-09-20,198.23,197.21,100.0,0
G0015284,A00504,S005,2024-09-20,166.36,197.21,91.67,2
G0015285,A00505,S005,2024-09-20,197.54,197.21,100.0,0
G0015286,A00506,S005,2024-09-20,181.5,197.21,100.0,0
G0015287,A00507,S005,2024-09-20,198.61,197.21,100.0,0
G0015288,A00508,S005,2024-09-20,197.85,197.21,100.0,0
G0015289,A00501,S005,2024-09-21,192.92,192.78,100.0,0
G0015290,A00502,S005,2024-09-21,192.22,192.78,100.0,0
G0015291,A00503,S005,2024-09-21,193.33,192.78,100.0,0
G0015292,A00504,S005,2024-09-21,178.37,192.78,91.67,2
G0015293,A00505,S005,2024-09-21,176.13,192.78,100.0,0
G0015294,A00506,S005,2024-09-21,191.77,192.78,100.0,0
G0015295,A00507,S005,2024-09-21,190.85,192.78,100.0,0
G0015296,A00508,S005,2024-09-21,191.99,192.78,100.0,0
G0015297,A00501,S005,2024-09-22,145.37,146.66,100.0,0
G0015298,A00502,S005,2024-09-22,146.17,146.66,100.0,0
G0015299,A00503,S005,2024-09-22,97.2,146.66,100.0,0
G0015300,A00504,S005,2024-09-22,146.17,146.66,100.0,0
G0015301,A00505,S005,2024-09-22,116.76,146.66,100.0,0
G0015302,A00506,S005,2024-09-22,144.87,146.66,100.0,0
G0015303,A00507,S005,2024-09-22,144.88,146.66,100.0,0
G0015304,A00508,S005,2024-09-22,123.7,146.66,83.33,4
G0015305,A00501,S005,2024-09-23,312.85,313.5,100.0,0
G0015306,A00502,S005,2024-09-23,287.12,313.5,100.0,0
G0015307,A00503,S005,2024-09-23,263.14,313.5,83.33,4
G0015308,A00504,S005,2024-09-23,314.05,313.5,100.0,0
G0015309,A00505,S005,2024-09-23,313.56,313.5,100.0,0
G0015310,A00506,S005,2024-09-23,315.4,313.5,100.0,0
G0015311,A00507,S005,2024-09-23,314.16,313.5,100.0,0
G0015312,A00508,S005,2024-09-23,311.91,313.5,100.0,0
G0015313,A00501,S005,2024-09-24,111.16,110.22,100.0,0
G0015314,A00502,S005,2024-09-24,105.95,110.22,95.83,1
G0015315,A00503,S005,2024-09-24,109.32,110.22,100.0,0
G0015316,A00504,S005,2024-09-24,109.39,110.22,100.0,0
G0015317,A00505,S005,2024-09-24,109.49,110.22,100.0,0
G0015318,A00506,S005,2024-09-24,108.76,110.22,100.0,0
G0015319,A00507,S005,2024-09-24,109.76,110.22,100.0,0
G0015320,A00508,S005,2024-09-24,110.92,110.22,100.0,0
G0015321,A00501,S005,2024-09-25,73.82,73.96,100.0,0
G0015322,A00502,S005,2024-09-25,73.4,73.96,100.0,0
G0015323,A00503,S005,2024-09-25,72.89,73.96,100.0,0
G0015324,A00504,S005,2024-09-25,69.96,73.96,100.0,0
G0015325,A00505,S005,2024-09-25,75.19,73.96,100.0,0
G0015326,A00506,S005,2024-09-25,49.36,73.96,100.0,0
G0015327,A00507,S005,2024-09-25,75.5,73.96,100.0,0
G0015328,A00508,S005,2024-09-25,72.76,73.96,100.0,0
G0015329,A00501,S005,2024-09-26,45.92,71.09,66.67,8
G0015330,A00502,S005,2024-09-26,72.56,71.09,100.0,0
G0015331,A00503,S005,2024-09-26,69.18,71.09,100.0,0
G0015332,A00504,S005,2024-09-26,72.74,71.09,100.0,0
G0015333,A00505,S005,2024-09-26,70.43,71.09,100.0,0
G0015334,A00506,S005,2024-09-26,72.72,71.09,100.0,0
G0015335,A00507,S005,2024-09-26,69.83,71.09,100.0,0
G0015336,A00508,S005,2024-09-26,66.17,71.09,100.0,0
G0015337,A00501,S005,2024-09-27,125.78,137.17,100.0,0
G0015338,A00502,S005,2024-09-27,138.01,137.17,100.0,0
G0015339,A00503,S005,2024-09-27,135.21,137.17,100.0,0
G0015340,A00504,S005,2024-09-27,136.62,137.17,100.0,0
G0015341,A00505,S005,2024-09-27,138.59,137.17,100.0,0
G0015342,A00506,S005,2024-09-27,125.65,137.17,91.67,2
G0015343,A00507,S005,2024-09-27,136.61,137.17,100.0,0
G0015344,A00508,S005,2024-09-27,130.46,137.17,95.83,1
G0015345,A00501,S005,2024-09-28,83.85,84.71,100.0,0
G0015346,A00502,S005,2024-09-28,86.23,84.71,100.0,0
G0015347,A00503,S005,2024-09-28,85.47,84.71,100.0,0
G0015348,A00504,S005,2024-09-28,86.43,84.71,100.0,0
G0015349,A00505,S005,2024-09-28,82.77,84.71,100.0,0
G0015350,A00506,S005,2024-09-28,67.23,84.71,100.0,0
G0015351,A00507,S005,2024-09-28,82.23,84.71,95.83,1
G0015352,A00508,S005,2024-09-28,82.81,84.71,100.0,0
G0015353,A00501,S005,2024-09-29,108.02,107.48,100.0,0
G0015354,A00502,S005,2024-09-29,108.51,107.48,100.0,0
G0015355,A00503,S005,2024-09-29,105.96,107.48,100.0,0
G0015356,A00504,S005,2024-09-29,84.95,107.48,100.0,0
G0015357,A00505,S005,2024-09-29,108.94,107.48,100.0,0
G0015358,A00506,S005,2024-09-29,108.56,107.48,100.0,0
G0015359,A00507,S005,2024-09-29,97.58,107.48,100.0,0
G0015360,A00508,S005,2024-09-29,109.17,107.48,100.0,0
G0015361,A00501,S005,2024-09-30,158.24,157.7,100.0,0
G0015362,A00502,S005,2024-09-30,156.31,157.7,100.0,0
G0015363,A00503,S005,2024-09-30,156.22,157.7,100.0,0
G0015364,A00504,S005,2024-09-30,157.95,157.7,100.0,0
G0015365,A00505,S005,2024-09-30,157.09,157.7,100.0,0
G0015366,A00506,S005,2024-09-30,158.95,157.7,100.0,0
G0015367,A00507,S005,2024-09-30,156.4,157.7,100.0,0
G0015368,A00508,S005,2024-09-30,157.27,157.7,100.0,0
G0015369,A00501,S005,2024-10-01,258.15,257.52,100.0,0
G0015370,A00502,S005,2024-10-01,258.27,257.52,100.0,0
G0015371,A00503,S005,2024-10-01,257.54,257.52,100.0,0
G0015372,A00504,S005,2024-10-01,256.57,257.52,100.0,0
G0015373,A00505,S005,2024-10-01,257.0,257.52,100.0,0
G0015374,A00506,S005,2024-10-01,258.65,257.52,100.0,0
G0015375,A00507,S005,2024-10-01,257.36,257.52,100.0,0
G0015376,A00508,S005,2024-10-01,256.45,257.52,100.0,0
G0015377,A00501,S005,2024-10-02,129.35,141.97,100.0,0
G0015378,A00502,S005,2024-10-02,141.88,141.97,100.0,0
G0015379,A00503,S005,2024-10-02,142.85,141.97,100.0,0
G0015380,A00504,S005,2024-10-02,141.41,141.97,100.0,0
G0015381,A00505,S005,2024-10-02,142.0,141.97,100.0,0
G0015382,A00506,S005,2024-10-02,142.25,141.97,100.0,0
G0015383,A00507,S005,2024-10-02,111.8,141.97,100.0,0
G0015384,A00508,S005,2024-10-02,134.21,141.97,95.83,1
G0015385,A00501,S005,2024-10-03,260.53,259.51,100.0,0
G0015386,A00502,S005,2024-10-03,257.65,259.51,100.0,0
G0015387,A00503,S005,2024-10-03,260.99,259.51,100.0,0
G0015388,A00504,S005,2024-10-03,258.21,259.51,100.0,0
G0015389,A00505,S005,2024-10-03,258.76,259.51,100.0,0
G0015390,A00506,S005,2024-10-03,239.27,259.51,100.0,0
G0015391,A00507,S005,2024-10-03,258.52,259.51,100.0,0
G0015392,A00508,S005,2024-10-03,260.82,259.51,100.0,0
G0015393,A00501,S005,2024-10-04,55.85,53.88,100.0,0
G0015394,A00502,S005,2024-10-04,48.09,53.88,100.0,0
G0015395,A00503,S005,2024-10-04,55.09,53.88,100.0,0
G0015396,A00504,S005,2024-10-04,52.03,53.88,100.0,0
G0015397,A00505,S005,2024-10-04,55.45,53.88,100.0,0
G0015398,A00506,S005,2024-10-04,53.74,53.88,100.0,0
G0015399,A00507,S005,2024-10-04,54.27,53.88,100.0,0
G0015400,A00508,S005,2024-10-04,55.13,53.88,100.0,0
G0015401,A00501,S005,2024-10-05,68.14,76.21,91.67,2
G0015402,A00502,S005,2024-10-05,75.24,76.21,100.0,0
G0015403,A00503,S005,2024-10-05,74.38,76.21,100.0,0
G0015404,A00504,S005,2024-10-05,78.0,76.21,100.0,0
G0015405,A00505,S005,2024-10-05,76.79,76.21,100.0,0
G0015406,A00506,S005,2024-10-05,74.55,76.21,100.0,0
G0015407,A00507,S005,2024-10-05,49.11,76.21,100.0,0
G0015408,A00508,S005,2024-10-05,59.17,76.21,100.0,0
G0015409,A00501,S005,2024-10-06,103.74,104.73,100.0,0
G0015410,A00502,S005,2024-10-06,103.96,104.73,100.0,0
G0015411,A00503,S005,2024-10-06,104.5,104.73,100.0,0
G0015412,A00504,S005,2024-10-06,97.68,104.73,100.0,0
G0015413,A00505,S005,2024-10-06,105.88,104.73,100.0,0
G0015414,A00506,S005,2024-10-06,97.85,104.73,100.0,0
G0015415,A00507,S005,2024-10-06,105.42,104.73,100.0,0
G0015416,A00508,S005,2024-10-06,54.21,104.73,50.0,12
G0015417,A00501,S005,2024-10-07,128.92,140.42,100.0,0
G0015418,A00502,S005,2024-10-07,138.65,140.42,100.0,0
G0015419,A00503,S005,2024-10-07,106.7,140.42,83.33,4
G0015420,A00504,S005,2024-10-07,139.51,140.42,100.0,0
G0015421,A00505,S005,2024-10-07,141.02,140.42,100.0,0
G0015422,A00506,S005,2024-10-07,138.47,140.42,100.0,0
G0015423,A00507,S005,2024-10-07,141.34,140.42,100.0,0
G0015424,A00508,S005,2024-10-07,118.12,140.42,83.33,4
G0015425,A00501,S005,2024-10-08,260.05,261.13,100.0,0
G0015426,A00502,S005,2024-10-08,259.65,261.13,100.0,0
G0015427,A00503,S005,2024-10-08,260.77,261.13,100.0,0
G0015428,A00504,S005,2024-10-08,260.52,261.13,100.0,0
G0015429,A00505,S005,2024-10-08,259.5,261.13,100.0,0
G0015430,A00506,S005,2024-10-08,262.09,261.13,100.0,0
G0015431,A00507,S005,2024-10-08,260.05,261.13,100.0,0
G0015432,A00508,S005,2024-10-08,260.9,261.13,100.0,0
G0015433,A00501,S005,2024-10-09,126.7,125.27,100.0,0
G0015434,A00502,S005,2024-10-09,126.53,125.27,100.0,0
G0015435,A00503,S005,2024-10-09,126.89,125.27,100.0,0
G0015436,A00504,S005,2024-10-09,125.13,125.27,100.0,0
G0015437,A00505,S005,2024-10-09,115.28,125.27,91.67,2
G0015438,A00506,S005,2024-10-09,61.74,125.27,50.0,12
G0015439,A00507,S005,2024-10-09,114.72,125.27,100.0,0
G0015440,A00508,S005,2024-10-09,126.79,125.27,100.0,0
G0015441,A00501,S005,2024-10-10,189.4,190.96,100.0,0
G0015442,A00502,S005,2024-10-10,190.69,190.96,100.0,0
G0015443,A00503,S005,2024-10-10,191.9,190.96,100.0,0
G0015444,A00504,S005,2024-10-10,191.98,190.96,100.0,0
G0015445,A00505,S005,2024-10-10,191.62,190.96,100.0,0
G0015446,A00506,S005,2024-10-10,192.35,190.96,100.0,0
G0015447,A00507,S005,2024-10-10,190.52,190.96,100.0,0
G0015448,A00508,S005,2024-10-10,181.54,190.96,95.83,1
G0015449,A00501,S005,2024-10-11,41.01,42.64,100.0,0
G0015450,A00502,S005,2024-10-11,40.84,42.64,100.0,0
G0015451,A00503,S005,2024-10-11,41.01,42.64,100.0,0
G0015452,A00504,S005,2024-10-11,35.72,42.64,83.33,4
G0015453,A00505,S005,2024-10-11,43.77,42.64,100.0,0
G0015454,A00506,S005,2024-10-11,43.95,42.64,100.0,0
G0015455,A00507,S005,2024-10-11,33.24,42.64,100.0,0
G0015456,A00508,S005,2024-10-11,42.99,42.64,100.0,0
G0015457,A00501,S005,2024-10-12,197.91,197.47,100.0,0
G0015458,A00502,S005,2024-10-12,132.25,197.47,66.67,8
G0015459,A00503,S005,2024-10-12,195.59,197.47,100.0,0
G0015460,A00504,S005,2024-10-12,198.31,197.47,100.0,0
G0015461,A00505,S005,2024-10-12,198.42,197.47,100.0,0
G0015462,A00506,S005,2024-10-12,100.46,197.47,50.0,12
G0015463,A00507,S005,2024-10-12,195.87,197.47,100.0,0
G0015464,A00508,S005,2024-10-12,195.72,197.47,100.0,0
G0015465,A00501,S005,2024-10-13,193.17,193.79,100.0,0
G0015466,A00502,S005,2024-10-13,193.46,193.79,100.0,0
G0015467,A00503,S005,2024-10-13,194.96,193.79,100.0,0
G0015468,A00504,S005,2024-10-13,195.67,193.79,100.0,0
G0015469,A00505,S005,2024-10-13,191.82,193.79,100.0,0
G0015470,A00506,S005,2024-10-13,194.98,193.79,100.0,0
G0015471,A00507,S005,2024-10-13,150.36,193.79,95.83,1
G0015472,A00508,S005,2024-10-13,194.95,193.79,100.0,0
G0015473,A00501,S005,2024-10-14,85.06,85.91,100.0,0
G0015474,A00502,S005,2024-10-14,85.18,85.91,100.0,0
G0015475,A00503,S005,2024-10-14,86.45,85.91,100.0,0
G0015476,A00504,S005,2024-10-14,86.94,85.91,100.0,0
G0015477,A00505,S005,2024-10-14,84.58,85.91,100.0,0
G0015478,A00506,S005,2024-10-14,85.03,85.91,100.0,0
G0015479,A00507,S005,2024-10-14,87.56,85.91,100.0,0
G0015480,A00508,S005,2024-10-14,84.25,85.91,100.0,0
G0015481,A00501,S005,2024-10-15,191.81,192.43,100.0,0
G0015482,A00502,S005,2024-10-15,193.58,192.43,100.0,0
G0015483,A00503,S005,2024-10-15,177.88,192.43,100.0,0
G0015484,A00504,S005,2024-10-15,191.64,192.43,100.0,0
G0015485,A00505,S005,2024-10-15,170.91,192.43,95.83,1
G0015486,A00506,S005,2024-10-15,193.66,192.43,100.0,0
G0015487,A00507,S005,2024-10-15,190.5,192.43,100.0,0
G0015488,A00508,S005,2024-10-15,191.13,192.43,100.0,0
G0015489,A00501,S005,2024-10-16,223.31,242.43,100.0,0
G0015490,A00502,S005,2024-10-16,241.58,242.43,100.0,0
G0015491,A00503,S005,2024-10-16,240.53,242.43,100.0,0
G0015492,A00504,S005,2024-10-16,193.33,242.43,100.0,0
G0015493,A00505,S005,2024-10-16,241.77,242.43,100.0,0
G0015494,A00506,S005,2024-10-16,162.46,242.43,83.33,4
G0015495,A00507,S005,2024-10-16,241.32,242.43,100.0,0
G0015496,A00508,S005,2024-10-16,243.96,242.43,100.0,0
G0015497,A00501,S005,2024-10-17,82.53,101.52,100.0,0
G0015498,A00502,S005,2024-10-17,102.4,101.52,100.0,0
G0015499,A00503,S005,2024-10-17,82.94,101.52,100.0,0
G0015500,A00504,S005,2024-10-17,103.14,101.52,100.0,0
G0015501,A00505,S005,2024-10-17,99.92,101.52,100.0,0
G0015502,A00506,S005,2024-10-17,101.0,101.52,100.0,0
G0015503,A00507,S005,2024-10-17,101.18,101.52,100.0,0
G0015504,A00508,S005,2024-10-17,102.48,101.52,100.0,0
G0015505,A00501,S005,2024-10-18,204.88,202.99,100.0,0
G0015506,A00502,S005,2024-10-18,201.62,202.99,100.0,0
G0015507,A00503,S005,2024-10-18,203.79,202.99,100.0,0
G0015508,A00504,S005,2024-10-18,201.37,202.99,100.0,0
G0015509,A00505,S005,2024-10-18,91.84,202.99,50.0,12
G0015510,A00506,S005,2024-10-18,202.24,202.99,100.0,0
G0015511,A00507,S005,2024-10-18,204.35,202.99,100.0,0
G0015512,A00508,S005,2024-10-18,203.67,202.99,100.0,0
G0015513,A00501,S005,2024-10-19,158.65,166.31,95.83,1
G0015514,A00502,S005,2024-10-19,168.0,166.31,100.0,0
G0015515,A00503,S005,2024-10-19,166.3,166.31,100.0,0
G0015516,A00504,S005,2024-10-19,138.0,166.31,83.33,4
G0015517,A00505,S005,2024-10-19,154.81,166.31,100.0,0
G0015518,A00506,S005,2024-10-19,168.3,166.31,100.0,0
G0015519,A00507,S005,2024-10-19,166.07,166.31,100.0,0
G0015520,A00508,S005,2024-10-19,167.41,166.31,100.0,0
G0015521,A00501,S005,2024-10-20,83.86,85.21,100.0,0
G0015522,A00502,S005,2024-10-20,85.61,85.21,100.0,0
G0015523,A00503,S005,2024-10-20,86.52,85.21,100.0,0
G0015524,A00504,S005,2024-10-20,86.28,85.21,100.0,0
G0015525,A00505,S005,2024-10-20,83.79,85.21,100.0,0
G0015526,A00506,S005,2024-10-20,83.64,85.21,95.83,1
G0015527,A00507,S005,2024-10-20,78.11,85.21,91.67,2
G0015528,A00508,S005,2024-10-20,83.88,85.21,100.0,0
G0015529,A00501,S005,2024-10-21,59.22,60.6,100.0,0
G0015530,A00502,S005,2024-10-21,59.79,60.6,95.83,1
G0015531,A00503,S005,2024-10-21,59.29,60.6,100.0,0
G0015532,A00504,S005,2024-10-21,60.74,60.6,100.0,0
G0015533,A00505,S005,2024-10-21,61.66,60.6,100.0,0
G0015534,A00506,S005,2024-10-21,60.33,60.6,100.0,0
G0015535,A00507,S005,2024-10-21,59.68,60.6,100.0,0
G0015536,A00508,S005,2024-10-21,59.99,60.6,100.0,0
G0015537,A00501,S005,2024-10-22,8.56,29.44,50.0,12
G0015538,A00502,S005,2024-10-22,24.62,29.44,100.0,0
G0015539,A00503,S005,2024-10-22,30.11,29.44,100.0,0
G0015540,A00504,S005,2024-10-22,27.85,29.44,100.0,0
G0015541,A00505,S005,2024-10-22,30.87,29.44,100.0,0
G0015542,A00506,S005,2024-10-22,29.08,29.44,100.0,0
G0015543,A00507,S005,2024-10-22,29.75,29.44,95.83,1
G0015544,A00508,S005,2024-10-22,28.64,29.44,100.0,0
G0015545,A00501,S005,2024-10-23,239.39,284.88,83.33,4
G0015546,A00502,S005,2024-10-23,284.76,284.88,100.0,0
G0015547,A00503,S005,2024-10-23,283.05,284.88,100.0,0
G0015548,A00504,S005,2024-10-23,286.26,284.88,100.0,0
G0015549,A00505,S005,2024-10-23,283.03,284.88,100.0,0
G0015550,A00506,S005,2024-10-23,283.99,284.88,100.0,0
G0015551,A00507,S005,2024-10-23,285.06,284.88,100.0,0
G0015552,A00508,S005,2024-10-23,284.05,284.88,100.0,0
G0015553,A00501,S005,2024-10-24,89.97,91.17,100.0,0
G0015554,A00502,S005,2024-10-24,89.28,91.17,100.0,0
G0015555,A00503,S005,2024-10-24,92.43,91.17,100.0,0
G0015556,A00504,S005,2024-10-24,90.72,91.17,100.0,0
G0015557,A00505,S005,2024-10-24,91.28,91.17,100.0,0
G0015558,A00506,S005,2024-10-24,90.93,91.17,100.0,0
G0015559,A00507,S005,2024-10-24,91.17,91.17,100.0,0
G0015560,A00508,S005,2024-10-24,90.36,91.17,100.0,0
G0015561,A00501,S005,2024-10-25,80.99,96.45,83.33,4
G0015562,A00502,S005,2024-10-25,94.7,96.45,100.0,0
G0015563,A00503,S005,2024-10-25,95.99,96.45,100.0,0
G0015564,A00504,S005,2024-10-25,97.38,96.45,100.0,0
G0015565,A00505,S005,2024-10-25,95.44,96.45,100.0,0
G0015566,A00506,S005,2024-10-25,87.63,96.45,100.0,0
G0015567,A00507,S005,2024-10-25,96.99,96.45,100.0,0
G0015568,A00508,S005,2024-10-25,97.18,96.45,100.0,0
G0015569,A00501,S005,2024-10-26,70.17,69.6,100.0,0
G0015570,A00502,S005,2024-10-26,69.25,69.6,100.0,0
G0015571,A00503,S005,2024-10-26,69.87,69.6,100.0,0
G0015572,A00504,S005,2024-10-26,70.18,69.6,100.0,0
G0015573,A00505,S005,2024-10-26,69.48,69.6,100.0,0
G0015574,A00506,S005,2024-10-26,63.95,69.6,100.0,0
G0015575,A00507,S005,2024-10-26,63.73,69.6,100.0,0
G0015576,A00508,S005,2024-10-26,69.66,69.6,100.0,0
G0015577,A00501,S005,2024-10-27,50.52,49.51,100.0,0
G0015578,A00502,S005,2024-10-27,38.0,49.51,100.0,0
G0015579,A00503,S005,2024-10-27,32.87,49.51,100.0,0
G0015580,A00504,S005,2024-10-27,51.02,49.51,100.0,0
G0015581,A00505,S005,2024-10-27,50.14,49.51,100.0,0
G0015582,A00506,S005,2024-10-27,49.33,49.51,100.0,0
G0015583,A00507,S005,2024-10-27,45.49,49.51,100.0,0
G0015584,A00508,S005,2024-10-27,51.29,49.51,100.0,0
G0015585,A00501,S005,2024-10-28,236.39,237.55,100.0,0
G0015586,A00502,S005,2024-10-28,235.67,237.55,100.0,0
G0015587,A00503,S005,2024-10-28,238.41,237.55,100.0,0
G0015588,A00504,S005,2024-10-28,189.43,237.55,100.0,0
G0015589,A00505,S005,2024-10-28,217.49,237.55,100.0,0
G0015590,A00506,S005,2024-10-28,238.38,237.55,100.0,0
G0015591,A00507,S005,2024-10-28,236.85,237.55,100.0,0
G0015592,A00508,S005,2024-10-28,199.93,237.55,83.33,4
G0015593,A00501,S005,2024-10-29,74.12,74.79,100.0,0
G0015594,A00502,S005,2024-10-29,75.36,74.79,100.0,0
G0015595,A00503,S005,2024-10-29,73.73,74.79,100.0,0
G0015596,A00504,S005,2024-10-29,75.42,74.79,100.0,0
G0015597,A00505,S005,2024-10-29,33.32,74.79,50.0,12
G0015598,A00506,S005,2024-10-29,74.0,74.79,100.0,0
G0015599,A00507,S005,2024-10-29,75.99,74.79,100.0,0
G0015600,A00508,S005,2024-10-29,75.16,74.79,100.0,0
G0015601,A00501,S005,2024-10-30,150.94,158.8,95.83,1
G0015602,A00502,S005,2024-10-30,159.71,158.8,100.0,0
G0015603,A00503,S005,2024-10-30,158.81,158.8,100.0,0
G0015604,A00504,S005,2024-10-30,148.05,158.8,100.0,0
G0015605,A00505,S005,2024-10-30,158.51,158.8,100.0,0
G0015606,A00506,S005,2024-10-30,159.12,158.8,100.0,0
G0015607,A00507,S005,2024-10-30,156.97,158.8,100.0,0
G0015608,A00508,S005,2024-10-30,158.22,158.8,100.0,0
G0015609,A00501,S005,2024-10-31,256.81,256.3,100.0,0
G0015610,A00502,S005,2024-10-31,256.32,256.3,100.0,0
G0015611,A00503,S005,2024-10-31,255.8,256.3,100.0,0
G0015612,A00504,S005,2024-10-31,257.88,256.3,100.0,0
G0015613,A00505,S005,2024-10-31,256.86,256.3,100.0,0
G0015614,A00506,S005,2024-10-31,256.14,256.3,100.0,0
G0015615,A00507,S005,2024-10-31,196.6,256.3,95.83,1
G0015616,A00508,S005,2024-10-31,254.69,256.3,100.0,0
G0015617,A00501,S005,2024-11-01,118.99,120.91,100.0,0
G0015618,A00502,S005,2024-11-01,119.12,120.91,100.0,0
G0015619,A00503,S005,2024-11-01,120.21,120.91,100.0,0
G0015620,A00504,S005,2024-11-01,119.8,120.91,100.0,0
G0015621,A00505,S005,2024-11-01,111.21,120.91,100.0,0
G0015622,A00506,S005,2024-11-01,95.69,120.91,100.0,0
G0015623,A00507,S005,2024-11-01,78.78,120.91,66.67,8
G0015624,A00508,S005,2024-11-01,121.71,120.91,100.0,0
G0015625,A00501,S005,2024-11-02,160.5,159.01,100.0,0
G0015626,A00502,S005,2024-11-02,157.34,159.01,100.0,0
G0015627,A00503,S005,2024-11-02,160.13,159.01,100.0,0
G0015628,A00504,S005,2024-11-02,159.17,159.01,100.0,0
G0015629,A00505,S005,2024-11-02,160.4,159.01,100.0,0
G0015630,A00506,S005,2024-11-02,158.01,159.01,100.0,0
G0015631,A00507,S005,2024-11-02,158.81,159.01,100.0,0
G0015632,A00508,S005,2024-11-02,160.41,159.01,100.0,0
G0015633,A00501,S005,2024-11-03,159.23,159.19,100.0,0
G0015634,A00502,S005,2024-11-03,147.58,159.19,100.0,0
G0015635,A00503,S005,2024-11-03,145.52,159.19,100.0,0
G0015636,A00504,S005,2024-11-03,151.11,159.19,95.83,1
G0015637,A00505,S005,2024-11-03,131.31,159.19,83.33,4
G0015638,A00506,S005,2024-11-03,157.35,159.19,100.0,0
G0015639,A00507,S005,2024-11-03,126.49,159.19,100.0,0
G0015640,A00508,S005,2024-11-03,158.12,159.19,100.0,0
G0015641,A00501,S005,2024-11-04,263.27,262.52,100.0,0
G0015642,A00502,S005,2024-11-04,262.0,262.52,100.0,0
G0015643,A00503,S005,2024-11-04,262.7,262.52,100.0,0
G0015644,A00504,S005,2024-11-04,210.04,262.52,100.0,0
G0015645,A00505,S005,2024-11-04,241.23,262.52,100.0,0
G0015646,A00506,S005,2024-11-04,263.66,262.52,100.0,0
G0015647,A00507,S005,2024-11-04,240.66,262.52,91.67,2
G0015648,A00508,S005,2024-11-04,171.35,262.52,100.0,0
G0015649,A00501,S005,2024-11-05,315.36,313.5,100.0,0
G0015650,A00502,S005,2024-11-05,311.53,313.5,100.0,0
G0015651,A00503,S005,2024-11-05,314.09,313.5,100.0,0
G0015652,A00504,S005,2024-11-05,313.47,313.5,100.0,0
G0015653,A00505,S005,2024-11-05,287.67,313.5,91.67,2
G0015654,A00506,S005,2024-11-05,312.2,313.5,100.0,0
G0015655,A00507,S005,2024-11-05,313.53,313.5,100.0,0
G0015656,A00508,S005,2024-11-05,287.81,313.5,100.0,0
G0015657,A00501,S005,2024-11-06,312.58,313.5,100.0,0
G0015658,A00502,S005,2024-11-06,288.0,313.5,100.0,0
G0015659,A00503,S005,2024-11-06,312.87,313.5,100.0,0
G0015660,A00504,S005,2024-11-06,312.57,313.5,100.0,0
G0015661,A00505,S005,2024-11-06,314.04,313.5,100.0,0
G0015662,A00506,S005,2024-11-06,288.38,313.5,91.67,2
G0015663,A00507,S005,2024-11-06,315.17,313.5,100.0,0
G0015664,A00508,S005,2024-11-06,314.49,313.5,100.0,0
G0015665,A00501,S005,2024-11-07,219.11,218.49,100.0,0
G0015666,A00502,S005,2024-11-07,218.41,218.49,100.0,0
G0015667,A00503,S005,2024-11-07,202.11,218.49,100.0,0
G0015668,A00504,S005,2024-11-07,219.26,218.49,100.0,0
G0015669,A00505,S005,2024-11-07,217.28,218.49,100.0,0
G0015670,A00506,S005,2024-11-07,218.57,218.49,100.0,0
G0015671,A00507,S005,2024-11-07,216.7,218.49,100.0,0
G0015672,A00508,S005,2024-11-07,217.3,218.49,100.0,0
G0015673,A00501,S005,2024-11-08,272.06,270.34,100.0,0
G0015674,A00502,S005,2024-11-08,270.57,270.34,100.0,0
G0015675,A00503,S005,2024-11-08,248.13,270.34,100.0,0
G0015676,A00504,S005,2024-11-08,249.35,270.34,100.0,0
G0015677,A00505,S005,2024-11-08,270.49,270.34,100.0,0
G0015678,A00506,S005,2024-11-08,269.72,270.34,100.0,0
G0015679,A00507,S005,2024-11-08,271.85,270.34,100.0,0
G0015680,A00508,S005,2024-11-08,269.29,270.34,100.0,0
G0015681,A00501,S005,2024-11-09,156.06,154.97,100.0,0
G0015682,A00502,S005,2024-11-09,153.03,154.97,100.0,0
G0015683,A00503,S005,2024-11-09,156.67,154.97,100.0,0
G0015684,A00504,S005,2024-11-09,156.87,154.97,100.0,0
G0015685,A00505,S005,2024-11-09,142.62,154.97,100.0,0
G0015686,A00506,S005,2024-11-09,155.56,154.97,100.0,0
G0015687,A00507,S005,2024-11-09,156.48,154.97,100.0,0
G0015688,A00508,S005,2024-11-09,141.58,154.97,100.0,0
G0015689,A00501,S005,2024-11-10,145.32,144.0,100.0,0
G0015690,A00502,S005,2024-11-10,142.68,144.0,100.0,0
G0015691,A00503,S005,2024-11-10,143.83,144.0,100.0,0
G0015692,A00504,S005,2024-11-10,145.69,144.0,100.0,0
G0015693,A00505,S005,2024-11-10,139.42,144.0,95.83,1
G0015694,A00506,S005,2024-11-10,142.29,144.0,100.0,0
G0015695,A00507,S005,2024-11-10,144.48,144.0,100.0,0
G0015696,A00508,S005,2024-11-10,136.63,144.0,95.83,1
G0015697,A00501,S005,2024-11-11,111.77,111.52,100.0,0
G0015698,A00502,S005,2024-11-11,111.97,111.52,100.0,0
G0015699,A00503,S005,2024-11-11,109.64,111.52,100.0,0
G0015700,A00504,S005,2024-11-11,110.14,111.52,100.0,0
G0015701,A00505,S005,2024-11-11,73.91,111.52,66.67,8
G0015702,A00506,S005,2024-11-11,103.63,111.52,91.67,2
G0015703,A00507,S005,2024-11-11,113.22,111.52,100.0,0
G0015704,A00508,S005,2024-11-11,72.48,111.52,100.0,0
G0015705,A00501,S005,2024-11-12,180.57,179.6,100.0,0
G0015706,A00502,S005,2024-11-12,179.6,179.6,100.0,0
G0015707,A00503,S005,2024-11-12,171.36,179.6,95.83,1
G0015708,A00504,S005,2024-11-12,179.82,179.6,100.0,0
G0015709,A00505,S005,2024-11-12,180.87,179.6,100.0,0
G0015710,A00506,S005,2024-11-12,181.25,179.6,100.0,0
G0015711,A00507,S005,2024-11-12,178.66,179.6,100.0,0
G0015712,A00508,S005,2024-11-12,119.35,179.6,66.67,8
G0015713,A00501,S005,2024-11-13,108.34,109.63,100.0,0
G0015714,A00502,S005,2024-11-13,111.62,109.63,100.0,0
G0015715,A00503,S005,2024-11-13,108.65,109.63,100.0,0
G0015716,A00504,S005,2024-11-13,100.17,109.63,100.0,0
G0015717,A00505,S005,2024-11-13,108.91,109.63,100.0,0
G0015718,A00506,S005,2024-11-13,109.56,109.63,100.0,0
G0015719,A00507,S005,2024-11-13,108.08,109.63,100.0,0
G0015720,A00508,S005,2024-11-13,108.69,109.63,100.0,0
G0015721,A00501,S005,2024-11-14,86.02,91.77,95.83,1
G0015722,A00502,S005,2024-11-14,93.72,91.77,100.0,0
G0015723,A00503,S005,2024-11-14,90.28,91.77,100.0,0
G0015724,A00504,S005,2024-11-14,89.98,91.77,100.0,0
G0015725,A00505,S005,2024-11-14,91.85,91.77,100.0,0
G0015726,A00506,S005,2024-11-14,82.29,91.77,95.83,1
G0015727,A00507,S005,2024-11-14,91.37,91.77,100.0,0
G0015728,A00508,S005,2024-11-14,91.73,91.77,100.0,0
G0015729,A00501,S005,2024-11-15,200.11,200.49,100.0,0
G0015730,A00502,S005,2024-11-15,200.87,200.49,100.0,0
G0015731,A00503,S005,2024-11-15,185.95,200.49,100.0,0
G0015732,A00504,S005,2024-11-15,199.13,200.49,100.0,0
G0015733,A00505,S005,2024-11-15,160.04,200.49,100.0,0
G0015734,A00506,S005,2024-11-15,200.68,200.49,100.0,0
G0015735,A00507,S005,2024-11-15,198.6,200.49,100.0,0
G0015736,A00508,S005,2024-11-15,200.7,200.49,100.0,0
G0015737,A00501,S005,2024-11-16,60.25,60.98,100.0,0
G0015738,A00502,S005,2024-11-16,56.84,60.98,100.0,0
G0015739,A00503,S005,2024-11-16,62.3,60.98,100.0,0
G0015740,A00504,S005,2024-11-16,59.5,60.98,100.0,0
G0015741,A00505,S005,2024-11-16,62.23,60.98,100.0,0
G0015742,A00506,S005,2024-11-16,57.72,60.98,91.67,2
G0015743,A00507,S005,2024-11-16,50.94,60.98,91.67,2
G0015744,A00508,S005,2024-11-16,60.87,60.98,100.0,0
G0015745,A00501,S005,2024-11-17,314.82,313.5,100.0,0
G0015746,A00502,S005,2024-11-17,315.45,313.5,100.0,0
G0015747,A00503,S005,2024-11-17,312.98,313.5,100.0,0
G0015748,A00504,S005,2024-11-17,314.5,313.5,100.0,0
G0015749,A00505,S005,2024-11-17,313.78,313.5,100.0,0
G0015750,A00506,S005,2024-11-17,314.91,313.5,100.0,0
G0015751,A00507,S005,2024-11-17,314.07,313.5,100.0,0
G0015752,A00508,S005,2024-11-17,314.48,313.5,100.0,0
G0015753,A00501,S005,2024-11-18,170.29,171.16,100.0,0
G0015754,A00502,S005,2024-11-18,171.51,171.16,100.0,0
G0015755,A00503,S005,2024-11-18,172.38,171.16,100.0,0
G0015756,A00504,S005,2024-11-18,171.9,171.16,100.0,0
G0015757,A00505,S005,2024-11-18,172.03,171.16,100.0,0
G0015758,A00506,S005,2024-11-18,169.25,171.16,100.0,0
G0015759,A00507,S005,2024-11-18,172.56,171.16,100.0,0
G0015760,A00508,S005,2024-11-18,170.28,171.16,100.0,0
G0015761,A00501,S005,2024-11-19,314.95,313.5,100.0,0
G0015762,A00502,S005,2024-11-19,312.58,313.5,100.0,0
G0015763,A00503,S005,2024-11-19,312.06,313.5,100.0,0
G0015764,A00504,S005,2024-11-19,300.72,313.5,95.83,1
G0015765,A00505,S005,2024-11-19,314.13,313.5,100.0,0
G0015766,A00506,S005,2024-11-19,299.57,313.5,95.83,1
G0015767,A00507,S005,2024-11-19,312.03,313.5,100.0,0
G0015768,A00508,S005,2024-11-19,250.72,313.5,100.0,0
G0015769,A00501,S005,2024-11-20,145.48,145.12,100.0,0
G0015770,A00502,S005,2024-11-20,146.84,145.12,100.0,0
G0015771,A00503,S005,2024-11-20,94.92,145.12,66.67,8
G0015772,A00504,S005,2024-11-20,146.67,145.12,100.0,0
G0015773,A00505,S005,2024-11-20,146.99,145.12,100.0,0
G0015774,A00506,S005,2024-11-20,143.96,145.12,100.0,0
G0015775,A00507,S005,2024-11-20,144.88,145.12,100.0,0
G0015776,A00508,S005,2024-11-20,144.85,145.12,100.0,0
G0015777,A00501,S005,2024-11-21,129.36,128.55,100.0,0
G0015778,A00502,S005,2024-11-21,129.73,128.55,100.0,0
G0015779,A00503,S005,2024-11-21,126.68,128.55,100.0,0
G0015780,A00504,S005,2024-11-21,129.33,128.55,100.0,0
G0015781,A00505,S005,2024-11-21,127.36,128.55,100.0,0
G0015782,A00506,S005,2024-11-21,130.15,128.55,100.0,0
G0015783,A00507,S005,2024-11-21,118.62,128.55,100.0,0
G0015784,A00508,S005,2024-11-21,84.1,128.55,100.0,0
G0015785,A00501,S005,2024-11-22,228.53,228.54,100.0,0
G0015786,A00502,S005,2024-11-22,148.3,228.54,100.0,0
G0015787,A00503,S005,2024-11-22,210.88,228.54,91.67,2
G0015788,A00504,S005,2024-11-22,227.02,228.54,100.0,0
G0015789,A00505,S005,2024-11-22,226.73,228.54,100.0,0
G0015790,A00506,S005,2024-11-22,229.24,228.54,100.0,0
G0015791,A00507,S005,2024-11-22,228.82,228.54,100.0,0
G0015792,A00508,S005,2024-11-22,229.95,228.54,100.0,0
G0015793,A00501,S005,2024-11-23,53.52,51.78,100.0,0
G0015794,A00502,S005,2024-11-23,39.74,51.78,95.83,1
G0015795,A00503,S005,2024-11-23,51.61,51.78,100.0,0
G0015796,A00504,S005,2024-11-23,49.16,51.78,100.0,0
G0015797,A00505,S005,2024-11-23,42.72,51.78,100.0,0
G0015798,A00506,S005,2024-11-23,47.28,51.78,100.0,0
G0015799,A00507,S005,2024-11-23,51.28,51.78,100.0,0
G0015800,A00508,S005,2024-11-23,43.19,51.78,100.0,0
G0015801,A00501,S005,2024-11-24,14.93,16.5,100.0,0
G0015802,A00502,S005,2024-11-24,16.59,16.5,91.67,2
G0015803,A00503,S005,2024-11-24,15.5,16.5,100.0,0
G0015804,A00504,S005,2024-11-24,16.27,16.5,100.0,0
G0015805,A00505,S005,2024-11-24,15.4,16.5,100.0,0
G0015806,A00506,S005,2024-11-24,16.79,16.5,100.0,0
G0015807,A00507,S005,2024-11-24,14.36,16.5,91.67,2
G0015808,A00508,S005,2024-11-24,14.12,16.5,100.0,0
G0015809,A00501,S005,2024-11-25,251.46,313.5,100.0,0
G0015810,A00502,S005,2024-11-25,312.32,313.5,100.0,0
G0015811,A00503,S005,2024-11-25,312.57,313.5,100.0,0
G0015812,A00504,S005,2024-11-25,311.88,313.5,100.0,0
G0015813,A00505,S005,2024-11-25,311.59,313.5,100.0,0
G0015814,A00506,S005,2024-11-25,313.51,313.5,100.0,0
G0015815,A00507,S005,2024-11-25,311.6,313.5,100.0,0
G0015816,A00508,S005,2024-11-25,314.44,313.5,100.0,0
G0015817,A00501,S005,2024-11-26,71.77,71.08,100.0,0
G0015818,A00502,S005,2024-11-26,69.76,71.08,100.0,0
G0015819,A00503,S005,2024-11-26,65.88,71.08,100.0,0
G0015820,A00504,S005,2024-11-26,71.05,71.08,100.0,0
G0015821,A00505,S005,2024-11-26,68.22,71.08,95.83,1
G0015822,A00506,S005,2024-11-26,70.86,71.08,100.0,0
G0015823,A00507,S005,2024-11-26,70.15,71.08,100.0,0
G0015824,A00508,S005,2024-11-26,60.09,71.08,91.67,2
G0015825,A00501,S005,2024-11-27,141.29,213.58,83.33,4
G0015826,A00502,S005,2024-11-27,214.65,213.58,100.0,0
G0015827,A00503,S005,2024-11-27,211.78,213.58,100.0,0
G0015828,A00504,S005,2024-11-27,214.67,213.58,100.0,0
G0015829,A00505,S005,2024-11-27,214.55,213.58,100.0,0
G0015830,A00506,S005,2024-11-27,195.43,213.58,100.0,0
G0015831,A00507,S005,2024-11-27,197.12,213.58,91.67,2
G0015832,A00508,S005,2024-11-27,214.99,213.58,100.0,0
G0015833,A00501,S005,2024-11-28,87.96,88.76,100.0,0
G0015834,A00502,S005,2024-11-28,87.35,88.76,100.0,0
G0015835,A00503,S005,2024-11-28,58.83,88.76,66.67,8
G0015836,A00504,S005,2024-11-28,89.21,88.76,100.0,0
G0015837,A00505,S005,2024-11-28,87.22,88.76,100.0,0
G0015838,A00506,S005,2024-11-28,89.57,88.76,100.0,0
G0015839,A00507,S005,2024-11-28,88.11,88.76,100.0,0
G0015840,A00508,S005,2024-11-28,56.38,88.76,100.0,0
G0015841,A00501,S005,2024-11-29,115.81,116.13,100.0,0
G0015842,A00502,S005,2024-11-29,117.61,116.13,100.0,0
G0015843,A00503,S005,2024-11-29,116.07,116.13,100.0,0
G0015844,A00504,S005,2024-11-29,75.56,116.13,100.0,0
G0015845,A00505,S005,2024-11-29,111.98,116.13,95.83,1
G0015846,A00506,S005,2024-11-29,114.38,116.13,100.0,0
G0015847,A00507,S005,2024-11-29,116.37,116.13,100.0,0
G0015848,A00508,S005,2024-11-29,91.7,116.13,100.0,0
G0015849,A00501,S005,2024-11-30,228.64,238.56,95.83,1
G0015850,A00502,S005,2024-11-30,236.78,238.56,100.0,0
G0015851,A00503,S005,2024-11-30,239.51,238.56,100.0,0
G0015852,A00504,S005,2024-11-30,192.44,238.56,100.0,0
G0015853,A00505,S005,2024-11-30,238.85,238.56,100.0,0
G0015854,A00506,S005,2024-11-30,237.2,238.56,100.0,0
G0015855,A00507,S005,2024-11-30,216.89,238.56,91.67,2
G0015856,A00508,S005,2024-11-30,238.64,238.56,100.0,0
G0015857,A00501,S005,2024-12-01,97.86,99.0,100.0,0
G0015858,A00502,S005,2024-12-01,100.63,99.0,100.0,0
G0015859,A00503,S005,2024-12-01,98.03,99.0,100.0,0
G0015860,A00504,S005,2024-12-01,99.46,99.0,100.0,0
G0015861,A00505,S005,2024-12-01,100.94,99.0,100.0,0
G0015862,A00506,S005,2024-12-01,80.74,99.0,83.33,4
G0015863,A00507,S005,2024-12-01,99.6,99.0,100.0,0
G0015864,A00508,S005,2024-12-01,97.44,99.0,100.0,0
G0015865,A00501,S005,2024-12-02,231.72,230.36,100.0,0
G0015866,A00502,S005,2024-12-02,228.66,230.36,100.0,0
G0015867,A00503,S005,2024-12-02,231.91,230.36,100.0,0
G0015868,A00504,S005,2024-12-02,209.87,230.36,91.67,2
G0015869,A00505,S005,2024-12-02,230.99,230.36,100.0,0
G0015870,A00506,S005,2024-12-02,222.27,230.36,95.83,1
G0015871,A00507,S005,2024-12-02,228.78,230.36,100.0,0
G0015872,A00508,S005,2024-12-02,201.7,230.36,95.83,1
G0015873,A00501,S005,2024-12-03,109.09,108.87,100.0,0
G0015874,A00502,S005,2024-12-03,108.45,108.87,100.0,0
G0015875,A00503,S005,2024-12-03,109.17,108.87,100.0,0
G0015876,A00504,S005,2024-12-03,91.54,108.87,83.33,4
G0015877,A00505,S005,2024-12-03,108.31,108.87,100.0,0
G0015878,A00506,S005,2024-12-03,108.21,108.87,100.0,0
G0015879,A00507,S005,2024-12-03,109.62,108.87,100.0,0
G0015880,A00508,S005,2024-12-03,110.31,108.87,100.0,0
G0015881,A00501,S005,2024-12-04,54.52,54.84,100.0,0
G0015882,A00502,S005,2024-12-04,54.03,54.84,100.0,0
G0015883,A00503,S005,2024-12-04,54.79,54.84,100.0,0
G0015884,A00504,S005,2024-12-04,54.95,54.84,100.0,0
G0015885,A00505,S005,2024-12-04,52.55,54.84,95.83,1
G0015886,A00506,S005,2024-12-04,50.93,54.84,100.0,0
G0015887,A00507,S005,2024-12-04,50.53,54.84,100.0,0
G0015888,A00508,S005,2024-12-04,55.87,54.84,100.0,0
G0015889,A00501,S005,2024-12-05,197.43,304.84,100.0,0
G0015890,A00502,S005,2024-12-05,293.28,304.84,95.83,1
G0015891,A00503,S005,2024-12-05,303.1,304.84,100.0,0
G0015892,A00504,S005,2024-12-05,303.36,304.84,100.0,0
G0015893,A00505,S005,2024-12-05,306.75,304.84,100.0,0
G0015894,A00506,S005,2024-12-05,306.63,304.84,100.0,0
G0015895,A00507,S005,2024-12-05,243.52,304.84,100.0,0
G0015896,A00508,S005,2024-12-05,305.59,304.84,100.0,0
G0015897,A00501,S005,2024-12-06,108.68,135.06,100.0,0
G0015898,A00502,S005,2024-12-06,135.8,135.06,100.0,0
G0015899,A00503,S005,2024-12-06,109.64,135.06,100.0,0
G0015900,A00504,S005,2024-12-06,136.32,135.06,100.0,0
G0015901,A00505,S005,2024-12-06,123.67,135.06,100.0,0
G0015902,A00506,S005,2024-12-06,106.52,135.06,100.0,0
G0015903,A00507,S005,2024-12-06,109.88,135.06,100.0,0
G0015904,A00508,S005,2024-12-06,133.42,135.06,100.0,0
G0015905,A00501,S005,2024-12-07,165.87,166.49,100.0,0
G0015906,A00502,S005,2024-12-07,166.64,166.49,100.0,0
G0015907,A00503,S005,2024-12-07,164.91,166.49,100.0,0
G0015908,A00504,S005,2024-12-07,165.72,166.49,100.0,0
G0015909,A00505,S005,2024-12-07,109.3,166.49,66.67,8
G0015910,A00506,S005,2024-12-07,166.21,166.49,100.0,0
G0015911,A00507,S005,2024-12-07,167.3,166.49,100.0,0
G0015912,A00508,S005,2024-12-07,165.89,166.49,100.0,0
G0015913,A00501,S005,2024-12-08,241.51,242.15,100.0,0
G0015914,A00502,S005,2024-12-08,162.68,242.15,66.67,8
G0015915,A00503,S005,2024-12-08,242.04,242.15,100.0,0
G0015916,A00504,S005,2024-12-08,241.65,242.15,100.0,0
G0015917,A00505,S005,2024-12-08,223.5,242.15,100.0,0
G0015918,A00506,S005,2024-12-08,243.2,242.15,100.0,0
G0015919,A00507,S005,2024-12-08,158.75,242.15,100.0,0
G0015920,A00508,S005,2024-12-08,240.96,242.15,100.0,0
G0015921,A00501,S005,2024-12-09,164.61,164.24,100.0,0
G0015922,A00502,S005,2024-12-09,164.41,164.24,100.0,0
G0015923,A00503,S005,2024-12-09,165.34,164.24,100.0,0
G0015924,A00504,S005,2024-12-09,157.33,164.24,95.83,1
G0015925,A00505,S005,2024-12-09,162.68,164.24,100.0,0
G0015926,A00506,S005,2024-12-09,165.3,164.24,100.0,0
G0015927,A00507,S005,2024-12-09,165.26,164.24,100.0,0
G0015928,A00508,S005,2024-12-09,164.73,164.24,100.0,0
G0015929,A00501,S005,2024-12-10,134.35,134.12,100.0,0
G0015930,A00502,S005,2024-12-10,134.09,134.12,100.0,0
G0015931,A00503,S005,2024-12-10,88.46,134.12,66.67,8
G0015932,A00504,S005,2024-12-10,122.98,134.12,100.0,0
G0015933,A00505,S005,2024-12-10,136.06,134.12,100.0,0
G0015934,A00506,S005,2024-12-10,132.53,134.12,100.0,0
G0015935,A00507,S005,2024-12-10,123.78,134.12,100.0,0
G0015936,A00508,S005,2024-12-10,133.34,134.12,100.0,0
G0015937,A00501,S005,2024-12-11,127.55,129.13,100.0,0
G0015938,A00502,S005,2024-12-11,128.76,129.13,100.0,0
G0015939,A00503,S005,2024-12-11,127.21,129.13,100.0,0
G0015940,A00504,S005,2024-12-11,129.16,129.13,100.0,0
G0015941,A00505,S005,2024-12-11,130.65,129.13,100.0,0
G0015942,A00506,S005,2024-12-11,122.47,129.13,95.83,1
G0015943,A00507,S005,2024-12-11,130.97,129.13,100.0,0
G0015944,A00508,S005,2024-12-11,127.49,129.13,100.0,0
G0015945,A00501,S005,2024-12-12,197.04,304.46,100.0,0
G0015946,A00502,S005,2024-12-12,304.16,304.46,100.0,0
G0015947,A00503,S005,2024-12-12,304.57,304.46,100.0,0
G0015948,A00504,S005,2024-12-12,279.65,304.46,91.67,2
G0015949,A00505,S005,2024-12-12,303.42,304.46,100.0,0
G0015950,A00506,S005,2024-12-12,303.03,304.46,100.0,0
G0015951,A00507,S005,2024-12-12,304.35,304.46,100.0,0
G0015952,A00508,S005,2024-12-12,303.89,304.46,100.0,0
G0015953,A00501,S005,2024-12-13,287.55,313.5,100.0,0
G0015954,A00502,S005,2024-12-13,241.1,313.5,83.33,4
G0015955,A00503,S005,2024-12-13,315.31,313.5,100.0,0
G0015956,A00504,S005,2024-12-13,313.55,313.5,100.0,0
G0015957,A00505,S005,2024-12-13,205.35,313.5,100.0,0
G0015958,A00506,S005,2024-12-13,313.99,313.5,100.0,0
G0015959,A00507,S005,2024-12-13,288.75,313.5,91.67,2
G0015960,A00508,S005,2024-12-13,312.07,313.5,100.0,0
G0015961,A00501,S005,2024-12-14,274.81,313.5,95.83,1
G0015962,A00502,S005,2024-12-14,312.37,313.5,100.0,0
G0015963,A00503,S005,2024-12-14,315.23,313.5,100.0,0
G0015964,A00504,S005,2024-12-14,313.25,313.5,100.0,0
G0015965,A00505,S005,2024-12-14,286.55,313.5,91.67,2
G0015966,A00506,S005,2024-12-14,312.02,313.5,100.0,0
G0015967,A00507,S005,2024-12-14,314.77,313.5,100.0,0
G0015968,A00508,S005,2024-12-14,313.85,313.5,100.0,0
G0015969,A00501,S005,2024-12-15,101.45,101.2,100.0,0
G0015970,A00502,S005,2024-12-15,82.87,101.2,100.0,0
G0015971,A00503,S005,2024-12-15,100.91,101.2,100.0,0
G0015972,A00504,S005,2024-12-15,81.74,101.2,100.0,0
G0015973,A00505,S005,2024-12-15,100.25,101.2,100.0,0
G0015974,A00506,S005,2024-12-15,102.76,101.2,100.0,0
G0015975,A00507,S005,2024-12-15,102.96,101.2,100.0,0
G0015976,A00508,S005,2024-12-15,103.12,101.2,100.0,0
G0015977,A00501,S005,2024-12-16,195.57,195.29,100.0,0
G0015978,A00502,S005,2024-12-16,193.39,195.29,100.0,0
G0015979,A00503,S005,2024-12-16,187.81,195.29,95.83,1
G0015980,A00504,S005,2024-12-16,196.66,195.29,100.0,0
G0015981,A00505,S005,2024-12-16,193.56,195.29,100.0,0
G0015982,A00506,S005,2024-12-16,194.86,195.29,100.0,0
G0015983,A00507,S005,2024-12-16,193.56,195.29,100.0,0
G0015984,A00508,S005,2024-12-16,195.3,195.29,100.0,0
G0015985,A00501,S005,2024-12-17,16.46,16.5,100.0,0
G0015986,A00502,S005,2024-12-17,13.94,16.5,95.83,1
G0015987,A00503,S005,2024-12-17,16.45,16.5,100.0,0
G0015988,A00504,S005,2024-12-17,17.05,16.5,100.0,0
G0015989,A00505,S005,2024-12-17,15.76,16.5,91.67,2
G0015990,A00506,S005,2024-12-17,18.24,16.5,100.0,0
G0015991,A00507,S005,2024-12-17,14.73,16.5,100.0,0
G0015992,A00508,S005,2024-12-17,17.28,16.5,100.0,0
G0015993,A00501,S005,2024-12-18,71.53,71.04,100.0,0
G0015994,A00502,S005,2024-12-18,58.5,71.04,83.33,4
G0015995,A00503,S005,2024-12-18,69.46,71.04,100.0,0
G0015996,A00504,S005,2024-12-18,60.48,71.04,83.33,4
G0015997,A00505,S005,2024-12-18,69.59,71.04,100.0,0
G0015998,A00506,S005,2024-12-18,70.03,71.04,100.0,0
G0015999,A00507,S005,2024-12-18,71.99,71.04,100.0,0
G0016000,A00508,S005,2024-12-18,69.15,71.04,100.0,0
G0016001,A00501,S005,2024-12-19,155.9,154.62,100.0,0
G0016002,A00502,S005,2024-12-19,153.08,154.62,100.0,0
G0016003,A00503,S005,2024-12-19,149.87,154.62,95.83,1
G0016004,A00504,S005,2024-12-19,155.92,154.62,100.0,0
G0016005,A00505,S005,2024-12-19,155.94,154.62,100.0,0
G0016006,A00506,S005,2024-12-19,142.49,154.62,100.0,0
G0016007,A00507,S005,2024-12-19,152.7,154.62,100.0,0
G0016008,A00508,S005,2024-12-19,155.08,154.62,100.0,0
G0016009,A00501,S005,2024-12-20,40.24,39.2,100.0,0
G0016010,A00502,S005,2024-12-20,34.18,39.2,100.0,0
G0016011,A00503,S005,2024-12-20,38.79,39.2,100.0,0
G0016012,A00504,S005,2024-12-20,38.3,39.2,100.0,0
G0016013,A00505,S005,2024-12-20,38.78,39.2,100.0,0
G0016014,A00506,S005,2024-12-20,37.44,39.2,100.0,0
G0016015,A00507,S005,2024-12-20,36.34,39.2,100.0,0
G0016016,A00508,S005,2024-12-20,38.31,39.2,100.0,0
G0016017,A00501,S005,2024-12-21,312.2,313.5,100.0,0
G0016018,A00502,S005,2024-12-21,301.96,313.5,95.83,1
G0016019,A00503,S005,2024-12-21,315.41,313.5,100.0,0
G0016020,A00504,S005,2024-12-21,313.16,313.5,100.0,0
G0016021,A00505,S005,2024-12-21,312.16,313.5,100.0,0
G0016022,A00506,S005,2024-12-21,315.14,313.5,100.0,0
G0016023,A00507,S005,2024-12-21,315.31,313.5,100.0,0
G0016024,A00508,S005,2024-12-21,313.4,313.5,100.0,0
G0016025,A00501,S005,2024-12-22,62.25,66.68,100.0,0
G0016026,A00502,S005,2024-12-22,65.43,66.68,100.0,0
G0016027,A00503,S005,2024-12-22,68.36,66.68,100.0,0
G0016028,A00504,S005,2024-12-22,65.1,66.68,100.0,0
G0016029,A00505,S005,2024-12-22,65.46,66.68,100.0,0
G0016030,A00506,S005,2024-12-22,67.56,66.68,100.0,0
G0016031,A00507,S005,2024-12-22,68.65,66.68,100.0,0
G0016032,A00508,S005,2024-12-22,60.38,66.68,100.0,0
G0016033,A00501,S005,2024-12-23,187.8,189.13,100.0,0
G0016034,A00502,S005,2024-12-23,190.66,189.13,100.0,0
G0016035,A00503,S005,2024-12-23,187.21,189.13,100.0,0
G0016036,A00504,S005,2024-12-23,191.09,189.13,100.0,0
G0016037,A00505,S005,2024-12-23,175.56,189.13,100.0,0
G0016038,A00506,S005,2024-12-23,188.85,189.13,100.0,0
G0016039,A00507,S005,2024-12-23,172.16,189.13,91.67,2
G0016040,A00508,S005,2024-12-23,189.6,189.13,100.0,0
G0016041,A00501,S005,2024-12-24,79.79,106.24,91.67,2
G0016042,A00502,S005,2024-12-24,107.66,106.24,100.0,0
G0016043,A00503,S005,2024-12-24,106.26,106.24,100.0,0
G0016044,A00504,S005,2024-12-24,105.08,106.24,100.0,0
G0016045,A00505,S005,2024-12-24,99.08,106.24,100.0,0
G0016046,A00506,S005,2024-12-24,107.38,106.24,100.0,0
G0016047,A00507,S005,2024-12-24,106.29,106.24,100.0,0
G0016048,A00508,S005,2024-12-24,106.68,106.24,100.0,0
G0016049,A00501,S005,2024-12-25,106.22,104.98,100.0,0
G0016050,A00502,S005,2024-12-25,105.22,104.98,100.0,0
G0016051,A00503,S005,2024-12-25,97.48,104.98,100.0,0
G0016052,A00504,S005,2024-12-25,98.44,104.98,100.0,0
G0016053,A00505,S005,2024-12-25,105.02,104.98,100.0,0
G0016054,A00506,S005,2024-12-25,105.19,104.98,100.0,0
G0016055,A00507,S005,2024-12-25,103.34,104.98,100.0,0
G0016056,A00508,S005,2024-12-25,98.25,104.98,100.0,0
G0016057,A00501,S005,2024-12-26,241.7,240.21,100.0,0
G0016058,A00502,S005,2024-12-26,239.92,240.21,100.0,0
G0016059,A00503,S005,2024-12-26,156.35,240.21,100.0,0
G0016060,A00504,S005,2024-12-26,219.23,240.21,100.0,0
G0016061,A00505,S005,2024-12-26,240.65,240.21,100.0,0
G0016062,A00506,S005,2024-12-26,222.63,240.21,100.0,0
G0016063,A00507,S005,2024-12-26,239.69,240.21,100.0,0
G0016064,A00508,S005,2024-12-26,238.87,240.21,100.0,0
G0016065,A00501,S005,2024-12-27,112.23,112.43,100.0,0
G0016066,A00502,S005,2024-12-27,114.08,112.43,100.0,0
G0016067,A00503,S005,2024-12-27,114.26,112.43,100.0,0
G0016068,A00504,S005,2024-12-27,113.74,112.43,100.0,0
G0016069,A00505,S005,2024-12-27,113.92,112.43,100.0,0
G0016070,A00506,S005,2024-12-27,110.46,112.43,100.0,0
G0016071,A00507,S005,2024-12-27,91.73,112.43,100.0,0
G0016072,A00508,S005,2024-12-27,112.16,112.43,100.0,0
G0016073,A00501,S005,2024-12-28,201.43,200.94,100.0,0
G0016074,A00502,S005,2024-12-28,200.36,200.94,100.0,0
G0016075,A00503,S005,2024-12-28,202.31,200.94,100.0,0
G0016076,A00504,S005,2024-12-28,199.74,200.94,100.0,0
G0016077,A00505,S005,2024-12-28,200.29,200.94,100.0,0
G0016078,A00506,S005,2024-12-28,202.22,200.94,100.0,0
G0016079,A00507,S005,2024-12-28,200.76,200.94,100.0,0
G0016080,A00508,S005,2024-12-28,184.13,200.94,100.0,0
G0016081,A00501,S005,2024-12-29,190.16,206.43,100.0,0
G0016082,A00502,S005,2024-12-29,205.62,206.43,100.0,0
G0016083,A00503,S005,2024-12-29,187.94,206.43,100.0,0
G0016084,A00504,S005,2024-12-29,208.18,206.43,100.0,0
G0016085,A00505,S005,2024-12-29,206.73,206.43,100.0,0
G0016086,A00506,S005,2024-12-29,207.4,206.43,100.0,0
G0016087,A00507,S005,2024-12-29,207.08,206.43,100.0,0
G0016088,A00508,S005,2024-12-29,166.7,206.43,100.0,0
G0016089,A00501,S005,2024-12-30,313.6,313.5,100.0,0
G0016090,A00502,S005,2024-12-30,314.91,313.5,100.0,0
G0016091,A00503,S005,2024-12-30,313.51,313.5,100.0,0
G0016092,A00504,S005,2024-12-30,312.88,313.5,100.0,0
G0016093,A00505,S005,2024-12-30,289.8,313.5,100.0,0
G0016094,A00506,S005,2024-12-30,313.25,313.5,100.0,0
G0016095,A00507,S005,2024-12-30,313.11,313.5,100.0,0
G0016096,A00508,S005,2024-12-30,311.73,313.5,100.0,0
G0016097,A00501,S005,2024-12-31,119.94,129.81,100.0,0
G0016098,A00502,S005,2024-12-31,128.39,129.81,100.0,0
G0016099,A00503,S005,2024-12-31,131.36,129.81,100.0,0
G0016100,A00504,S005,2024-12-31,128.76,129.81,100.0,0
G0016101,A00505,S005,2024-12-31,118.57,129.81,100.0,0
G0016102,A00506,S005,2024-12-31,130.4,129.81,100.0,0
G0016103,A00507,S005,2024-12-31,128.48,129.81,100.0,0
G0016104,A00508,S005,2024-12-31,130.45,129.81,100.0,0
